equity,domestic,rule,rule_label,rate,has_rate,label,cec_fixed,cec_mortality,ruin_fixed,ruin_mortality,mean_consumption
0.7,0.0,constant_real,constant_real,0.03,True,"constant_real @ 3.0%, 70% equity / 0% domestic",0.9536644426432486,0.9641176654968493,0.031,0.015403093975141547,1.3495031954482843
0.7,0.0,constant_real,constant_real,0.035,True,"constant_real @ 3.5%, 70% equity / 0% domestic",0.994206803707197,1.0094774802495374,0.05928,0.028607856022793247,1.3943308962247367
0.7,0.0,constant_real,constant_real,0.04,True,"constant_real @ 4.0%, 70% equity / 0% domestic",1.0212634899198396,1.045678054975278,0.1056,0.05085153428952761,1.4366350662816432
0.7,0.0,constant_real,constant_real,0.045,True,"constant_real @ 4.5%, 70% equity / 0% domestic",1.0277398443581476,1.0669498820287484,0.17296,0.08554349479579669,1.474626663131355
0.7,0.0,constant_real,constant_real,0.05,True,"constant_real @ 5.0%, 70% equity / 0% domestic",1.0146043755217586,1.0703348898229832,0.25428,0.13029497171290946,1.5071434184549803
0.7,0.0,constant_real,constant_real,0.06,True,"constant_real @ 6.0%, 70% equity / 0% domestic",0.9527828555072241,1.0311551934270884,0.42916,0.2412342643904177,1.553615274042589
0.7,0.0,constant_percent,constant_percent,0.03,True,"constant_percent @ 3.0%, 70% equity / 0% domestic",1.0133149032128699,1.0112460822670968,0.0,0.0,1.5219517923479835
0.7,0.0,constant_percent,constant_percent,0.035,True,"constant_percent @ 3.5%, 70% equity / 0% domestic",1.047874379398331,1.0493597702164752,0.0,0.0,1.5544290292593679
0.7,0.0,constant_percent,constant_percent,0.04,True,"constant_percent @ 4.0%, 70% equity / 0% domestic",1.076406848708746,1.0820965924006973,0.0,0.0,1.5793230628573314
0.7,0.0,constant_percent,constant_percent,0.045,True,"constant_percent @ 4.5%, 70% equity / 0% domestic",1.0994034537981738,1.1098587986666821,0.0,0.0,1.5978896332458932
0.7,0.0,constant_percent,constant_percent,0.05,True,"constant_percent @ 5.0%, 70% equity / 0% domestic",1.117286213667601,1.1329737005308544,0.0,0.0,1.6112004209534176
0.7,0.0,constant_percent,constant_percent,0.06,True,"constant_percent @ 6.0%, 70% equity / 0% domestic",1.1392543115582234,1.166391759007026,0.0,0.0,1.625568347551466
0.7,0.0,guyton_klinger,guyton_klinger,0.03,True,"guyton_klinger @ 3.0%, 70% equity / 0% domestic",0.9711268370591726,0.9701466297799327,0.0,0.0,1.4608868696808144
0.7,0.0,guyton_klinger,guyton_klinger,0.035,True,"guyton_klinger @ 3.5%, 70% equity / 0% domestic",1.007852162194824,1.009508688618872,0.0,0.0,1.4996211468994727
0.7,0.0,guyton_klinger,guyton_klinger,0.04,True,"guyton_klinger @ 4.0%, 70% equity / 0% domestic",1.0399498161023137,1.044779145364308,4e-05,1.1258300121115244e-05,1.532471091290577
0.7,0.0,guyton_klinger,guyton_klinger,0.045,True,"guyton_klinger @ 4.5%, 70% equity / 0% domestic",1.0681032783197026,1.0765458408618773,8e-05,2.25697652761207e-05,1.5598661789300288
0.7,0.0,guyton_klinger,guyton_klinger,0.05,True,"guyton_klinger @ 5.0%, 70% equity / 0% domestic",1.0919115739144358,1.1044025775399517,0.00012,3.540592934450019e-05,1.582569414024043
0.7,0.0,guyton_klinger,guyton_klinger,0.06,True,"guyton_klinger @ 6.0%, 70% equity / 0% domestic",1.1283966121330282,1.14997167968877,0.00248,0.0006769321880261487,1.6166232183273141
0.7,0.0,guyton_klinger,guyton_klinger (tight band),0.03,True,"guyton_klinger (tight band) @ 3.0%, 70% equity / 0% domestic",0.9877540803036493,0.9859117131652122,0.0,0.0,1.488451620525142
0.7,0.0,guyton_klinger,guyton_klinger (tight band),0.035,True,"guyton_klinger (tight band) @ 3.5%, 70% equity / 0% domestic",1.0242527839385964,1.0251105729473946,0.0,0.0,1.5273143401698452
0.7,0.0,guyton_klinger,guyton_klinger (tight band),0.04,True,"guyton_klinger (tight band) @ 4.0%, 70% equity / 0% domestic",1.0557648080000053,1.0598891217140847,0.0,0.0,1.559318055016415
0.7,0.0,guyton_klinger,guyton_klinger (tight band),0.045,True,"guyton_klinger (tight band) @ 4.5%, 70% equity / 0% domestic",1.0824602707930746,1.0902681911698298,4e-05,9.76827368647285e-06,1.5851493028621946
0.7,0.0,guyton_klinger,guyton_klinger (tight band),0.05,True,"guyton_klinger (tight band) @ 5.0%, 70% equity / 0% domestic",1.1046681890653733,1.1164827474521153,0.00016,4.5086365518351184e-05,1.6056921688401147
0.7,0.0,guyton_klinger,guyton_klinger (tight band),0.06,True,"guyton_klinger (tight band) @ 6.0%, 70% equity / 0% domestic",1.1375766742956561,1.1581428532437574,0.00132,0.00036933733474750854,1.6351095666262496
0.7,0.0,guyton_klinger,guyton_klinger (no inflation rule),0.03,True,"guyton_klinger (no inflation rule) @ 3.0%, 70% equity / 0% domestic",1.0078502829173532,1.0037551752931235,0.01104,0.0049891090939330595,1.490878793487362
0.7,0.0,guyton_klinger,guyton_klinger (no inflation rule),0.035,True,"guyton_klinger (no inflation rule) @ 3.5%, 70% equity / 0% domestic",1.0467626232714526,1.0461481020878298,0.01596,0.007543223903540397,1.531726245334834
0.7,0.0,guyton_klinger,guyton_klinger (no inflation rule),0.04,True,"guyton_klinger (no inflation rule) @ 4.0%, 70% equity / 0% domestic",1.0794017571182477,1.0830688982503418,0.02192,0.010448940723000483,1.5660111842283102
0.7,0.0,guyton_klinger,guyton_klinger (no inflation rule),0.045,True,"guyton_klinger (no inflation rule) @ 4.5%, 70% equity / 0% domestic",1.1052354200191623,1.1146402593865465,0.03424,0.015282114636888888,1.594734943843845
0.7,0.0,guyton_klinger,guyton_klinger (no inflation rule),0.05,True,"guyton_klinger (no inflation rule) @ 5.0%, 70% equity / 0% domestic",1.122892193562998,1.1401566124852258,0.05728,0.023749764149041612,1.6177555997793343
0.7,0.0,guyton_klinger,guyton_klinger (no inflation rule),0.06,True,"guyton_klinger (no inflation rule) @ 6.0%, 70% equity / 0% domestic",1.1274751313558071,1.1685476506825936,0.1426,0.05600370821794715,1.648770929650461
0.7,0.0,vanguard_dynamic,vanguard_dynamic,0.03,True,"vanguard_dynamic @ 3.0%, 70% equity / 0% domestic",1.0111358234069012,1.0107149697189186,0.01688,0.009084379436678829,1.4620022134573338
0.7,0.0,vanguard_dynamic,vanguard_dynamic,0.035,True,"vanguard_dynamic @ 3.5%, 70% equity / 0% domestic",1.0505479215919589,1.0547830317559708,0.026,0.01368440692594721,1.5061454248732262
0.7,0.0,vanguard_dynamic,vanguard_dynamic,0.04,True,"vanguard_dynamic @ 4.0%, 70% equity / 0% domestic",1.080291557927376,1.0917812617732443,0.04428,0.0222585413362938,1.5436477142472105
0.7,0.0,vanguard_dynamic,vanguard_dynamic,0.045,True,"vanguard_dynamic @ 4.5%, 70% equity / 0% domestic",1.0976566968429307,1.1196482042839229,0.07232,0.03601521171091543,1.5744399746451332
0.7,0.0,vanguard_dynamic,vanguard_dynamic,0.05,True,"vanguard_dynamic @ 5.0%, 70% equity / 0% domestic",1.0985351754704653,1.135319076194955,0.1202,0.0587980290091319,1.5989618911167844
0.7,0.0,vanguard_dynamic,vanguard_dynamic,0.06,True,"vanguard_dynamic @ 6.0%, 70% equity / 0% domestic",1.0460537880310905,1.1165568405647153,0.2664,0.13721522931322805,1.6290210424607434
0.7,0.0,vanguard_dynamic,vanguard_dynamic (asymmetric),0.03,True,"vanguard_dynamic (asymmetric) @ 3.0%, 70% equity / 0% domestic",0.9717949297866697,0.9758136828936355,0.00804,0.0044398484431794035,1.389212480927898
0.7,0.0,vanguard_dynamic,vanguard_dynamic (asymmetric),0.035,True,"vanguard_dynamic (asymmetric) @ 3.5%, 70% equity / 0% domestic",1.0116032141673112,1.0187650440409848,0.01252,0.007138742177418724,1.4314676695002249
0.7,0.0,vanguard_dynamic,vanguard_dynamic (asymmetric),0.04,True,"vanguard_dynamic (asymmetric) @ 4.0%, 70% equity / 0% domestic",1.0455671371305633,1.0568666686596886,0.01736,0.00984750993158513,1.4696923217536286
0.7,0.0,vanguard_dynamic,vanguard_dynamic (asymmetric),0.045,True,"vanguard_dynamic (asymmetric) @ 4.5%, 70% equity / 0% domestic",1.0730485334783193,1.0897913214290553,0.02568,0.014095696332673997,1.503584223927127
0.7,0.0,vanguard_dynamic,vanguard_dynamic (asymmetric),0.05,True,"vanguard_dynamic (asymmetric) @ 5.0%, 70% equity / 0% domestic",1.0921797539952087,1.1161977571873225,0.03848,0.020933105182563774,1.5328743144884969
0.7,0.0,vanguard_dynamic,vanguard_dynamic (asymmetric),0.06,True,"vanguard_dynamic (asymmetric) @ 6.0%, 70% equity / 0% domestic",1.100858790018246,1.1450459385081158,0.09188,0.04799405276228567,1.5771663592822915
0.7,0.0,endowment,endowment,0.03,True,"endowment @ 3.0%, 70% equity / 0% domestic",1.0109627957718104,1.0092949359851138,0.0002,0.00011875978286268979,1.5050815809745766
0.7,0.0,endowment,endowment,0.035,True,"endowment @ 3.5%, 70% equity / 0% domestic",1.0477170745919535,1.0500377601717965,0.00028,0.00017407129463251878,1.5407716541519585
0.7,0.0,endowment,endowment,0.04,True,"endowment @ 4.0%, 70% equity / 0% domestic",1.0779891088600457,1.085241670755288,0.00048,0.00028883902954670725,1.5689618070348028
0.7,0.0,endowment,endowment,0.045,True,"endowment @ 4.5%, 70% equity / 0% domestic",1.101927229032698,1.115006715587875,0.00116,0.0007314053821918108,1.5906041902118326
0.7,0.0,endowment,endowment,0.05,True,"endowment @ 5.0%, 70% equity / 0% domestic",1.1196580696250662,1.1393742351393104,0.00192,0.001171771013315094,1.6065598918412198
0.7,0.0,endowment,endowment,0.06,True,"endowment @ 6.0%, 70% equity / 0% domestic",1.1366282492433535,1.171470855126444,0.00928,0.005479673523107574,1.6244188394472787
0.7,0.0,endowment,endowment (light smoothing),0.03,True,"endowment (light smoothing) @ 3.0%, 70% equity / 0% domestic",1.0133290192717046,1.011309767660277,0.0,0.0,1.5189866940414973
0.7,0.0,endowment,endowment (light smoothing),0.035,True,"endowment (light smoothing) @ 3.5%, 70% equity / 0% domestic",1.0484086113797777,1.0500358256042284,0.0,0.0,1.5521137288829103
0.7,0.0,endowment,endowment (light smoothing),0.04,True,"endowment (light smoothing) @ 4.0%, 70% equity / 0% domestic",1.0773665687925527,1.0833371498611017,0.0,0.0,1.5776352338988433
0.7,0.0,endowment,endowment (light smoothing),0.045,True,"endowment (light smoothing) @ 4.5%, 70% equity / 0% domestic",1.1006456994507037,1.1115685484197813,0.0,0.0,1.596753914899195
0.7,0.0,endowment,endowment (light smoothing),0.05,True,"endowment (light smoothing) @ 5.0%, 70% equity / 0% domestic",1.1186283563122295,1.135014838035969,0.0,0.0,1.6105086088420522
0.7,0.0,endowment,endowment (light smoothing),0.06,True,"endowment (light smoothing) @ 6.0%, 70% equity / 0% domestic",1.1401386728676168,1.1685420155586406,0.0,0.0,1.6253810367737633
0.7,0.0,life_expectancy,life_expectancy,,False,"life_expectancy, 70% equity / 0% domestic",1.142317165259843,1.1317191657253922,0.0,0.0,1.9360177866014965
0.7,0.0,life_expectancy,life_expectancy (+5y buffer),,False,"life_expectancy (+5y buffer), 70% equity / 0% domestic",1.096172238834082,1.075656300575248,0.0,0.0,1.8117475630619833
0.7,0.0,gompertz,gompertz,,False,"gompertz, 70% equity / 0% domestic",1.1974919609823331,1.20980744949436,0.0,0.0,1.758005798644073
0.7,0.0,gompertz,gompertz (+5y buffer),,False,"gompertz (+5y buffer), 70% equity / 0% domestic",1.14656870085926,1.1415007311598675,0.0,0.0,1.7327004827635948
0.7,0.0,amortisation,amortisation (0% assumed return),,False,"amortisation (0% assumed return), 70% equity / 0% domestic",1.142317165259843,1.1317191657253922,0.0,0.0,1.9360177866014965
0.7,0.0,amortisation,amortisation (2% assumed return),,False,"amortisation (2% assumed return), 70% equity / 0% domestic",1.1870513977624733,1.1920525819550876,0.0,0.0,1.8557288477442062
0.7,0.0,amortisation,amortisation (4% assumed return),,False,"amortisation (4% assumed return), 70% equity / 0% domestic",1.2035887413841575,1.2294914814409976,0.0,0.0,1.7824298486209162
0.7,0.1,constant_real,constant_real,0.03,True,"constant_real @ 3.0%, 70% equity / 10% domestic",0.9507538749932806,0.9611191048082076,0.03032,0.015114032455656352,1.3446191535767786
0.7,0.1,constant_real,constant_real,0.035,True,"constant_real @ 3.5%, 70% equity / 10% domestic",0.9912076140536242,1.006348488766376,0.05916,0.02853456598632437,1.388661506485962
0.7,0.1,constant_real,constant_real,0.04,True,"constant_real @ 4.0%, 70% equity / 10% domestic",1.0183248782785905,1.0425103471145991,0.10584,0.05085376393377746,1.4302658473590717
0.7,0.1,constant_real,constant_real,0.045,True,"constant_real @ 4.5%, 70% equity / 10% domestic",1.025993984914434,1.064480646787395,0.17352,0.08513229676505656,1.4676935056314777
0.7,0.1,constant_real,constant_real,0.05,True,"constant_real @ 5.0%, 70% equity / 10% domestic",1.0133532202955178,1.0686086622679765,0.25504,0.1301599847973188,1.499705104265626
0.7,0.1,constant_real,constant_real,0.06,True,"constant_real @ 6.0%, 70% equity / 10% domestic",0.9519782789244993,1.0304346364713497,0.43292,0.2423016800374251,1.5452958832795824
0.7,0.1,constant_percent,constant_percent,0.03,True,"constant_percent @ 3.0%, 70% equity / 10% domestic",1.0086635585062946,1.0068118388899576,0.0,0.0,1.5094343941857624
0.7,0.1,constant_percent,constant_percent,0.035,True,"constant_percent @ 3.5%, 70% equity / 10% domestic",1.043009895306041,1.0447158754342385,0.0,0.0,1.541130696158494
0.7,0.1,constant_percent,constant_percent,0.04,True,"constant_percent @ 4.0%, 70% equity / 10% domestic",1.0713693653533487,1.0772838974261434,0.0,0.0,1.5654652910732336
0.7,0.1,constant_percent,constant_percent,0.045,True,"constant_percent @ 4.5%, 70% equity / 10% domestic",1.0942233005346436,1.1049079020082042,0.0,0.0,1.583655085642355
0.7,0.1,constant_percent,constant_percent,0.05,True,"constant_percent @ 5.0%, 70% equity / 10% domestic",1.111987105379414,1.1279076946050712,0.0,0.0,1.5967387892856744
0.7,0.1,constant_percent,constant_percent,0.06,True,"constant_percent @ 6.0%, 70% equity / 10% domestic",1.1337738963346964,1.1611452761744316,0.0,0.0,1.6109942729607607
0.7,0.1,guyton_klinger,guyton_klinger,0.03,True,"guyton_klinger @ 3.0%, 70% equity / 10% domestic",0.9670015632575768,0.966168878317739,0.0,0.0,1.452363116324316
0.7,0.1,guyton_klinger,guyton_klinger,0.035,True,"guyton_klinger @ 3.5%, 70% equity / 10% domestic",1.0035132372122149,1.005305362703759,0.0,0.0,1.4901856452375584
0.7,0.1,guyton_klinger,guyton_klinger,0.04,True,"guyton_klinger @ 4.0%, 70% equity / 10% domestic",1.0355011409740196,1.0404554111080446,0.0,0.0,1.521879540309747
0.7,0.1,guyton_klinger,guyton_klinger,0.045,True,"guyton_klinger @ 4.5%, 70% equity / 10% domestic",1.0630350867748495,1.0716380380971497,4e-05,1.1258300121115244e-05,1.5484774640170988
0.7,0.1,guyton_klinger,guyton_klinger,0.05,True,"guyton_klinger @ 5.0%, 70% equity / 10% domestic",1.0867714235654824,1.0993966964932225,0.00012,3.233803896259355e-05,1.5705280720981085
0.7,0.1,guyton_klinger,guyton_klinger,0.06,True,"guyton_klinger @ 6.0%, 70% equity / 10% domestic",1.1227245811255095,1.1445419295191468,0.00248,0.0006831396263790105,1.6034623542977602
0.7,0.1,guyton_klinger,guyton_klinger (tight band),0.03,True,"guyton_klinger (tight band) @ 3.0%, 70% equity / 10% domestic",0.9837524360209609,0.9820995391148878,0.0,0.0,1.4794235246073657
0.7,0.1,guyton_klinger,guyton_klinger (tight band),0.035,True,"guyton_klinger (tight band) @ 3.5%, 70% equity / 10% domestic",1.0200847239972688,1.0211309319619222,0.0,0.0,1.5172335838184128
0.7,0.1,guyton_klinger,guyton_klinger (tight band),0.04,True,"guyton_klinger (tight band) @ 4.0%, 70% equity / 10% domestic",1.051346220695046,1.0556442774772774,0.0,0.0,1.5481698016129612
0.7,0.1,guyton_klinger,guyton_klinger (tight band),0.045,True,"guyton_klinger (tight band) @ 4.5%, 70% equity / 10% domestic",1.077786600358116,1.0858137226513331,0.0,0.0,1.5731580519087531
0.7,0.1,guyton_klinger,guyton_klinger (tight band),0.05,True,"guyton_klinger (tight band) @ 5.0%, 70% equity / 10% domestic",1.0999848687843408,1.112087843896132,0.00012,3.382806539723594e-05,1.5932149980745294
0.7,0.1,guyton_klinger,guyton_klinger (tight band),0.06,True,"guyton_klinger (tight band) @ 6.0%, 70% equity / 10% domestic",1.132454076630526,1.1533238055335424,0.00104,0.0002858118219814822,1.6213237014052275
0.7,0.1,guyton_klinger,guyton_klinger (no inflation rule),0.03,True,"guyton_klinger (no inflation rule) @ 3.0%, 70% equity / 10% domestic",1.0034308325777586,0.9994479898588421,0.0098,0.004377495935108668,1.4802840139576865
0.7,0.1,guyton_klinger,guyton_klinger (no inflation rule),0.035,True,"guyton_klinger (no inflation rule) @ 3.5%, 70% equity / 10% domestic",1.0424411045709197,1.0418029936533546,0.01532,0.006978214360273496,1.5200840363032802
0.7,0.1,guyton_klinger,guyton_klinger (no inflation rule),0.04,True,"guyton_klinger (no inflation rule) @ 4.0%, 70% equity / 10% domestic",1.0750115410627903,1.0787323205843296,0.02124,0.009964805464658852,1.5535920643597811
0.7,0.1,guyton_klinger,guyton_klinger (no inflation rule),0.045,True,"guyton_klinger (no inflation rule) @ 4.5%, 70% equity / 10% domestic",1.1008460859210736,1.1102215360299388,0.0338,0.014806206454228563,1.581451675980387
0.7,0.1,guyton_klinger,guyton_klinger (no inflation rule),0.05,True,"guyton_klinger (no inflation rule) @ 5.0%, 70% equity / 10% domestic",1.1184569562194588,1.1357349369789083,0.05668,0.02333755614927796,1.604169387587175
0.7,0.1,guyton_klinger,guyton_klinger (no inflation rule),0.06,True,"guyton_klinger (no inflation rule) @ 6.0%, 70% equity / 10% domestic",1.1240634698539007,1.1646472936794143,0.14148,0.05525196758340442,1.6344434255730613
0.7,0.1,vanguard_dynamic,vanguard_dynamic,0.03,True,"vanguard_dynamic @ 3.0%, 70% equity / 10% domestic",1.0078742391262967,1.0074162159264384,0.01652,0.008583076022321957,1.454481541789919
0.7,0.1,vanguard_dynamic,vanguard_dynamic,0.035,True,"vanguard_dynamic @ 3.5%, 70% equity / 10% domestic",1.047087443552979,1.0513281881117358,0.02632,0.013593915282273815,1.497564949657105
0.7,0.1,vanguard_dynamic,vanguard_dynamic,0.04,True,"vanguard_dynamic @ 4.0%, 70% equity / 10% domestic",1.0765370584481517,1.0881409233871777,0.04484,0.022405494835257056,1.5338565381061597
0.7,0.1,vanguard_dynamic,vanguard_dynamic,0.045,True,"vanguard_dynamic @ 4.5%, 70% equity / 10% domestic",1.093353374877321,1.1156318014956408,0.07352,0.036553742631234315,1.5637098416349429
0.7,0.1,vanguard_dynamic,vanguard_dynamic,0.05,True,"vanguard_dynamic @ 5.0%, 70% equity / 10% domestic",1.094919733250058,1.1313935735898022,0.12008,0.059022146095899716,1.5873269223872095
0.7,0.1,vanguard_dynamic,vanguard_dynamic,0.06,True,"vanguard_dynamic @ 6.0%, 70% equity / 10% domestic",1.0448136026488908,1.1145941370088956,0.2652,0.13630600720751804,1.6164187881554914
0.7,0.1,vanguard_dynamic,vanguard_dynamic (asymmetric),0.03,True,"vanguard_dynamic (asymmetric) @ 3.0%, 70% equity / 10% domestic",0.9685015215010583,0.9724728647762694,0.00676,0.003785243476610964,1.3836284020359053
0.7,0.1,vanguard_dynamic,vanguard_dynamic (asymmetric),0.035,True,"vanguard_dynamic (asymmetric) @ 3.5%, 70% equity / 10% domestic",1.0084924961346642,1.0155446354541977,0.01084,0.006203187781922338,1.4251615949143097
0.7,0.1,vanguard_dynamic,vanguard_dynamic (asymmetric),0.04,True,"vanguard_dynamic (asymmetric) @ 4.0%, 70% equity / 10% domestic",1.0421974682872177,1.05345418830706,0.01712,0.009496833378055933,1.4625771856410725
0.7,0.1,vanguard_dynamic,vanguard_dynamic (asymmetric),0.045,True,"vanguard_dynamic (asymmetric) @ 4.5%, 70% equity / 10% domestic",1.069599691101454,1.086340418209527,0.02564,0.01387599289134326,1.4956728217130029
0.7,0.1,vanguard_dynamic,vanguard_dynamic (asymmetric),0.05,True,"vanguard_dynamic (asymmetric) @ 5.0%, 70% equity / 10% domestic",1.0887589576454473,1.1127834106523027,0.03948,0.021023448948454197,1.5242758026640386
0.7,0.1,vanguard_dynamic,vanguard_dynamic (asymmetric),0.06,True,"vanguard_dynamic (asymmetric) @ 6.0%, 70% equity / 10% domestic",1.0970546172726954,1.141176860396833,0.092,0.04828899695304799,1.5672306141826555
0.7,0.1,endowment,endowment,0.03,True,"endowment @ 3.0%, 70% equity / 10% domestic",1.006310010907201,1.0048345490211457,0.00012,7.159077429300346e-05,1.4933957193412293
0.7,0.1,endowment,endowment,0.035,True,"endowment @ 3.5%, 70% equity / 10% domestic",1.0428688003377038,1.0453648184597653,0.00024,0.00013676016703236885,1.5282211611407253
0.7,0.1,endowment,endowment,0.04,True,"endowment @ 4.0%, 70% equity / 10% domestic",1.073019678033467,1.080422310233359,0.00028,0.0001769900197002875,1.5557605221775306
0.7,0.1,endowment,endowment,0.045,True,"endowment @ 4.5%, 70% equity / 10% domestic",1.0969143637393763,1.1101126876445622,0.00076,0.00043263522721026434,1.5769382393778297
0.7,0.1,endowment,endowment,0.05,True,"endowment @ 5.0%, 70% equity / 10% domestic",1.1146517297169989,1.1344481943074896,0.00156,0.0009463153209578828,1.5925883286948288
0.7,0.1,endowment,endowment,0.06,True,"endowment @ 6.0%, 70% equity / 10% domestic",1.1321209553303162,1.1669957507951116,0.0058,0.0031433407309528353,1.610236738019106
0.7,0.1,endowment,endowment (light smoothing),0.03,True,"endowment (light smoothing) @ 3.0%, 70% equity / 10% domestic",1.008641197505285,1.0068380004765816,0.0,0.0,1.506621991616128
0.7,0.1,endowment,endowment (light smoothing),0.035,True,"endowment (light smoothing) @ 3.5%, 70% equity / 10% domestic",1.0435015526421612,1.0453464055749924,0.0,0.0,1.5389499908650448
0.7,0.1,endowment,endowment (light smoothing),0.04,True,"endowment (light smoothing) @ 4.0%, 70% equity / 10% domestic",1.0722830788352724,1.078473110882017,0.0,0.0,1.5638937557801627
0.7,0.1,endowment,endowment (light smoothing),0.045,True,"endowment (light smoothing) @ 4.5%, 70% equity / 10% domestic",1.0954188193835759,1.1065627773639575,0.0,0.0,1.582619073305782
0.7,0.1,endowment,endowment (light smoothing),0.05,True,"endowment (light smoothing) @ 5.0%, 70% equity / 10% domestic",1.1132844948170815,1.1298927450103966,0.0,0.0,1.5961330271543253
0.7,0.1,endowment,endowment (light smoothing),0.06,True,"endowment (light smoothing) @ 6.0%, 70% equity / 10% domestic",1.134625407532652,1.1632439419713438,0.0,0.0,1.6108768494157268
0.7,0.1,life_expectancy,life_expectancy,,False,"life_expectancy, 70% equity / 10% domestic",1.1379031393789814,1.1272259760553154,0.0,0.0,1.9110312601434027
0.7,0.1,life_expectancy,life_expectancy (+5y buffer),,False,"life_expectancy (+5y buffer), 70% equity / 10% domestic",1.0915724161780038,1.0712306472051782,0.0,0.0,1.7903305403836176
0.7,0.1,gompertz,gompertz,,False,"gompertz, 70% equity / 10% domestic",1.1921265194156774,1.2047574632874443,0.0,0.0,1.7395310248418705
0.7,0.1,gompertz,gompertz (+5y buffer),,False,"gompertz (+5y buffer), 70% equity / 10% domestic",1.1415224799020802,1.1366970402837717,0.0,0.0,1.7143943952570433
0.7,0.1,amortisation,amortisation (0% assumed return),,False,"amortisation (0% assumed return), 70% equity / 10% domestic",1.1379031393789814,1.1272259760553154,0.0,0.0,1.9110312601434027
0.7,0.1,amortisation,amortisation (2% assumed return),,False,"amortisation (2% assumed return), 70% equity / 10% domestic",1.1823558721787621,1.1872748910030233,0.0,0.0,1.8337705084067348
0.7,0.1,amortisation,amortisation (4% assumed return),,False,"amortisation (4% assumed return), 70% equity / 10% domestic",1.1985878280324962,1.2244530872083574,0.0,0.0,1.7632062017793064
0.7,0.2,constant_real,constant_real,0.03,True,"constant_real @ 3.0%, 70% equity / 20% domestic",0.9452256194940224,0.9556516730863649,0.03312,0.01615768712117165,1.3396286602649174
0.7,0.2,constant_real,constant_real,0.035,True,"constant_real @ 3.5%, 70% equity / 20% domestic",0.9847002320500795,0.9999851627306924,0.06164,0.02995543702512713,1.3828178598648666
0.7,0.2,constant_real,constant_real,0.04,True,"constant_real @ 4.0%, 70% equity / 20% domestic",1.0109030414699414,1.0352473242553408,0.11076,0.05334198306917968,1.4234899745066356
0.7,0.2,constant_real,constant_real,0.045,True,"constant_real @ 4.5%, 70% equity / 20% domestic",1.01916140830764,1.0570816408220476,0.17604,0.0870131738349183,1.4602661082627426
0.7,0.2,constant_real,constant_real,0.05,True,"constant_real @ 5.0%, 70% equity / 20% domestic",1.0077253802764534,1.061936383235997,0.25832,0.13205708422708545,1.491839546439309
0.7,0.2,constant_real,constant_real,0.06,True,"constant_real @ 6.0%, 70% equity / 20% domestic",0.9482297039067928,1.025801093114923,0.43868,0.24519849322005907,1.5364178127035963
0.7,0.2,constant_percent,constant_percent,0.03,True,"constant_percent @ 3.0%, 70% equity / 20% domestic",1.0001777005007966,0.9988712604806235,0.0,0.0,1.4973999888638783
0.7,0.2,constant_percent,constant_percent,0.035,True,"constant_percent @ 3.5%, 70% equity / 20% domestic",1.0337636475047993,1.036013505763824,0.0,0.0,1.5283378505533298
0.7,0.2,constant_percent,constant_percent,0.04,True,"constant_percent @ 4.0%, 70% equity / 20% domestic",1.0614706223774395,1.0679083085776226,0.0,0.0,1.552126109425457
0.7,0.2,constant_percent,constant_percent,0.045,True,"constant_percent @ 4.5%, 70% equity / 20% domestic",1.083778731125651,1.094945977875962,0.0,0.0,1.5699446466022944
0.7,0.2,constant_percent,constant_percent,0.05,True,"constant_percent @ 5.0%, 70% equity / 20% domestic",1.1011026362675889,1.1174457018899735,0.0,0.0,1.5828007220604277
0.7,0.2,constant_percent,constant_percent,0.06,True,"constant_percent @ 6.0%, 70% equity / 20% domestic",1.1223217922660842,1.1499406551404034,0.0,0.0,1.596929382968599
0.7,0.2,guyton_klinger,guyton_klinger,0.03,True,"guyton_klinger @ 3.0%, 70% equity / 20% domestic",0.9600859293305456,0.9596308535932943,0.0,0.0,1.4432056553568116
0.7,0.2,guyton_klinger,guyton_klinger,0.035,True,"guyton_klinger @ 3.5%, 70% equity / 20% domestic",0.9959592597952568,0.9981274450856966,0.0,0.0,1.4799999367713612
0.7,0.2,guyton_klinger,guyton_klinger,0.04,True,"guyton_klinger @ 4.0%, 70% equity / 20% domestic",1.027352251624666,1.032677791264126,0.0,0.0,1.5109551338056377
0.7,0.2,guyton_klinger,guyton_klinger,0.045,True,"guyton_klinger @ 4.5%, 70% equity / 20% domestic",1.0546214901880295,1.0635636284997698,4e-05,9.76827368647285e-06,1.5368173096639375
0.7,0.2,guyton_klinger,guyton_klinger,0.05,True,"guyton_klinger @ 5.0%, 70% equity / 20% domestic",1.0777908802281555,1.0907091935540763,0.00012,3.2284873928703335e-05,1.5582282358357642
0.7,0.2,guyton_klinger,guyton_klinger,0.06,True,"guyton_klinger @ 6.0%, 70% equity / 20% domestic",1.1126841566216454,1.1347362039006725,0.00196,0.0005346230373728187,1.5902545409099664
0.7,0.2,guyton_klinger,guyton_klinger (tight band),0.03,True,"guyton_klinger (tight band) @ 3.0%, 70% equity / 20% domestic",0.9765004138250153,0.9752376588548831,0.0,0.0,1.4696088899525657
0.7,0.2,guyton_klinger,guyton_klinger (tight band),0.035,True,"guyton_klinger (tight band) @ 3.5%, 70% equity / 20% domestic",1.0121714926365493,1.0136298385833127,0.0,0.0,1.5062522653389805
0.7,0.2,guyton_klinger,guyton_klinger (tight band),0.04,True,"guyton_klinger (tight band) @ 4.0%, 70% equity / 20% domestic",1.042696973423836,1.0473892826508706,0.0,0.0,1.5363735870189779
0.7,0.2,guyton_klinger,guyton_klinger (tight band),0.045,True,"guyton_klinger (tight band) @ 4.5%, 70% equity / 20% domestic",1.0687286104896037,1.0771040125098714,0.0,0.0,1.5608098481179051
0.7,0.2,guyton_klinger,guyton_klinger (tight band),0.05,True,"guyton_klinger (tight band) @ 5.0%, 70% equity / 20% domestic",1.0905346361622266,1.1029307827670067,4e-05,9.76827368647285e-06,1.5803655413618596
0.7,0.2,guyton_klinger,guyton_klinger (tight band),0.06,True,"guyton_klinger (tight band) @ 6.0%, 70% equity / 20% domestic",1.1222381493157707,1.143494500681576,0.00104,0.0002750828185475801,1.6077234402291223
0.7,0.2,guyton_klinger,guyton_klinger (no inflation rule),0.03,True,"guyton_klinger (no inflation rule) @ 3.0%, 70% equity / 20% domestic",0.9956726508692687,0.9920650916213687,0.00944,0.004183322714886707,1.4700605041393768
0.7,0.2,guyton_klinger,guyton_klinger (no inflation rule),0.035,True,"guyton_klinger (no inflation rule) @ 3.5%, 70% equity / 20% domestic",1.0341506888610577,1.0338498038865036,0.01488,0.006712065805210414,1.5088007516395268
0.7,0.2,guyton_klinger,guyton_klinger (no inflation rule),0.04,True,"guyton_klinger (no inflation rule) @ 4.0%, 70% equity / 20% domestic",1.06607701501453,1.0701424752218869,0.02208,0.009983666394447331,1.5414956622265197
0.7,0.2,guyton_klinger,guyton_klinger (no inflation rule),0.045,True,"guyton_klinger (no inflation rule) @ 4.5%, 70% equity / 20% domestic",1.091516084524073,1.1012161893106065,0.03608,0.015342623354477024,1.5685644939179268
0.7,0.2,guyton_klinger,guyton_klinger (no inflation rule),0.05,True,"guyton_klinger (no inflation rule) @ 5.0%, 70% equity / 20% domestic",1.1085996899865347,1.1261273171191621,0.0582,0.023901660911389244,1.5906122684492285
0.7,0.2,guyton_klinger,guyton_klinger (no inflation rule),0.06,True,"guyton_klinger (no inflation rule) @ 6.0%, 70% equity / 20% domestic",1.1135927310420508,1.1542009321027753,0.14732,0.05771054393653887,1.62045159714259
0.7,0.2,vanguard_dynamic,vanguard_dynamic,0.03,True,"vanguard_dynamic @ 3.0%, 70% equity / 20% domestic",1.0010514923521117,1.0008785397278204,0.01704,0.008579961122076018,1.4464783315216596
0.7,0.2,vanguard_dynamic,vanguard_dynamic,0.035,True,"vanguard_dynamic @ 3.5%, 70% equity / 20% domestic",1.039235460464806,1.043949584881723,0.02828,0.014376976142672493,1.488420333928897
0.7,0.2,vanguard_dynamic,vanguard_dynamic,0.04,True,"vanguard_dynamic @ 4.0%, 70% equity / 20% domestic",1.0673375255086088,1.0796221036981684,0.04892,0.024165763899792636,1.5235386416691798
0.7,0.2,vanguard_dynamic,vanguard_dynamic,0.045,True,"vanguard_dynamic @ 4.5%, 70% equity / 20% domestic",1.0833195987820123,1.1061128917196021,0.07768,0.03886774144703592,1.552532750203328
0.7,0.2,vanguard_dynamic,vanguard_dynamic,0.05,True,"vanguard_dynamic @ 5.0%, 70% equity / 20% domestic",1.084401993941395,1.1211047756960089,0.12472,0.06203276604542323,1.5753416628128822
0.7,0.2,vanguard_dynamic,vanguard_dynamic,0.06,True,"vanguard_dynamic @ 6.0%, 70% equity / 20% domestic",1.0377626294711395,1.1065545607664897,0.2708,0.13915964481506563,1.6036300248257822
0.7,0.2,vanguard_dynamic,vanguard_dynamic (asymmetric),0.03,True,"vanguard_dynamic (asymmetric) @ 3.0%, 70% equity / 20% domestic",0.9621926422247474,0.9663601019236151,0.00608,0.0035145757633780017,1.3776028928468387
0.7,0.2,vanguard_dynamic,vanguard_dynamic (asymmetric),0.035,True,"vanguard_dynamic (asymmetric) @ 3.5%, 70% equity / 20% domestic",1.0016648955849088,1.0088742409577258,0.0104,0.0059187871894217986,1.4182623409577853
0.7,0.2,vanguard_dynamic,vanguard_dynamic (asymmetric),0.04,True,"vanguard_dynamic (asymmetric) @ 4.0%, 70% equity / 20% domestic",1.0347051128744928,1.0462103056178602,0.0178,0.00962610126667337,1.4548755714263417
0.7,0.2,vanguard_dynamic,vanguard_dynamic (asymmetric),0.045,True,"vanguard_dynamic (asymmetric) @ 4.5%, 70% equity / 20% domestic",1.061248298224066,1.0783353220505607,0.0278,0.014811515115804023,1.487227844467608
0.7,0.2,vanguard_dynamic,vanguard_dynamic (asymmetric),0.05,True,"vanguard_dynamic (asymmetric) @ 5.0%, 70% equity / 20% domestic",1.0796361629830873,1.104030804498198,0.0422,0.02254739372576311,1.5150637388353874
0.7,0.2,vanguard_dynamic,vanguard_dynamic (asymmetric),0.06,True,"vanguard_dynamic (asymmetric) @ 6.0%, 70% equity / 20% domestic",1.0871492912173697,1.131235710420307,0.09672,0.0508935506175782,1.556556480238742
0.7,0.2,endowment,endowment,0.03,True,"endowment @ 3.0%, 70% equity / 20% domestic",0.998042446608624,0.9970955559928695,0.00012,6.716704047203282e-05,1.482130126814764
0.7,0.2,endowment,endowment,0.035,True,"endowment @ 3.5%, 70% equity / 20% domestic",1.0338210803355274,1.036837015703256,0.00016,8.91178286098268e-05,1.516115274223887
0.7,0.2,endowment,endowment,0.04,True,"endowment @ 4.0%, 70% equity / 20% domestic",1.0633153888361033,1.071201335289073,0.00028,0.00016898396171201085,1.5430192564006788
0.7,0.2,endowment,endowment,0.045,True,"endowment @ 4.5%, 70% equity / 20% domestic",1.0866984392523449,1.1003098509119025,0.00048,0.00027715586396989266,1.5637400722172103
0.7,0.2,endowment,endowment,0.05,True,"endowment @ 5.0%, 70% equity / 20% domestic",1.104070966488604,1.1241828927806676,0.00104,0.0006596724544855855,1.5790867637161252
0.7,0.2,endowment,endowment,0.06,True,"endowment @ 6.0%, 70% equity / 20% domestic",1.1213029746447372,1.1562163856912198,0.00396,0.0022411647095710177,1.5965026916173224
0.7,0.2,endowment,endowment (light smoothing),0.03,True,"endowment (light smoothing) @ 3.0%, 70% equity / 20% domestic",1.0001639241749136,0.9989076165977406,0.0,0.0,1.4947274014717407
0.7,0.2,endowment,endowment (light smoothing),0.035,True,"endowment (light smoothing) @ 3.5%, 70% equity / 20% domestic",1.034250877763472,1.036641124731708,0.0,0.0,1.5262792354882961
0.7,0.2,endowment,endowment (light smoothing),0.04,True,"endowment (light smoothing) @ 4.0%, 70% equity / 20% domestic",1.0623680075105935,1.0690815123200441,0.0,0.0,1.5506588209232264
0.7,0.2,endowment,endowment (light smoothing),0.045,True,"endowment (light smoothing) @ 4.5%, 70% equity / 20% domestic",1.0849486899675576,1.0965729969079108,0.0,0.0,1.5689967322587293
0.7,0.2,endowment,endowment (light smoothing),0.05,True,"endowment (light smoothing) @ 5.0%, 70% equity / 20% domestic",1.10236941186634,1.1193935972739204,0.0,0.0,1.582269755991055
0.7,0.2,endowment,endowment (light smoothing),0.06,True,"endowment (light smoothing) @ 6.0%, 70% equity / 20% domestic",1.1231502386546015,1.1519962813493672,0.0,0.0,1.5968709130122025
0.7,0.2,life_expectancy,life_expectancy,,False,"life_expectancy, 70% equity / 20% domestic",1.1281754322477477,1.1178010239582383,0.0,0.0,1.8870865997450978
0.7,0.2,life_expectancy,life_expectancy (+5y buffer),,False,"life_expectancy (+5y buffer), 70% equity / 20% domestic",1.082234361059421,1.0626355720061076,0.0,0.0,1.7698065457564987
0.7,0.2,gompertz,gompertz,,False,"gompertz, 70% equity / 20% domestic",1.1798175275854859,1.1931172338511984,0.0,0.0,1.7217260308148774
0.7,0.2,gompertz,gompertz (+5y buffer),,False,"gompertz (+5y buffer), 70% equity / 20% domestic",1.1305715116578667,1.126530215730416,0.0,0.0,1.6967912297649372
0.7,0.2,amortisation,amortisation (0% assumed return),,False,"amortisation (0% assumed return), 70% equity / 20% domestic",1.1281754322477477,1.1178010239582383,0.0,0.0,1.8870865997450978
0.7,0.2,amortisation,amortisation (2% assumed return),,False,"amortisation (2% assumed return), 70% equity / 20% domestic",1.1712581292031004,1.176359106839998,0.0,0.0,1.8126780570836611
0.7,0.2,amortisation,amortisation (4% assumed return),,False,"amortisation (4% assumed return), 70% equity / 20% domestic",1.186636091990576,1.2124293793216527,0.0,0.0,1.7446928634625267
0.7,0.3,constant_real,constant_real,0.03,True,"constant_real @ 3.0%, 70% equity / 30% domestic",0.9372428580423278,0.947917583931507,0.03816,0.018430838019183823,1.3345291877927632
0.7,0.3,constant_real,constant_real,0.035,True,"constant_real @ 3.5%, 70% equity / 30% domestic",0.9747842819157414,0.9905666280567711,0.0696,0.03374796399201767,1.3766913648617922
0.7,0.3,constant_real,constant_real,0.04,True,"constant_real @ 4.0%, 70% equity / 30% domestic",0.999744538715444,1.0243322400346557,0.11664,0.0573572926962679,1.4164538116334826
0.7,0.3,constant_real,constant_real,0.045,True,"constant_real @ 4.5%, 70% equity / 30% domestic",1.0080252579519104,1.045514137924742,0.1824,0.09127275311979618,1.4524807551793644
0.7,0.3,constant_real,constant_real,0.05,True,"constant_real @ 5.0%, 70% equity / 30% domestic",0.9979607387232561,1.0508170847404918,0.26336,0.1360091824272859,1.4834449651602415
0.7,0.3,constant_real,constant_real,0.06,True,"constant_real @ 6.0%, 70% equity / 30% domestic",0.941894304441273,1.0176950059161334,0.44812,0.2502258089272204,1.5269381913400222
0.7,0.3,constant_percent,constant_percent,0.03,True,"constant_percent @ 3.0%, 70% equity / 30% domestic",0.988293998656778,0.9878081503846792,0.0,0.0,1.4857704484707277
0.7,0.3,constant_percent,constant_percent,0.035,True,"constant_percent @ 3.5%, 70% equity / 30% domestic",1.0206346969760576,1.0236936270405637,0.0,0.0,1.515968886779597
0.7,0.3,constant_percent,constant_percent,0.04,True,"constant_percent @ 4.0%, 70% equity / 30% domestic",1.0472666805023638,1.0544638855243604,0.0,0.0,1.5392219663071665
0.7,0.3,constant_percent,constant_percent,0.045,True,"constant_percent @ 4.5%, 70% equity / 30% domestic",1.0686764438690008,1.0805155454575561,0.0,0.0,1.5566740507898047
0.7,0.3,constant_percent,constant_percent,0.05,True,"constant_percent @ 5.0%, 70% equity / 30% domestic",1.0852827946582417,1.1021734538423673,0.0,0.0,1.5693022207250933
0.7,0.3,constant_percent,constant_percent,0.06,True,"constant_percent @ 6.0%, 70% equity / 30% domestic",1.1056090825024079,1.1334317998808958,0.0,0.0,1.583292346320864
0.7,0.3,guyton_klinger,guyton_klinger,0.03,True,"guyton_klinger @ 3.0%, 70% equity / 30% domestic",0.9489964824537651,0.9492440928336747,0.0,0.0,1.4334106562075306
0.7,0.3,guyton_klinger,guyton_klinger,0.035,True,"guyton_klinger @ 3.5%, 70% equity / 30% domestic",0.9835121077376564,0.98640049665566,0.0,0.0,1.469314619217815
0.7,0.3,guyton_klinger,guyton_klinger,0.04,True,"guyton_klinger @ 4.0%, 70% equity / 30% domestic",1.0135384726059304,1.0195329195195497,0.0,0.0,1.4994438687790599
0.7,0.3,guyton_klinger,guyton_klinger,0.045,True,"guyton_klinger @ 4.5%, 70% equity / 30% domestic",1.039814825400169,1.049406193111806,0.0,0.0,1.5244843293121504
0.7,0.3,guyton_klinger,guyton_klinger,0.05,True,"guyton_klinger @ 5.0%, 70% equity / 30% domestic",1.0620527729475115,1.075604821830276,8e-05,1.95365473729457e-05,1.5454677911575283
0.7,0.3,guyton_klinger,guyton_klinger,0.06,True,"guyton_klinger @ 6.0%, 70% equity / 30% domestic",1.0955482334168618,1.1179484012368004,0.00148,0.00038860026490513137,1.5766420070680685
0.7,0.3,guyton_klinger,guyton_klinger (tight band),0.03,True,"guyton_klinger (tight band) @ 3.0%, 70% equity / 30% domestic",0.9652209034700612,0.9647454900838098,0.0,0.0,1.4592732270182738
0.7,0.3,guyton_klinger,guyton_klinger (tight band),0.035,True,"guyton_klinger (tight band) @ 3.5%, 70% equity / 30% domestic",0.999403919335643,1.0016506295340992,0.0,0.0,1.4950051383306677
0.7,0.3,guyton_klinger,guyton_klinger (tight band),0.04,True,"guyton_klinger (tight band) @ 4.0%, 70% equity / 30% domestic",1.028851774609951,1.0343331183901014,0.0,0.0,1.524167170372372
0.7,0.3,guyton_klinger,guyton_klinger (tight band),0.045,True,"guyton_klinger (tight band) @ 4.5%, 70% equity / 30% domestic",1.0538799824092147,1.0629578360253567,0.0,0.0,1.5479048615926556
0.7,0.3,guyton_klinger,guyton_klinger (tight band),0.05,True,"guyton_klinger (tight band) @ 5.0%, 70% equity / 30% domestic",1.0747647525700565,1.0877627767668276,0.0,0.0,1.566836317307382
0.7,0.3,guyton_klinger,guyton_klinger (tight band),0.06,True,"guyton_klinger (tight band) @ 6.0%, 70% equity / 30% domestic",1.1051951715871569,1.1268414686400667,0.00072,0.00019094185083849607,1.5936791820245522
0.7,0.3,guyton_klinger,guyton_klinger (no inflation rule),0.03,True,"guyton_klinger (no inflation rule) @ 3.0%, 70% equity / 30% domestic",0.9851368699994597,0.9821862092496562,0.00956,0.004138415557809071,1.4600111392357753
0.7,0.3,guyton_klinger,guyton_klinger (no inflation rule),0.035,True,"guyton_klinger (no inflation rule) @ 3.5%, 70% equity / 30% domestic",1.0221313867161534,1.0224926299365862,0.0158,0.006886578632270703,1.4978488030208823
0.7,0.3,guyton_klinger,guyton_klinger (no inflation rule),0.04,True,"guyton_klinger (no inflation rule) @ 4.0%, 70% equity / 30% domestic",1.052872464174205,1.0576526453239838,0.02572,0.011097521205599432,1.5295362310695986
0.7,0.3,guyton_klinger,guyton_klinger (no inflation rule),0.045,True,"guyton_klinger (no inflation rule) @ 4.5%, 70% equity / 30% domestic",1.0770654314008052,1.0875923172545294,0.04144,0.017289719763254194,1.5559307267951823
0.7,0.3,guyton_klinger,guyton_klinger (no inflation rule),0.05,True,"guyton_klinger (no inflation rule) @ 5.0%, 70% equity / 30% domestic",1.0928568372423348,1.1113645504055083,0.06628,0.02697857488657024,1.5773248477014745
0.7,0.3,guyton_klinger,guyton_klinger (no inflation rule),0.06,True,"guyton_klinger (no inflation rule) @ 6.0%, 70% equity / 30% domestic",1.0976523644283083,1.1381576843946954,0.15272,0.06121403872337941,1.6069536309015489
0.7,0.3,vanguard_dynamic,vanguard_dynamic,0.03,True,"vanguard_dynamic @ 3.0%, 70% equity / 30% domestic",0.9908365070322783,0.9913288360674137,0.01828,0.009283313953022091,1.4378442140721697
0.7,0.3,vanguard_dynamic,vanguard_dynamic,0.035,True,"vanguard_dynamic @ 3.5%, 70% equity / 30% domestic",1.0273204971493712,1.0328841233162929,0.03232,0.016184994863205515,1.4787132024692535
0.7,0.3,vanguard_dynamic,vanguard_dynamic,0.04,True,"vanguard_dynamic @ 4.0%, 70% equity / 30% domestic",1.053299835386594,1.0667156930026818,0.05584,0.02779700210573308,1.5128970106027648
0.7,0.3,vanguard_dynamic,vanguard_dynamic,0.045,True,"vanguard_dynamic @ 4.5%, 70% equity / 30% domestic",1.0679240143263216,1.0916133195328757,0.08576,0.04341818798684196,1.5408750550291337
0.7,0.3,vanguard_dynamic,vanguard_dynamic,0.05,True,"vanguard_dynamic @ 5.0%, 70% equity / 30% domestic",1.068925361117619,1.1057721214458485,0.13336,0.06697762052131734,1.5630451533506855
0.7,0.3,vanguard_dynamic,vanguard_dynamic,0.06,True,"vanguard_dynamic @ 6.0%, 70% equity / 30% domestic",1.0268410451246925,1.0937221614064352,0.2778,0.1435363337197009,1.5908606698735837
0.7,0.3,vanguard_dynamic,vanguard_dynamic (asymmetric),0.03,True,"vanguard_dynamic (asymmetric) @ 3.0%, 70% equity / 30% domestic",0.9532431363009177,0.9578136591940715,0.00704,0.003837811680970549,1.3712000883984192
0.7,0.3,vanguard_dynamic,vanguard_dynamic (asymmetric),0.035,True,"vanguard_dynamic (asymmetric) @ 3.5%, 70% equity / 30% domestic",0.9915494885984788,0.9992115030580632,0.01188,0.0065073746926468355,1.4109912181149933
0.7,0.3,vanguard_dynamic,vanguard_dynamic (asymmetric),0.04,True,"vanguard_dynamic (asymmetric) @ 4.0%, 70% equity / 30% domestic",1.0234205974957513,1.0354135006046916,0.01984,0.010563042491908705,1.4467257886411666
0.7,0.3,vanguard_dynamic,vanguard_dynamic (asymmetric),0.045,True,"vanguard_dynamic (asymmetric) @ 4.5%, 70% equity / 30% domestic",1.0484012996499705,1.0660898722652772,0.03176,0.016894127819942435,1.4780867041231769
0.7,0.3,vanguard_dynamic,vanguard_dynamic (asymmetric),0.05,True,"vanguard_dynamic (asymmetric) @ 5.0%, 70% equity / 30% domestic",1.0651773961415407,1.090303477135542,0.04928,0.02608381239334646,1.5050443197532628
0.7,0.3,vanguard_dynamic,vanguard_dynamic (asymmetric),0.06,True,"vanguard_dynamic (asymmetric) @ 6.0%, 70% equity / 30% domestic",1.0716402708492165,1.1155552740781316,0.10444,0.05557290281455653,1.5453371132564744
0.7,0.3,endowment,endowment,0.03,True,"endowment @ 3.0%, 70% equity / 30% domestic",0.9865665442109068,0.9864314287422197,0.00012,6.015216178406817e-05,1.4712161870610916
0.7,0.3,endowment,endowment,0.035,True,"endowment @ 3.5%, 70% equity / 30% domestic",1.0210530375522198,1.0248733618008385,0.00016,8.378330426274744e-05,1.5043811603906658
0.7,0.3,endowment,endowment,0.04,True,"endowment @ 4.0%, 70% equity / 30% domestic",1.0494272033301224,1.0580622686022947,0.00024,0.00012044999888051432,1.530662642933237
0.7,0.3,endowment,endowment,0.045,True,"endowment @ 4.5%, 70% equity / 30% domestic",1.071884403492831,1.086137313883118,0.00036,0.0001977602879052086,1.5509326477157823
0.7,0.3,endowment,endowment,0.05,True,"endowment @ 5.0%, 70% equity / 30% domestic",1.0885670636347375,1.109159059334207,0.00088,0.0004885930334639951,1.5659773711349456
0.7,0.3,endowment,endowment,0.06,True,"endowment @ 6.0%, 70% equity / 30% domestic",1.105123971104805,1.1400536389412395,0.00324,0.0018284715841070246,1.5831503171223342
0.7,0.3,endowment,endowment (light smoothing),0.03,True,"endowment (light smoothing) @ 3.0%, 70% equity / 30% domestic",0.9883299499306694,0.9878979671829154,0.0,0.0,1.4832267016547185
0.7,0.3,endowment,endowment (light smoothing),0.035,True,"endowment (light smoothing) @ 3.5%, 70% equity / 30% domestic",1.0211531140950256,1.024357472610612,0.0,0.0,1.5140216007283955
0.7,0.3,endowment,endowment (light smoothing),0.04,True,"endowment (light smoothing) @ 4.0%, 70% equity / 30% domestic",1.0481766117037783,1.0556542643268108,0.0,0.0,1.5378484436486628
0.7,0.3,endowment,endowment (light smoothing),0.045,True,"endowment (light smoothing) @ 4.5%, 70% equity / 30% domestic",1.0698431109841977,1.0821411558793452,0.0,0.0,1.555804019230894
0.7,0.3,endowment,endowment (light smoothing),0.05,True,"endowment (light smoothing) @ 5.0%, 70% equity / 30% domestic",1.0865360679252578,1.1041042553251597,0.0,0.0,1.568836034326663
0.7,0.3,endowment,endowment (light smoothing),0.06,True,"endowment (light smoothing) @ 6.0%, 70% equity / 30% domestic",1.106429925070942,1.1354571515435763,0.0,0.0,1.5832829051930195
0.7,0.3,life_expectancy,life_expectancy,,False,"life_expectancy, 70% equity / 30% domestic",1.1135305352169915,1.1038540155049446,0.0,0.0,1.864013464410048
0.7,0.3,life_expectancy,life_expectancy (+5y buffer),,False,"life_expectancy (+5y buffer), 70% equity / 30% domestic",1.0685702339662286,1.0502463844045151,0.0,0.0,1.75002957261217
0.7,0.3,gompertz,gompertz,,False,"gompertz, 70% equity / 30% domestic",1.1612913572927717,1.1755173263788008,0.0,0.0,1.7044839591879344
0.7,0.3,gompertz,gompertz (+5y buffer),,False,"gompertz (+5y buffer), 70% equity / 30% domestic",1.1143018321220908,1.111510625690556,0.0,0.0,1.679777658976769
0.7,0.3,amortisation,amortisation (0% assumed return),,False,"amortisation (0% assumed return), 70% equity / 30% domestic",1.1135305352169915,1.1038540155049446,0.0,0.0,1.864013464410048
0.7,0.3,amortisation,amortisation (2% assumed return),,False,"amortisation (2% assumed return), 70% equity / 30% domestic",1.1542911809135736,1.1598443595650516,0.0,0.0,1.792311083080605
0.7,0.3,amortisation,amortisation (4% assumed return),,False,"amortisation (4% assumed return), 70% equity / 30% domestic",1.168394930007972,1.1940834935667561,0.0,0.0,1.7267756775717933
0.7,0.5,constant_real,constant_real,0.03,True,"constant_real @ 3.0%, 70% equity / 50% domestic",0.9148388473520551,0.9264350641667014,0.05496,0.02732963116604004,1.3238901459027326
0.7,0.5,constant_real,constant_real,0.035,True,"constant_real @ 3.5%, 70% equity / 50% domestic",0.9477360826916761,0.9645550709739751,0.09024,0.04545073986177572,1.363924313556715
0.7,0.5,constant_real,constant_real,0.04,True,"constant_real @ 4.0%, 70% equity / 50% domestic",0.9692775597991345,0.9943465880443213,0.1398,0.07121530264842521,1.4017089154845992
0.7,0.5,constant_real,constant_real,0.045,True,"constant_real @ 4.5%, 70% equity / 50% domestic",0.9768985645687486,1.0132011520798359,0.20536,0.1059638109671178,1.4360132619884747
0.7,0.5,constant_real,constant_real,0.05,True,"constant_real @ 5.0%, 70% equity / 50% domestic",0.9694653554523529,1.018918134758492,0.28412,0.15036084590766888,1.4653879673498835
0.7,0.5,constant_real,constant_real,0.06,True,"constant_real @ 6.0%, 70% equity / 50% domestic",0.9218579733594773,0.9923892273364878,0.46908,0.2648893693190276,1.5063539023100045
0.7,0.5,constant_percent,constant_percent,0.03,True,"constant_percent @ 3.0%, 70% equity / 50% domestic",0.9569150883869018,0.9585573364439361,0.0,0.0,1.463473852114153
0.7,0.5,constant_percent,constant_percent,0.035,True,"constant_percent @ 3.5%, 70% equity / 50% domestic",0.9857595526566274,0.9908643628332474,0.0,0.0,1.4922393013481443
0.7,0.5,constant_percent,constant_percent,0.04,True,"constant_percent @ 4.0%, 70% equity / 50% domestic",1.0093839624258987,1.018429243780117,0.0,0.0,1.514449252139326
0.7,0.5,constant_percent,constant_percent,0.045,True,"constant_percent @ 4.5%, 70% equity / 50% domestic",1.0282972577066074,1.0416745160990875,0.0,0.0,1.5311805908564464
0.7,0.5,constant_percent,constant_percent,0.05,True,"constant_percent @ 5.0%, 70% equity / 50% domestic",1.042930375353648,1.0609455683487259,0.0,0.0,1.5433530360482457
0.7,0.5,constant_percent,constant_percent,0.06,True,"constant_percent @ 6.0%, 70% equity / 50% domestic",1.0608683782344435,1.088734386593143,0.0,0.0,1.5570396982819117
0.7,0.5,guyton_klinger,guyton_klinger,0.03,True,"guyton_klinger @ 3.0%, 70% equity / 50% domestic",0.9231728799004043,0.9250398700102603,0.0,0.0,1.413650502288223
0.7,0.5,guyton_klinger,guyton_klinger,0.035,True,"guyton_klinger @ 3.5%, 70% equity / 50% domestic",0.9543011100888087,0.9588355580023796,0.0,0.0,1.4476288140318851
0.7,0.5,guyton_klinger,guyton_klinger,0.04,True,"guyton_klinger @ 4.0%, 70% equity / 50% domestic",0.9814325106892628,0.9890356771071572,0.0,0.0,1.476371565253659
0.7,0.5,guyton_klinger,guyton_klinger,0.045,True,"guyton_klinger @ 4.5%, 70% equity / 50% domestic",1.0047605474419639,1.015816576212699,0.0,0.0,1.500428808019069
0.7,0.5,guyton_klinger,guyton_klinger,0.05,True,"guyton_klinger @ 5.0%, 70% equity / 50% domestic",1.024597750455069,1.0393983261724082,8e-05,1.95365473729457e-05,1.5203470448637235
0.7,0.5,guyton_klinger,guyton_klinger,0.06,True,"guyton_klinger @ 6.0%, 70% equity / 50% domestic",1.0543324350420367,1.0772358674296445,0.00132,0.00036625263106722074,1.5504445600775671
0.7,0.5,guyton_klinger,guyton_klinger (tight band),0.03,True,"guyton_klinger (tight band) @ 3.0%, 70% equity / 50% domestic",0.9380267270023313,0.9392685832988974,0.0,0.0,1.4379379920690227
0.7,0.5,guyton_klinger,guyton_klinger (tight band),0.035,True,"guyton_klinger (tight band) @ 3.5%, 70% equity / 50% domestic",0.9688346377055014,0.9728180084177898,0.0,0.0,1.4718998154849636
0.7,0.5,guyton_klinger,guyton_klinger (tight band),0.04,True,"guyton_klinger (tight band) @ 4.0%, 70% equity / 50% domestic",0.9951218702756158,1.002285874198645,0.0,0.0,1.499610106067051
0.7,0.5,guyton_klinger,guyton_klinger (tight band),0.045,True,"guyton_klinger (tight band) @ 4.5%, 70% equity / 50% domestic",1.0174893645592635,1.028110559616047,0.0,0.0,1.5226487236044446
0.7,0.5,guyton_klinger,guyton_klinger (tight band),0.05,True,"guyton_klinger (tight band) @ 5.0%, 70% equity / 50% domestic",1.0358811220756055,1.050208896580169,4e-05,9.76827368647285e-06,1.5406995971041857
0.7,0.5,guyton_klinger,guyton_klinger (tight band),0.06,True,"guyton_klinger (tight band) @ 6.0%, 70% equity / 50% domestic",1.0629138112370202,1.0851969065597138,0.0012,0.00031718913119664643,1.566298239675558
0.7,0.5,guyton_klinger,guyton_klinger (no inflation rule),0.03,True,"guyton_klinger (no inflation rule) @ 3.0%, 70% equity / 50% domestic",0.956942687838789,0.9559180434322576,0.01416,0.005675335685478412,1.4403787014141227
0.7,0.5,guyton_klinger,guyton_klinger (no inflation rule),0.035,True,"guyton_klinger (no inflation rule) @ 3.5%, 70% equity / 50% domestic",0.9902294903745011,0.9926927596556419,0.02648,0.010669799562557775,1.476189270149179
0.7,0.5,guyton_klinger,guyton_klinger (no inflation rule),0.04,True,"guyton_klinger (no inflation rule) @ 4.0%, 70% equity / 50% domestic",1.0168138608803445,1.024079818699567,0.04104,0.017268186693844573,1.5064483539218798
0.7,0.5,guyton_klinger,guyton_klinger (no inflation rule),0.045,True,"guyton_klinger (no inflation rule) @ 4.5%, 70% equity / 50% domestic",1.036848392820665,1.050234760676785,0.0614,0.026118608025638597,1.5314312151359535
0.7,0.5,guyton_klinger,guyton_klinger (no inflation rule),0.05,True,"guyton_klinger (no inflation rule) @ 5.0%, 70% equity / 50% domestic",1.0500572635168746,1.070830836612606,0.088,0.037506038008337066,1.5519272470328471
0.7,0.5,guyton_klinger,guyton_klinger (no inflation rule),0.06,True,"guyton_klinger (no inflation rule) @ 6.0%, 70% equity / 50% domestic",1.0543028885466232,1.0938515425045496,0.1724,0.07269162912453091,1.580330419946594
0.7,0.5,vanguard_dynamic,vanguard_dynamic,0.03,True,"vanguard_dynamic @ 3.0%, 70% equity / 50% domestic",0.9617540606555425,0.9646076590420125,0.0312,0.01566656297584922,1.4194546286546488
0.7,0.5,vanguard_dynamic,vanguard_dynamic,0.035,True,"vanguard_dynamic @ 3.5%, 70% equity / 50% domestic",0.9928825434468587,1.0012544564080517,0.04988,0.025729755844082984,1.4578784287890134
0.7,0.5,vanguard_dynamic,vanguard_dynamic,0.04,True,"vanguard_dynamic @ 4.0%, 70% equity / 50% domestic",1.0148757323608704,1.0306933643230096,0.07592,0.039253820704901014,1.4902368918114945
0.7,0.5,vanguard_dynamic,vanguard_dynamic,0.045,True,"vanguard_dynamic @ 4.5%, 70% equity / 50% domestic",1.0272546351983116,1.0523299963426556,0.10836,0.05676707750831826,1.5169751005461714
0.7,0.5,vanguard_dynamic,vanguard_dynamic,0.05,True,"vanguard_dynamic @ 5.0%, 70% equity / 50% domestic",1.0280041537593096,1.064577043920027,0.15792,0.0818998590813594,1.5380905438190513
0.7,0.5,vanguard_dynamic,vanguard_dynamic,0.06,True,"vanguard_dynamic @ 6.0%, 70% equity / 50% domestic",0.9948539621399637,1.0565170214566848,0.29968,0.15813015190533958,1.565122167615237
0.7,0.5,vanguard_dynamic,vanguard_dynamic (asymmetric),0.03,True,"vanguard_dynamic (asymmetric) @ 3.0%, 70% equity / 50% domestic",0.9288672165096601,0.934597889665206,0.01124,0.005919217835349304,1.35718860287712
0.7,0.5,vanguard_dynamic,vanguard_dynamic (asymmetric),0.035,True,"vanguard_dynamic (asymmetric) @ 3.5%, 70% equity / 50% domestic",0.9629097413842177,0.9720149141319543,0.01964,0.010573981183313444,1.3947748336287107
0.7,0.5,vanguard_dynamic,vanguard_dynamic (asymmetric),0.04,True,"vanguard_dynamic (asymmetric) @ 4.0%, 70% equity / 50% domestic",0.9903977795079264,1.004162576110183,0.03408,0.018081210738078266,1.4285103847094631
0.7,0.5,vanguard_dynamic,vanguard_dynamic (asymmetric),0.045,True,"vanguard_dynamic (asymmetric) @ 4.5%, 70% equity / 50% domestic",1.01097989543131,1.030527784959349,0.04856,0.026755553495885577,1.4581083695213009
0.7,0.5,vanguard_dynamic,vanguard_dynamic (asymmetric),0.05,True,"vanguard_dynamic (asymmetric) @ 5.0%, 70% equity / 50% domestic",1.0246808070251174,1.0510120509550795,0.06832,0.037547478608826644,1.4835351814047217
0.7,0.5,vanguard_dynamic,vanguard_dynamic (asymmetric),0.06,True,"vanguard_dynamic (asymmetric) @ 6.0%, 70% equity / 50% domestic",1.0301677720309017,1.0727736022029617,0.12836,0.07002585751684466,1.5214413207100759
0.7,0.5,endowment,endowment,0.03,True,"endowment @ 3.0%, 70% equity / 50% domestic",0.956385626702983,0.9583891119565364,0.00012,4.9527402276874445e-05,1.450221491310247
0.7,0.5,endowment,endowment,0.035,True,"endowment @ 3.5%, 70% equity / 50% domestic",0.9872128498465681,0.9931181983858199,0.00016,8.135904797947631e-05,1.481792918030632
0.7,0.5,endowment,endowment,0.04,True,"endowment @ 4.0%, 70% equity / 50% domestic",1.0123937894801693,1.0229213135801338,0.0002,0.0001011818280776773,1.5068587782569696
0.7,0.5,endowment,endowment,0.045,True,"endowment @ 4.5%, 70% equity / 50% domestic",1.032195472045371,1.048000926724897,0.00044,0.00023053168894352204,1.5262416011499378
0.7,0.5,endowment,endowment,0.05,True,"endowment @ 5.0%, 70% equity / 50% domestic",1.046829231616981,1.068481517371553,0.00088,0.0005420570806305075,1.5406830584043012
0.7,0.5,endowment,endowment,0.06,True,"endowment @ 6.0%, 70% equity / 50% domestic",1.0612831269922154,1.0958660408033345,0.00336,0.002025034436367572,1.5573457077586883
0.7,0.5,endowment,endowment (light smoothing),0.03,True,"endowment (light smoothing) @ 3.0%, 70% equity / 50% domestic",0.9571392262354241,0.9588480377961978,0.0,0.0,1.4611608811965426
0.7,0.5,endowment,endowment (light smoothing),0.035,True,"endowment (light smoothing) @ 3.5%, 70% equity / 50% domestic",0.9864184246451886,0.9916858151453355,0.0,0.0,1.4904878862103743
0.7,0.5,endowment,endowment (light smoothing),0.04,True,"endowment (light smoothing) @ 4.0%, 70% equity / 50% domestic",1.010385126557732,1.0197274277855695,0.0,0.0,1.513236746550039
0.7,0.5,endowment,endowment (light smoothing),0.045,True,"endowment (light smoothing) @ 4.5%, 70% equity / 50% domestic",1.029512897450152,1.0433584539535417,0.0,0.0,1.5304400566500629
0.7,0.5,endowment,endowment (light smoothing),0.05,True,"endowment (light smoothing) @ 5.0%, 70% equity / 50% domestic",1.044205305001763,1.0628926767497577,0.0,0.0,1.5429902460597247
0.7,0.5,endowment,endowment (light smoothing),0.06,True,"endowment (light smoothing) @ 6.0%, 70% equity / 50% domestic",1.061726626519793,1.0907413596876414,0.0,0.0,1.5571017132875855
0.7,0.5,life_expectancy,life_expectancy,,False,"life_expectancy, 70% equity / 50% domestic",1.0726012906473292,1.0653157664799824,0.0,0.0,1.8199320243743675
0.7,0.5,life_expectancy,life_expectancy (+5y buffer),,False,"life_expectancy (+5y buffer), 70% equity / 50% domestic",1.0311600544887756,1.0165637928537516,0.0,0.0,1.7122454811530154
0.7,0.5,gompertz,gompertz,,False,"gompertz, 70% equity / 50% domestic",1.1106723348655447,1.1269461989473262,0.0,0.0,1.671343152503782
0.7,0.5,gompertz,gompertz (+5y buffer),,False,"gompertz (+5y buffer), 70% equity / 50% domestic",1.0698909173376698,1.0704084849175088,0.0,0.0,1.6471532089296952
0.7,0.5,amortisation,amortisation (0% assumed return),,False,"amortisation (0% assumed return), 70% equity / 50% domestic",1.0726012906473292,1.0653157664799824,0.0,0.0,1.8199320243743675
0.7,0.5,amortisation,amortisation (2% assumed return),,False,"amortisation (2% assumed return), 70% equity / 50% domestic",1.1069458267248267,1.1139992897903483,0.0,0.0,1.7533003463016927
0.7,0.5,amortisation,amortisation (4% assumed return),,False,"amortisation (4% assumed return), 70% equity / 50% domestic",1.1179733478344167,1.143274541661506,0.0,0.0,1.6923614117863988
0.8,0.0,constant_real,constant_real,0.03,True,"constant_real @ 3.0%, 80% equity / 0% domestic",0.9861214366828174,0.9970742799183245,0.0274,0.013704647152733536,1.3884092790464948
0.8,0.0,constant_real,constant_real,0.035,True,"constant_real @ 3.5%, 80% equity / 0% domestic",1.0291499381760172,1.0453286224246197,0.05276,0.025568381343321154,1.4396442816359496
0.8,0.0,constant_real,constant_real,0.04,True,"constant_real @ 4.0%, 80% equity / 0% domestic",1.0571187256699655,1.083338568933606,0.09504,0.04597252716504864,1.4881614578799502
0.8,0.0,constant_real,constant_real,0.045,True,"constant_real @ 4.5%, 80% equity / 0% domestic",1.0622106886512162,1.104540916358313,0.15764,0.07798381100203626,1.5320359638965553
0.8,0.0,constant_real,constant_real,0.05,True,"constant_real @ 5.0%, 80% equity / 0% domestic",1.045740873270776,1.1056338641817258,0.22916,0.11906193277247748,1.569952531970388
0.8,0.0,constant_real,constant_real,0.06,True,"constant_real @ 6.0%, 80% equity / 0% domestic",0.9761041856615418,1.058145865053048,0.39196,0.2226570145835023,1.6256941766951671
0.8,0.0,constant_percent,constant_percent,0.03,True,"constant_percent @ 3.0%, 80% equity / 0% domestic",1.0613786110325636,1.056810983124402,0.0,0.0,1.6292646960072672
0.8,0.0,constant_percent,constant_percent,0.035,True,"constant_percent @ 3.5%, 80% equity / 0% domestic",1.0995414190162474,1.0985705211104781,0.0,0.0,1.6682811260431312
0.8,0.0,constant_percent,constant_percent,0.04,True,"constant_percent @ 4.0%, 80% equity / 0% domestic",1.1311690834187005,1.1345147982306731,0.0,0.0,1.6977977903274424
0.8,0.0,constant_percent,constant_percent,0.045,True,"constant_percent @ 4.5%, 80% equity / 0% domestic",1.156781687956574,1.1650772875321906,0.0,0.0,1.7194095859222147
0.8,0.0,constant_percent,constant_percent,0.05,True,"constant_percent @ 5.0%, 80% equity / 0% domestic",1.1768195088191016,1.1906041856816885,0.0,0.0,1.7344758922195616
0.8,0.0,constant_percent,constant_percent,0.06,True,"constant_percent @ 6.0%, 80% equity / 0% domestic",1.201767767690995,1.227725092042856,0.0,0.0,1.7494213099364564
0.8,0.0,guyton_klinger,guyton_klinger,0.03,True,"guyton_klinger @ 3.0%, 80% equity / 0% domestic",1.0111887594488633,1.0085022241743604,0.0,0.0,1.5391979706115801
0.8,0.0,guyton_klinger,guyton_klinger,0.035,True,"guyton_klinger @ 3.5%, 80% equity / 0% domestic",1.0514616952316351,1.0513505704231072,4e-05,1.1258300121115244e-05,1.5872064004404252
0.8,0.0,guyton_klinger,guyton_klinger,0.04,True,"guyton_klinger @ 4.0%, 80% equity / 0% domestic",1.0867073121925324,1.0897507126638148,8e-05,2.405979171076309e-05,1.627568354737225
0.8,0.0,guyton_klinger,guyton_klinger,0.045,True,"guyton_klinger @ 4.5%, 80% equity / 0% domestic",1.1173395989088333,1.124019670600164,0.00012,3.6949120813032804e-05,1.6612733023195243
0.8,0.0,guyton_klinger,guyton_klinger,0.05,True,"guyton_klinger @ 5.0%, 80% equity / 0% domestic",1.1436966403824567,1.1544721367612694,0.00036,0.0001061467638192599,1.689228660451186
0.8,0.0,guyton_klinger,guyton_klinger,0.06,True,"guyton_klinger @ 6.0%, 80% equity / 0% domestic",1.1838300672570086,1.2042619808276134,0.00412,0.0011812721519353416,1.7302386024151624
0.8,0.0,guyton_klinger,guyton_klinger (tight band),0.03,True,"guyton_klinger (tight band) @ 3.0%, 80% equity / 0% domestic",1.0282139549643738,1.0244974736400625,0.0,0.0,1.572405138354254
0.8,0.0,guyton_klinger,guyton_klinger (tight band),0.035,True,"guyton_klinger (tight band) @ 3.5%, 80% equity / 0% domestic",1.0683713463487028,1.0672894077886272,0.0,0.0,1.6207743732241866
0.8,0.0,guyton_klinger,guyton_klinger (tight band),0.04,True,"guyton_klinger (tight band) @ 4.0%, 80% equity / 0% domestic",1.1031860636571875,1.1052944997161083,4e-05,1.1258300121115244e-05,1.6603607353415908
0.8,0.0,guyton_klinger,guyton_klinger (tight band),0.045,True,"guyton_klinger (tight band) @ 4.5%, 80% equity / 0% domestic",1.132811878701562,1.1386030637932,0.00016,4.5086365518351184e-05,1.6925124969255954
0.8,0.0,guyton_klinger,guyton_klinger (tight band),0.05,True,"guyton_klinger (tight band) @ 5.0%, 80% equity / 0% domestic",1.1577919558627485,1.1676731798167632,0.00036,0.00010320306268548414,1.7185842900472275
0.8,0.0,guyton_klinger,guyton_klinger (tight band),0.06,True,"guyton_klinger (tight band) @ 6.0%, 80% equity / 0% domestic",1.1945065020329804,1.2138265811964113,0.00324,0.0009131813227421296,1.754074125886376
0.8,0.0,guyton_klinger,guyton_klinger (no inflation rule),0.03,True,"guyton_klinger (no inflation rule) @ 3.0%, 80% equity / 0% domestic",1.0529949492091097,1.0463928053881904,0.00884,0.0039449929662105955,1.5794558256934084
0.8,0.0,guyton_klinger,guyton_klinger (no inflation rule),0.035,True,"guyton_klinger (no inflation rule) @ 3.5%, 80% equity / 0% domestic",1.0958883511102087,1.0927811018787155,0.01348,0.006069667504958906,1.629153184143508
0.8,0.0,guyton_klinger,guyton_klinger (no inflation rule),0.04,True,"guyton_klinger (no inflation rule) @ 4.0%, 80% equity / 0% domestic",1.1314083313148025,1.1332358191630756,0.01996,0.009139282218478446,1.6708417494959433
0.8,0.0,guyton_klinger,guyton_klinger (no inflation rule),0.045,True,"guyton_klinger (no inflation rule) @ 4.5%, 80% equity / 0% domestic",1.1593547834120386,1.167534853835407,0.03108,0.013718145601681735,1.7053735798249616
0.8,0.0,guyton_klinger,guyton_klinger (no inflation rule),0.05,True,"guyton_klinger (no inflation rule) @ 5.0%, 80% equity / 0% domestic",1.1777655610859703,1.1946461881142358,0.05108,0.021241890453042606,1.7329979956189359
0.8,0.0,guyton_klinger,guyton_klinger (no inflation rule),0.06,True,"guyton_klinger (no inflation rule) @ 6.0%, 80% equity / 0% domestic",1.1795802260734345,1.223929025554334,0.12988,0.05104595720127665,1.7693951074569847
0.8,0.0,vanguard_dynamic,vanguard_dynamic,0.03,True,"vanguard_dynamic @ 3.0%, 80% equity / 0% domestic",1.0541314453219692,1.0519827090080431,0.015,0.007904029149001455,1.5288853407602319
0.8,0.0,vanguard_dynamic,vanguard_dynamic,0.035,True,"vanguard_dynamic @ 3.5%, 80% equity / 0% domestic",1.0964409322005346,1.0995563289897354,0.02424,0.012674071460479044,1.58210820285707
0.8,0.0,vanguard_dynamic,vanguard_dynamic,0.04,True,"vanguard_dynamic @ 4.0%, 80% equity / 0% domestic",1.1288797154615924,1.1397057340335588,0.03892,0.0198480395144789,1.628172239823923
0.8,0.0,vanguard_dynamic,vanguard_dynamic,0.045,True,"vanguard_dynamic @ 4.5%, 80% equity / 0% domestic",1.146416895050102,1.1692739070175235,0.06632,0.0329648619005905,1.6665003674343428
0.8,0.0,vanguard_dynamic,vanguard_dynamic,0.05,True,"vanguard_dynamic @ 5.0%, 80% equity / 0% domestic",1.1438531771941642,1.1837146751265428,0.10844,0.054030674821646044,1.6969945546036644
0.8,0.0,vanguard_dynamic,vanguard_dynamic,0.06,True,"vanguard_dynamic @ 6.0%, 80% equity / 0% domestic",1.078495592291929,1.1554385393898725,0.25244,0.1302592048234374,1.7355269726355969
0.8,0.0,vanguard_dynamic,vanguard_dynamic (asymmetric),0.03,True,"vanguard_dynamic (asymmetric) @ 3.0%, 80% equity / 0% domestic",1.0091778204307122,1.0122905115815306,0.00592,0.0033879141814872685,1.4371632945593877
0.8,0.0,vanguard_dynamic,vanguard_dynamic (asymmetric),0.035,True,"vanguard_dynamic (asymmetric) @ 3.5%, 80% equity / 0% domestic",1.0531016059239533,1.0593936296439317,0.01076,0.005969255916610578,1.48688635160088
0.8,0.0,vanguard_dynamic,vanguard_dynamic (asymmetric),0.04,True,"vanguard_dynamic (asymmetric) @ 4.0%, 80% equity / 0% domestic",1.0900097009198608,1.1007422343404183,0.01576,0.008917238539168393,1.5321110243591707
0.8,0.0,vanguard_dynamic,vanguard_dynamic (asymmetric),0.045,True,"vanguard_dynamic (asymmetric) @ 4.5%, 80% equity / 0% domestic",1.119767677207719,1.1363593459492676,0.0232,0.0127448747867813,1.5727580501549274
0.8,0.0,vanguard_dynamic,vanguard_dynamic (asymmetric),0.05,True,"vanguard_dynamic (asymmetric) @ 5.0%, 80% equity / 0% domestic",1.140700428897743,1.1649824830018194,0.03428,0.018579725939754526,1.608366183846515
0.8,0.0,vanguard_dynamic,vanguard_dynamic (asymmetric),0.06,True,"vanguard_dynamic (asymmetric) @ 6.0%, 80% equity / 0% domestic",1.1465954465918942,1.1939738285818935,0.08568,0.044847107914612064,1.6637877188654315
0.8,0.0,endowment,endowment,0.03,True,"endowment @ 3.0%, 80% equity / 0% domestic",1.0584082427983754,1.05429813508352,0.00016,0.00010084971344835332,1.6050358135342546
0.8,0.0,endowment,endowment,0.035,True,"endowment @ 3.5%, 80% equity / 0% domestic",1.0989205651887752,1.0988845826566294,0.00028,0.00016588029044567663,1.648066909246182
0.8,0.0,endowment,endowment,0.04,True,"endowment @ 4.0%, 80% equity / 0% domestic",1.1323728171181413,1.1374624418934585,0.00048,0.0002877283995816227,1.6817591754606807
0.8,0.0,endowment,endowment,0.045,True,"endowment @ 4.5%, 80% equity / 0% domestic",1.1588700617443433,1.1701046243268454,0.001,0.0006616036717012036,1.7073085358262596
0.8,0.0,endowment,endowment,0.05,True,"endowment @ 5.0%, 80% equity / 0% domestic",1.1785131014245385,1.1968396225900282,0.00164,0.0010480728272485532,1.725796085313897
0.8,0.0,endowment,endowment,0.06,True,"endowment @ 6.0%, 80% equity / 0% domestic",1.1972900277738325,1.2321014717201468,0.00776,0.004288901156520249,1.745368410829332
0.8,0.0,endowment,endowment (light smoothing),0.03,True,"endowment (light smoothing) @ 3.0%, 80% equity / 0% domestic",1.0614727169424936,1.056952862464929,0.0,0.0,1.624955980062385
0.8,0.0,endowment,endowment (light smoothing),0.035,True,"endowment (light smoothing) @ 3.5%, 80% equity / 0% domestic",1.1002241125416365,1.099400535160169,0.0,0.0,1.664796471713445
0.8,0.0,endowment,endowment (light smoothing),0.04,True,"endowment (light smoothing) @ 4.0%, 80% equity / 0% domestic",1.132333290113894,1.135978017351452,0.0,0.0,1.6951174797678632
0.8,0.0,endowment,endowment (light smoothing),0.045,True,"endowment (light smoothing) @ 4.5%, 80% equity / 0% domestic",1.1582661777818202,1.1670663772363543,0.0,0.0,1.7174433354505578
0.8,0.0,endowment,endowment (light smoothing),0.05,True,"endowment (light smoothing) @ 5.0%, 80% equity / 0% domestic",1.1784179256697493,1.192964331759558,0.0,0.0,1.7330893487815187
0.8,0.0,endowment,endowment (light smoothing),0.06,True,"endowment (light smoothing) @ 6.0%, 80% equity / 0% domestic",1.2028470908827191,1.2302035974218946,0.0,0.0,1.748710350295452
0.8,0.0,life_expectancy,life_expectancy,,False,"life_expectancy, 80% equity / 0% domestic",1.1942789692714622,1.1833636940177643,0.0,0.0,2.1518047105715157
0.8,0.0,life_expectancy,life_expectancy (+5y buffer),,False,"life_expectancy (+5y buffer), 80% equity / 0% domestic",1.1474111576352544,1.1237478775640664,0.0,0.0,1.996707783607714
0.8,0.0,gompertz,gompertz,,False,"gompertz, 80% equity / 0% domestic",1.2627094574979179,1.2721094330606644,0.0,0.0,1.9155458389978712
0.8,0.0,gompertz,gompertz (+5y buffer),,False,"gompertz (+5y buffer), 80% equity / 0% domestic",1.2053010008683758,1.196954524979307,0.0,0.0,1.889586382831802
0.8,0.0,amortisation,amortisation (0% assumed return),,False,"amortisation (0% assumed return), 80% equity / 0% domestic",1.1942789692714622,1.1833636940177643,0.0,0.0,2.1518047105715157
0.8,0.0,amortisation,amortisation (2% assumed return),,False,"amortisation (2% assumed return), 80% equity / 0% domestic",1.2449228628987858,1.2504852398165796,0.0,0.0,2.0443606395347307
0.8,0.0,amortisation,amortisation (4% assumed return),,False,"amortisation (4% assumed return), 80% equity / 0% domestic",1.2655540738798132,1.2931739387016465,0.0,0.0,1.9465972769271003
0.8,0.1,constant_real,constant_real,0.03,True,"constant_real @ 3.0%, 80% equity / 10% domestic",0.9844065572378436,0.9951316110069559,0.026,0.01288452375663529,1.3819611667994112
0.8,0.1,constant_real,constant_real,0.035,True,"constant_real @ 3.5%, 80% equity / 10% domestic",1.028150077480564,1.0438853284607401,0.05096,0.024419136325900526,1.432262980544863
0.8,0.1,constant_real,constant_real,0.04,True,"constant_real @ 4.0%, 80% equity / 10% domestic",1.0568538232587414,1.0824948656951845,0.092,0.044342740378420606,1.479907870510786
0.8,0.1,constant_real,constant_real,0.045,True,"constant_real @ 4.5%, 80% equity / 10% domestic",1.063644490430897,1.105011420401312,0.15328,0.07567939348220162,1.5230875137746573
0.8,0.1,constant_real,constant_real,0.05,True,"constant_real @ 5.0%, 80% equity / 10% domestic",1.0473322630202708,1.1069875702273693,0.23036,0.11805404395376047,1.560203758082909
0.8,0.1,constant_real,constant_real,0.06,True,"constant_real @ 6.0%, 80% equity / 10% domestic",0.9767771226437361,1.0596264242453328,0.39584,0.22317787609252093,1.6146348829284614
0.8,0.1,constant_percent,constant_percent,0.03,True,"constant_percent @ 3.0%, 80% equity / 10% domestic",1.0585026136847195,1.0539378263411796,0.0,0.0,1.6109393543937818
0.8,0.1,constant_percent,constant_percent,0.035,True,"constant_percent @ 3.5%, 80% equity / 10% domestic",1.0968231743938512,1.0958577205635418,0.0,0.0,1.6488466332869856
0.8,0.1,constant_percent,constant_percent,0.04,True,"constant_percent @ 4.0%, 80% equity / 10% domestic",1.1286080701292702,1.1319774026054608,0.0,0.0,1.6775821543858442
0.8,0.1,constant_percent,constant_percent,0.045,True,"constant_percent @ 4.5%, 80% equity / 10% domestic",1.1543582921631268,1.1627112566075908,0.0,0.0,1.6986825779295422
0.8,0.1,constant_percent,constant_percent,0.05,True,"constant_percent @ 5.0%, 80% equity / 10% domestic",1.1745007657002422,1.1883908380740043,0.0,0.0,1.713457899421408
0.8,0.1,constant_percent,constant_percent,0.06,True,"constant_percent @ 6.0%, 80% equity / 10% domestic",1.1995310763876628,1.225721532825483,0.0,0.0,1.728321991353393
0.8,0.1,guyton_klinger,guyton_klinger,0.03,True,"guyton_klinger @ 3.0%, 80% equity / 10% domestic",1.0085980787513673,1.00592707958593,0.0,0.0,1.5280863400900948
0.8,0.1,guyton_klinger,guyton_klinger,0.035,True,"guyton_klinger @ 3.5%, 80% equity / 10% domestic",1.048918907173059,1.0488710735609126,0.0,0.0,1.5743816637977317
0.8,0.1,guyton_klinger,guyton_klinger,0.04,True,"guyton_klinger @ 4.0%, 80% equity / 10% domestic",1.0842473928502405,1.0873897930482985,4e-05,1.2801491589647849e-05,1.6133046424314696
0.8,0.1,guyton_klinger,guyton_klinger,0.045,True,"guyton_klinger @ 4.5%, 80% equity / 10% domestic",1.1149701612975778,1.1217669527752143,8e-05,2.414762922338495e-05,1.6459120879056086
0.8,0.1,guyton_klinger,guyton_klinger,0.05,True,"guyton_klinger @ 5.0%, 80% equity / 10% domestic",1.1413653344514025,1.1522883393566616,0.00032,9.185524579496967e-05,1.6729068263451736
0.8,0.1,guyton_klinger,guyton_klinger,0.06,True,"guyton_klinger @ 6.0%, 80% equity / 10% domestic",1.1818696636455615,1.2023964085090235,0.0026,0.0007506448612305806,1.7121872691313955
0.8,0.1,guyton_klinger,guyton_klinger (tight band),0.03,True,"guyton_klinger (tight band) @ 3.0%, 80% equity / 10% domestic",1.0258165460000261,1.022202177780054,0.0,0.0,1.5605575281491875
0.8,0.1,guyton_klinger,guyton_klinger (tight band),0.035,True,"guyton_klinger (tight band) @ 3.5%, 80% equity / 10% domestic",1.066054825894033,1.065080243803274,0.0,0.0,1.6071644684102848
0.8,0.1,guyton_klinger,guyton_klinger (tight band),0.04,True,"guyton_klinger (tight band) @ 4.0%, 80% equity / 10% domestic",1.1009359385306845,1.1031747487588357,4e-05,9.76827368647285e-06,1.64557771832949
0.8,0.1,guyton_klinger,guyton_klinger (tight band),0.045,True,"guyton_klinger (tight band) @ 4.5%, 80% equity / 10% domestic",1.1307273677976935,1.13670354687048,8e-05,2.2516600242230488e-05,1.6766048457306615
0.8,0.1,guyton_klinger,guyton_klinger (tight band),0.05,True,"guyton_klinger (tight band) @ 5.0%, 80% equity / 10% domestic",1.1557877768124367,1.1659371843465849,0.00028,7.593437804630233e-05,1.7012906207459946
0.8,0.1,guyton_klinger,guyton_klinger (tight band),0.06,True,"guyton_klinger (tight band) @ 6.0%, 80% equity / 10% domestic",1.1924696136962678,1.2120461707992463,0.00248,0.0006953789607774766,1.735261632624382
0.8,0.1,guyton_klinger,guyton_klinger (no inflation rule),0.03,True,"guyton_klinger (no inflation rule) @ 3.0%, 80% equity / 10% domestic",1.0501212396756694,1.0433891760343728,0.00748,0.0032778572712518126,1.564779826041573
0.8,0.1,guyton_klinger,guyton_klinger (no inflation rule),0.035,True,"guyton_klinger (no inflation rule) @ 3.5%, 80% equity / 10% domestic",1.0934726797723402,1.0901202239434922,0.01192,0.005265281111208215,1.6128107083159777
0.8,0.1,guyton_klinger,guyton_klinger (no inflation rule),0.04,True,"guyton_klinger (no inflation rule) @ 4.0%, 80% equity / 10% domestic",1.1297655389692485,1.131146800341314,0.01812,0.008011453081281584,1.653285988101311
0.8,0.1,guyton_klinger,guyton_klinger (no inflation rule),0.045,True,"guyton_klinger (no inflation rule) @ 4.5%, 80% equity / 10% domestic",1.1581471379898047,1.1658683963819254,0.02852,0.012354120433082675,1.6866561095207946
0.8,0.1,guyton_klinger,guyton_klinger (no inflation rule),0.05,True,"guyton_klinger (no inflation rule) @ 5.0%, 80% equity / 10% domestic",1.1775591808574597,1.19384912156475,0.04788,0.019753427559314793,1.7137140913769313
0.8,0.1,guyton_klinger,guyton_klinger (no inflation rule),0.06,True,"guyton_klinger (no inflation rule) @ 6.0%, 80% equity / 10% domestic",1.1806773916769362,1.2241261653069226,0.12588,0.04892587943699773,1.7492242788565142
0.8,0.1,vanguard_dynamic,vanguard_dynamic,0.03,True,"vanguard_dynamic @ 3.0%, 80% equity / 10% domestic",1.05268700489026,1.0501634125499482,0.01356,0.006831100958663682,1.5189421278595692
0.8,0.1,vanguard_dynamic,vanguard_dynamic,0.035,True,"vanguard_dynamic @ 3.5%, 80% equity / 10% domestic",1.0955536004473434,1.098250451121252,0.02272,0.011660465862905875,1.5708595480899425
0.8,0.1,vanguard_dynamic,vanguard_dynamic,0.04,True,"vanguard_dynamic @ 4.0%, 80% equity / 10% domestic",1.1282378177327748,1.138720422317115,0.03828,0.019154689105699917,1.6154146048948994
0.8,0.1,vanguard_dynamic,vanguard_dynamic,0.045,True,"vanguard_dynamic @ 4.5%, 80% equity / 10% domestic",1.1459440819290125,1.1685651343804506,0.06512,0.03213920574068951,1.6522725221981398
0.8,0.1,vanguard_dynamic,vanguard_dynamic,0.05,True,"vanguard_dynamic @ 5.0%, 80% equity / 10% domestic",1.1446513603960677,1.1839244577135535,0.10612,0.052472888144648656,1.681780845617918
0.8,0.1,vanguard_dynamic,vanguard_dynamic,0.06,True,"vanguard_dynamic @ 6.0%, 80% equity / 10% domestic",1.0804120087155253,1.1572061686141975,0.24976,0.12833814014735492,1.7185231531149472
0.8,0.1,vanguard_dynamic,vanguard_dynamic (asymmetric),0.03,True,"vanguard_dynamic (asymmetric) @ 3.0%, 80% equity / 10% domestic",1.007094072097208,1.0100736617584583,0.00504,0.002933803896485181,1.429768023021643
0.8,0.1,vanguard_dynamic,vanguard_dynamic (asymmetric),0.035,True,"vanguard_dynamic (asymmetric) @ 3.5%, 80% equity / 10% domestic",1.0516628620337505,1.0575895924163794,0.00848,0.004660352167022696,1.4785044772344844
0.8,0.1,vanguard_dynamic,vanguard_dynamic (asymmetric),0.04,True,"vanguard_dynamic (asymmetric) @ 4.0%, 80% equity / 10% domestic",1.0890236550315229,1.0994169364036173,0.01412,0.00783782389420577,1.5227422375001436
0.8,0.1,vanguard_dynamic,vanguard_dynamic (asymmetric),0.045,True,"vanguard_dynamic (asymmetric) @ 4.5%, 80% equity / 10% domestic",1.1191300055993467,1.1353768918328997,0.0216,0.011790641790910498,1.5624956297011832
0.8,0.1,vanguard_dynamic,vanguard_dynamic (asymmetric),0.05,True,"vanguard_dynamic (asymmetric) @ 5.0%, 80% equity / 10% domestic",1.1407987596524465,1.1647759421208967,0.03292,0.017693623745410506,1.5972852209329182
0.8,0.1,vanguard_dynamic,vanguard_dynamic (asymmetric),0.06,True,"vanguard_dynamic (asymmetric) @ 6.0%, 80% equity / 10% domestic",1.1476895446416366,1.1945873003795988,0.08268,0.04307658011862162,1.6509572837761675
0.8,0.1,endowment,endowment,0.03,True,"endowment @ 3.0%, 80% equity / 10% domestic",1.0553739762475234,1.0512316670395108,0.00012,6.313674980869866e-05,1.5880246089547418
0.8,0.1,endowment,endowment,0.035,True,"endowment @ 3.5%, 80% equity / 10% domestic",1.0960950630554092,1.0959932856974093,0.0002,0.0001155872416697801,1.6298180461225455
0.8,0.1,endowment,endowment,0.04,True,"endowment @ 4.0%, 80% equity / 10% domestic",1.1298089767187436,1.134800533822121,0.00028,0.00017022268494489264,1.662587196537204
0.8,0.1,endowment,endowment,0.045,True,"endowment @ 4.5%, 80% equity / 10% domestic",1.1566451948555567,1.1677554246785595,0.00056,0.00034004097192668665,1.687487065532042
0.8,0.1,endowment,endowment,0.05,True,"endowment @ 5.0%, 80% equity / 10% domestic",1.1766230077782458,1.19480756142152,0.0012,0.0007883082501138952,1.7055581499777657
0.8,0.1,endowment,endowment,0.06,True,"endowment @ 6.0%, 80% equity / 10% domestic",1.1964110049419077,1.2310428145707477,0.00328,0.001958256173180535,1.7248746550256129
0.8,0.1,endowment,endowment (light smoothing),0.03,True,"endowment (light smoothing) @ 3.0%, 80% equity / 10% domestic",1.0585220299033482,1.0540024113594808,0.0,0.0,1.6068738469422537
0.8,0.1,endowment,endowment (light smoothing),0.035,True,"endowment (light smoothing) @ 3.5%, 80% equity / 10% domestic",1.0974296455837607,1.0966053126500919,0.0,0.0,1.6455770497249467
0.8,0.1,endowment,endowment (light smoothing),0.04,True,"endowment (light smoothing) @ 4.0%, 80% equity / 10% domestic",1.1296989183265622,1.1333572807519345,0.0,0.0,1.6750881814399943
0.8,0.1,endowment,endowment (light smoothing),0.045,True,"endowment (light smoothing) @ 4.5%, 80% equity / 10% domestic",1.1557756116754692,1.1646195923289089,0.0,0.0,1.6968763345055056
0.8,0.1,endowment,endowment (light smoothing),0.05,True,"endowment (light smoothing) @ 5.0%, 80% equity / 10% domestic",1.1760403316069168,1.1906754187637203,0.0,0.0,1.712209354533264
0.8,0.1,endowment,endowment (light smoothing),0.06,True,"endowment (light smoothing) @ 6.0%, 80% equity / 10% domestic",1.200570225743786,1.2281387094379634,0.0,0.0,1.7277217556287134
0.8,0.1,life_expectancy,life_expectancy,,False,"life_expectancy, 80% equity / 10% domestic",1.1927001841718683,1.1814070484489347,0.0,0.0,2.1148759187132065
0.8,0.1,life_expectancy,life_expectancy (+5y buffer),,False,"life_expectancy (+5y buffer), 80% equity / 10% domestic",1.145184604467265,1.1213223047316556,0.0,0.0,1.9650545334434488
0.8,0.1,gompertz,gompertz,,False,"gompertz, 80% equity / 10% domestic",1.2613001344294132,1.2707612652027878,0.0,0.0,1.8886965461599445
0.8,0.1,gompertz,gompertz (+5y buffer),,False,"gompertz (+5y buffer), 80% equity / 10% domestic",1.2034638630566232,1.1949818467502518,0.0,0.0,1.8628045451062243
0.8,0.1,amortisation,amortisation (0% assumed return),,False,"amortisation (0% assumed return), 80% equity / 10% domestic",1.1927001841718683,1.1814070484489347,0.0,0.0,2.1148759187132065
0.8,0.1,amortisation,amortisation (2% assumed return),,False,"amortisation (2% assumed return), 80% equity / 10% domestic",1.2438632640995637,1.2491060722700957,0.0,0.0,2.012131110158014
0.8,0.1,amortisation,amortisation (4% assumed return),,False,"amortisation (4% assumed return), 80% equity / 10% domestic",1.2646092529125808,1.2921560145534319,0.0,0.0,1.91859525759261
0.8,0.2,constant_real,constant_real,0.03,True,"constant_real @ 3.0%, 80% equity / 20% domestic",0.9789639897061995,0.9896241646279614,0.02668,0.013058107795687935,1.3754512134464507
0.8,0.2,constant_real,constant_real,0.035,True,"constant_real @ 3.5%, 80% equity / 20% domestic",1.021887600660044,1.0376667327162332,0.05268,0.025175195411808963,1.4246364924495165
0.8,0.2,constant_real,constant_real,0.04,True,"constant_real @ 4.0%, 80% equity / 20% domestic",1.0501960097437346,1.0757765394634227,0.09432,0.0454839350457942,1.4712135915017654
0.8,0.2,constant_real,constant_real,0.045,True,"constant_real @ 4.5%, 80% equity / 20% domestic",1.0574339259441625,1.098216089497067,0.1568,0.0771524372032593,1.5134357305372474
0.8,0.2,constant_real,constant_real,0.05,True,"constant_real @ 5.0%, 80% equity / 20% domestic",1.042275949622198,1.101031705698473,0.23396,0.11965659402617246,1.5497816097319326
0.8,0.2,constant_real,constant_real,0.06,True,"constant_real @ 6.0%, 80% equity / 20% domestic",0.9736304047742735,1.0557525057902255,0.39844,0.2250155244999646,1.6030424893440618
0.8,0.2,constant_percent,constant_percent,0.03,True,"constant_percent @ 3.0%, 80% equity / 20% domestic",1.0497604968047198,1.0457169545959153,0.0,0.0,1.5935311152137739
0.8,0.2,constant_percent,constant_percent,0.035,True,"constant_percent @ 3.5%, 80% equity / 20% domestic",1.0874127011261072,1.0869747852552216,0.0,0.0,1.6303712308574139
0.8,0.2,constant_percent,constant_percent,0.04,True,"constant_percent @ 4.0%, 80% equity / 20% domestic",1.1186243783042689,1.122515950442918,0.0,0.0,1.6583497056773981
0.8,0.2,constant_percent,constant_percent,0.045,True,"constant_percent @ 4.5%, 80% equity / 20% domestic",1.1438896629426119,1.1527471812169232,0.0,0.0,1.6789484278174325
0.8,0.2,constant_percent,constant_percent,0.05,True,"constant_percent @ 5.0%, 80% equity / 20% domestic",1.16363121249667,1.1779949627431017,0.0,0.0,1.6934309230877418
0.8,0.2,constant_percent,constant_percent,0.06,True,"constant_percent @ 6.0%, 80% equity / 20% domestic",1.1881016186387419,1.2146624361141976,0.0,0.0,1.7081848375436157
0.8,0.2,guyton_klinger,guyton_klinger,0.03,True,"guyton_klinger @ 3.0%, 80% equity / 20% domestic",1.0010487644087875,0.9987382237536062,0.0,0.0,1.5157912033125447
0.8,0.2,guyton_klinger,guyton_klinger,0.035,True,"guyton_klinger @ 3.5%, 80% equity / 20% domestic",1.040542140521551,1.0408134994354021,0.0,0.0,1.560627170660922
0.8,0.2,guyton_klinger,guyton_klinger,0.04,True,"guyton_klinger @ 4.0%, 80% equity / 20% domestic",1.0752406963191898,1.0786494657769967,4e-05,9.76827368647285e-06,1.598349611327532
0.8,0.2,guyton_klinger,guyton_klinger,0.045,True,"guyton_klinger @ 4.5%, 80% equity / 20% domestic",1.1055552037440615,1.1127011513473326,4e-05,1.1258300121115244e-05,1.6296791381771507
0.8,0.2,guyton_klinger,guyton_klinger,0.05,True,"guyton_klinger @ 5.0%, 80% equity / 20% domestic",1.1316227258797205,1.1429145362503537,0.00028,7.439118657776973e-05,1.6556581669522301
0.8,0.2,guyton_klinger,guyton_klinger,0.06,True,"guyton_klinger @ 6.0%, 80% equity / 20% domestic",1.1709560674940478,1.1918724986227052,0.00308,0.0008721780881840662,1.693471617701568
0.8,0.2,guyton_klinger,guyton_klinger (tight band),0.03,True,"guyton_klinger (tight band) @ 3.0%, 80% equity / 20% domestic",1.0180234976909532,1.014768541664795,0.0,0.0,1.5475084375622394
0.8,0.2,guyton_klinger,guyton_klinger (tight band),0.035,True,"guyton_klinger (tight band) @ 3.5%, 80% equity / 20% domestic",1.0575349474294526,1.0569483946822857,0.0,0.0,1.5925429069805332
0.8,0.2,guyton_klinger,guyton_klinger (tight band),0.04,True,"guyton_klinger (tight band) @ 4.0%, 80% equity / 20% domestic",1.0917746598986953,1.0944385986566088,0.0,0.0,1.6295745344764572
0.8,0.2,guyton_klinger,guyton_klinger (tight band),0.045,True,"guyton_klinger (tight band) @ 4.5%, 80% equity / 20% domestic",1.1210101323219952,1.1274092215185945,8e-05,2.1026573807588092e-05,1.659430961347146
0.8,0.2,guyton_klinger,guyton_klinger (tight band),0.05,True,"guyton_klinger (tight band) @ 5.0%, 80% equity / 20% domestic",1.1459008747040116,1.1564288801211018,0.00016,4.3596339083708785e-05,1.6833937655318827
0.8,0.2,guyton_klinger,guyton_klinger (tight band),0.06,True,"guyton_klinger (tight band) @ 6.0%, 80% equity / 20% domestic",1.1819261314007683,1.2018615206621768,0.00216,0.0005970704905541442,1.7159637522625188
0.8,0.2,guyton_klinger,guyton_klinger (no inflation rule),0.03,True,"guyton_klinger (no inflation rule) @ 3.0%, 80% equity / 20% domestic",1.0420553668866126,1.0357118545844535,0.0064,0.002885604421571827,1.5505951073248345
0.8,0.2,guyton_klinger,guyton_klinger (no inflation rule),0.035,True,"guyton_klinger (no inflation rule) @ 3.5%, 80% equity / 20% domestic",1.085126894549239,1.0820182817561435,0.01112,0.004814491311354813,1.597357674658114
0.8,0.2,guyton_klinger,guyton_klinger (no inflation rule),0.04,True,"guyton_klinger (no inflation rule) @ 4.0%, 80% equity / 20% domestic",1.1208591489204263,1.1223207458921955,0.01776,0.007617508261607435,1.636299894146613
0.8,0.2,guyton_klinger,guyton_klinger (no inflation rule),0.045,True,"guyton_klinger (no inflation rule) @ 4.5%, 80% equity / 20% domestic",1.1491042435609045,1.1568560403308314,0.02916,0.012213020636994651,1.6689309832741037
0.8,0.2,guyton_klinger,guyton_klinger (no inflation rule),0.05,True,"guyton_klinger (no inflation rule) @ 5.0%, 80% equity / 20% domestic",1.168197047831651,1.1845687493826182,0.04836,0.019633567514024394,1.6947557037234373
0.8,0.2,guyton_klinger,guyton_klinger (no inflation rule),0.06,True,"guyton_klinger (no inflation rule) @ 6.0%, 80% equity / 20% domestic",1.1711070765772449,1.2146209408540707,0.12948,0.050162783000105335,1.7293364620198093
0.8,0.2,vanguard_dynamic,vanguard_dynamic,0.03,True,"vanguard_dynamic @ 3.0%, 80% equity / 20% domestic",1.0460042399456733,1.043576232782285,0.01252,0.006192197242414994,1.5083778066371492
0.8,0.2,vanguard_dynamic,vanguard_dynamic,0.035,True,"vanguard_dynamic @ 3.5%, 80% equity / 20% domestic",1.088201637577681,1.0911214224783956,0.02332,0.011758832860221332,1.5588161786099561
0.8,0.2,vanguard_dynamic,vanguard_dynamic,0.04,True,"vanguard_dynamic @ 4.0%, 80% equity / 20% domestic",1.1198496771983752,1.1307571146313273,0.04008,0.019769260975859678,1.601819648313831
0.8,0.2,vanguard_dynamic,vanguard_dynamic,0.045,True,"vanguard_dynamic @ 4.5%, 80% equity / 20% domestic",1.1366338207607358,1.1596783716527457,0.0676,0.03348000928213017,1.6374156961431425
0.8,0.2,vanguard_dynamic,vanguard_dynamic,0.05,True,"vanguard_dynamic @ 5.0%, 80% equity / 20% domestic",1.1358155931548015,1.174976107783979,0.11016,0.05439986592598281,1.665924990368472
0.8,0.2,vanguard_dynamic,vanguard_dynamic,0.06,True,"vanguard_dynamic @ 6.0%, 80% equity / 20% domestic",1.073800249292207,1.1498894240848594,0.2556,0.13108224480426933,1.7012904715170176
0.8,0.2,vanguard_dynamic,vanguard_dynamic (asymmetric),0.03,True,"vanguard_dynamic (asymmetric) @ 3.0%, 80% equity / 20% domestic",1.0004723692258983,1.0036468008416595,0.00456,0.0027028223858467045,1.4218979777439131
0.8,0.2,vanguard_dynamic,vanguard_dynamic (asymmetric),0.035,True,"vanguard_dynamic (asymmetric) @ 3.5%, 80% equity / 20% domestic",1.0447822431833103,1.050787070014974,0.00724,0.004143502743081178,1.469545315574185
0.8,0.2,vanguard_dynamic,vanguard_dynamic (asymmetric),0.04,True,"vanguard_dynamic (asymmetric) @ 4.0%, 80% equity / 20% domestic",1.0819584656931336,1.0924138196440965,0.01388,0.0073598995655540286,1.5127515309789044
0.8,0.2,vanguard_dynamic,vanguard_dynamic (asymmetric),0.045,True,"vanguard_dynamic (asymmetric) @ 4.5%, 80% equity / 20% domestic",1.1112081404449436,1.1277128161680148,0.02232,0.011928257900296117,1.551317344880196
0.8,0.2,vanguard_dynamic,vanguard_dynamic (asymmetric),0.05,True,"vanguard_dynamic (asymmetric) @ 5.0%, 80% equity / 20% domestic",1.1324052402603877,1.156641058706115,0.0344,0.018337881905214716,1.5852050888578264
0.8,0.2,vanguard_dynamic,vanguard_dynamic (asymmetric),0.06,True,"vanguard_dynamic (asymmetric) @ 6.0%, 80% equity / 20% domestic",1.1388265808937579,1.1855706639126278,0.08476,0.044361780078260984,1.6370085543804807
0.8,0.2,endowment,endowment,0.03,True,"endowment @ 3.0%, 80% equity / 20% domestic",1.0467873767659535,1.0431435591107883,0.00012,5.717708609642866e-05,1.5718125667950902
0.8,0.2,endowment,endowment,0.035,True,"endowment @ 3.5%, 80% equity / 20% domestic",1.0868398102622596,1.0872269518871946,0.00012,7.159077429300346e-05,1.6124152468069588
0.8,0.2,endowment,endowment,0.04,True,"endowment @ 4.0%, 80% equity / 20% domestic",1.1200056452733878,1.1254538981920599,0.00024,0.00013719720772529254,1.6442915042688597
0.8,0.2,endowment,endowment,0.045,True,"endowment @ 4.5%, 80% equity / 20% domestic",1.1464281781392027,1.1579329267622969,0.00032,0.0001915573284054788,1.6685570970980486
0.8,0.2,endowment,endowment,0.05,True,"endowment @ 5.0%, 80% equity / 20% domestic",1.1661495307873926,1.1846431229204342,0.00088,0.0005144739653768548,1.6862172304100622
0.8,0.2,endowment,endowment,0.06,True,"endowment @ 6.0%, 80% equity / 20% domestic",1.1858454565583367,1.2205571195038931,0.00268,0.0015967222161479722,1.7052519081680027
0.8,0.2,endowment,endowment (light smoothing),0.03,True,"endowment (light smoothing) @ 3.0%, 80% equity / 20% domestic",1.0497673398939606,1.0457706706587673,0.0,0.0,1.5896846570688496
0.8,0.2,endowment,endowment (light smoothing),0.035,True,"endowment (light smoothing) @ 3.5%, 80% equity / 20% domestic",1.0879931408605423,1.0876973763864366,0.0,0.0,1.6272936022745759
0.8,0.2,endowment,endowment (light smoothing),0.04,True,"endowment (light smoothing) @ 4.0%, 80% equity / 20% domestic",1.119677590246724,1.1238575700064284,0.0,0.0,1.6560201662042895
0.8,0.2,endowment,endowment (light smoothing),0.045,True,"endowment (light smoothing) @ 4.5%, 80% equity / 20% domestic",1.1452607089728255,1.1546057774423857,0.0,0.0,1.677281461544473
0.8,0.2,endowment,endowment (light smoothing),0.05,True,"endowment (light smoothing) @ 5.0%, 80% equity / 20% domestic",1.1651199234764475,1.180221019402846,0.0,0.0,1.6923006494670307
0.8,0.2,endowment,endowment (light smoothing),0.06,True,"endowment (light smoothing) @ 6.0%, 80% equity / 20% domestic",1.189096882419941,1.2170153048909336,0.0,0.0,1.7076768101297002
0.8,0.2,life_expectancy,life_expectancy,,False,"life_expectancy, 80% equity / 20% domestic",1.183535577188489,1.1722696994943769,0.0,0.0,2.0799335446339327
0.8,0.2,life_expectancy,life_expectancy (+5y buffer),,False,"life_expectancy (+5y buffer), 80% equity / 20% domestic",1.1360252147803283,1.1127453162074474,0.0,0.0,1.9351039270897854
0.8,0.2,gompertz,gompertz,,False,"gompertz, 80% equity / 20% domestic",1.2495084004184003,1.259663091788158,0.0,0.0,1.863112364680995
0.8,0.2,gompertz,gompertz (+5y buffer),,False,"gompertz (+5y buffer), 80% equity / 20% domestic",1.1928688385303443,1.1850688561070764,0.0,0.0,1.8373557363895485
0.8,0.2,amortisation,amortisation (0% assumed return),,False,"amortisation (0% assumed return), 80% equity / 20% domestic",1.183535577188489,1.1722696994943769,0.0,0.0,2.0799335446339327
0.8,0.2,amortisation,amortisation (2% assumed return),,False,"amortisation (2% assumed return), 80% equity / 20% domestic",1.2336035624359927,1.2387634761070285,0.0,0.0,1.9815472902757834
0.8,0.2,amortisation,amortisation (4% assumed return),,False,"amortisation (4% assumed return), 80% equity / 20% domestic",1.2535136679994618,1.2808439311720157,0.0,0.0,1.8919386389465516
0.8,0.3,constant_real,constant_real,0.03,True,"constant_real @ 3.0%, 80% equity / 30% domestic",0.9698742627082921,0.9806862944238464,0.03044,0.014598431212111327,1.368822617213194
0.8,0.3,constant_real,constant_real,0.035,True,"constant_real @ 3.5%, 80% equity / 30% domestic",1.0109466995692011,1.0271059723069857,0.05788,0.027800964572221205,1.4167724548724132
0.8,0.3,constant_real,constant_real,0.04,True,"constant_real @ 4.0%, 80% equity / 30% domestic",1.0372911963331952,1.0633168334126981,0.10156,0.04953755537044949,1.4620461004806053
0.8,0.3,constant_real,constant_real,0.045,True,"constant_real @ 4.5%, 80% equity / 30% domestic",1.0443754899927467,1.0848529616598164,0.16356,0.08146338587293371,1.5030965305256794
0.8,0.3,constant_real,constant_real,0.05,True,"constant_real @ 5.0%, 80% equity / 30% domestic",1.0307558423185759,1.088096046726531,0.23996,0.12395883093422044,1.53865457805381
0.8,0.3,constant_real,constant_real,0.06,True,"constant_real @ 6.0%, 80% equity / 30% domestic",0.9666778601625383,1.0468164939615217,0.40772,0.22977657839756488,1.5907196395568997
0.8,0.3,constant_percent,constant_percent,0.03,True,"constant_percent @ 3.0%, 80% equity / 30% domestic",1.0356446855314636,1.032597076902774,0.0,0.0,1.5768664283566105
0.8,0.3,constant_percent,constant_percent,0.035,True,"constant_percent @ 3.5%, 80% equity / 30% domestic",1.0718530982072074,1.0724166917945008,0.0,0.0,1.61267378976956
0.8,0.3,constant_percent,constant_percent,0.04,True,"constant_percent @ 4.0%, 80% equity / 30% domestic",1.1018076013443918,1.1066669034945382,0.0,0.0,1.6399151511076573
0.8,0.3,constant_percent,constant_percent,0.045,True,"constant_percent @ 4.5%, 80% equity / 30% domestic",1.1260084641699393,1.135759248037194,0.0,0.0,1.6600204212321192
0.8,0.3,constant_percent,constant_percent,0.05,True,"constant_percent @ 5.0%, 80% equity / 30% domestic",1.144883426864853,1.1600254249659503,0.0,0.0,1.6742090063688149
0.8,0.3,constant_percent,constant_percent,0.06,True,"constant_percent @ 6.0%, 80% equity / 30% domestic",1.1682211685984103,1.195218052323626,0.0,0.0,1.6888301343616186
0.8,0.3,guyton_klinger,guyton_klinger,0.03,True,"guyton_klinger @ 3.0%, 80% equity / 30% domestic",0.9898488734048263,0.9881402244656333,0.0,0.0,1.5036534272388393
0.8,0.3,guyton_klinger,guyton_klinger,0.035,True,"guyton_klinger @ 3.5%, 80% equity / 30% domestic",1.0280723461884784,1.0288983124124804,0.0,0.0,1.5471408299228555
0.8,0.3,guyton_klinger,guyton_klinger,0.04,True,"guyton_klinger @ 4.0%, 80% equity / 30% domestic",1.0616438726346,1.0656182681394832,0.0,0.0,1.5837764810900663
0.8,0.3,guyton_klinger,guyton_klinger,0.045,True,"guyton_klinger @ 4.5%, 80% equity / 30% domestic",1.0911621591328124,1.0988284724939614,4e-05,1.1258300121115244e-05,1.6143677274740558
0.8,0.3,guyton_klinger,guyton_klinger,0.05,True,"guyton_klinger @ 5.0%, 80% equity / 30% domestic",1.1161158650453928,1.1279109637580722,0.0002,5.336461277018164e-05,1.6392157748392964
0.8,0.3,guyton_klinger,guyton_klinger,0.06,True,"guyton_klinger @ 6.0%, 80% equity / 30% domestic",1.1536682983548703,1.1748954066018422,0.00268,0.0007591574459485963,1.675783224722038
0.8,0.3,guyton_klinger,guyton_klinger (tight band),0.03,True,"guyton_klinger (tight band) @ 3.0%, 80% equity / 30% domestic",1.0066705319888194,1.0040615708400933,0.0,0.0,1.534238660001569
0.8,0.3,guyton_klinger,guyton_klinger (tight band),0.035,True,"guyton_klinger (tight band) @ 3.5%, 80% equity / 30% domestic",1.0449302126841267,1.0449853628241277,0.0,0.0,1.5780794309820538
0.8,0.3,guyton_klinger,guyton_klinger (tight band),0.04,True,"guyton_klinger (tight band) @ 4.0%, 80% equity / 30% domestic",1.0780485625308045,1.0812930458912737,0.0,0.0,1.6140352358194408
0.8,0.3,guyton_klinger,guyton_klinger (tight band),0.045,True,"guyton_klinger (tight band) @ 4.5%, 80% equity / 30% domestic",1.1062050882185455,1.1131018766606895,0.0,0.0,1.6432127560859737
0.8,0.3,guyton_klinger,guyton_klinger (tight band),0.05,True,"guyton_klinger (tight band) @ 5.0%, 80% equity / 30% domestic",1.129898173188115,1.140926194014745,0.00012,2.930482105941855e-05,1.6660830988267439
0.8,0.3,guyton_klinger,guyton_klinger (tight band),0.06,True,"guyton_klinger (tight band) @ 6.0%, 80% equity / 30% domestic",1.1646217543195265,1.1848679246998444,0.00228,0.0006144534208796461,1.6975976956137708
0.8,0.3,guyton_klinger,guyton_klinger (no inflation rule),0.03,True,"guyton_klinger (no inflation rule) @ 3.0%, 80% equity / 30% domestic",1.029527254073546,1.0239997137366394,0.00652,0.002859419278406058,1.5366319108436837
0.8,0.3,guyton_klinger,guyton_klinger (no inflation rule),0.035,True,"guyton_klinger (no inflation rule) @ 3.5%, 80% equity / 30% domestic",1.0708838627557047,1.0685693135844412,0.01136,0.0048734903657926786,1.5818093735452965
0.8,0.3,guyton_klinger,guyton_klinger (no inflation rule),0.04,True,"guyton_klinger (no inflation rule) @ 4.0%, 80% equity / 30% domestic",1.105705506241392,1.1079069367929262,0.0192,0.007948032988779084,1.6198939612062264
0.8,0.3,guyton_klinger,guyton_klinger (no inflation rule),0.045,True,"guyton_klinger (no inflation rule) @ 4.5%, 80% equity / 30% domestic",1.132514267440798,1.1410723111424972,0.03264,0.013290963857829302,1.650988306352365
0.8,0.3,guyton_klinger,guyton_klinger (no inflation rule),0.05,True,"guyton_klinger (no inflation rule) @ 5.0%, 80% equity / 30% domestic",1.1502825403207253,1.167656016342562,0.05448,0.021782093765380622,1.6763468128728332
0.8,0.3,guyton_klinger,guyton_klinger (no inflation rule),0.06,True,"guyton_klinger (no inflation rule) @ 6.0%, 80% equity / 30% domestic",1.1526530715272691,1.1959745839472415,0.13636,0.053393327933096445,1.70998812522198
0.8,0.3,vanguard_dynamic,vanguard_dynamic,0.03,True,"vanguard_dynamic @ 3.0%, 80% equity / 30% domestic",1.0341828629493757,1.0325125401462922,0.0136,0.006774470534083587,1.497021836983729
0.8,0.3,vanguard_dynamic,vanguard_dynamic,0.035,True,"vanguard_dynamic @ 3.5%, 80% equity / 30% domestic",1.0746720650826873,1.078510227261641,0.0266,0.013070075614245065,1.5460501178267143
0.8,0.3,vanguard_dynamic,vanguard_dynamic,0.04,True,"vanguard_dynamic @ 4.0%, 80% equity / 30% domestic",1.1041338443599127,1.1162077335977887,0.04532,0.022456113957416025,1.5876971741442971
0.8,0.3,vanguard_dynamic,vanguard_dynamic,0.045,True,"vanguard_dynamic @ 4.5%, 80% equity / 30% domestic",1.119372722824216,1.143361621946427,0.07448,0.03709978646007834,1.6218853521905199
0.8,0.3,vanguard_dynamic,vanguard_dynamic,0.05,True,"vanguard_dynamic @ 5.0%, 80% equity / 30% domestic",1.1174957563529277,1.1570762327095094,0.12016,0.05978227394706724,1.6493580479480314
0.8,0.3,vanguard_dynamic,vanguard_dynamic,0.06,True,"vanguard_dynamic @ 6.0%, 80% equity / 30% domestic",1.0609132419150806,1.1349624982186086,0.26384,0.13585461305724078,1.683770914071553
0.8,0.3,vanguard_dynamic,vanguard_dynamic (asymmetric),0.03,True,"vanguard_dynamic (asymmetric) @ 3.0%, 80% equity / 30% domestic",0.9898798240993342,0.993512705011095,0.00476,0.002796053815721739,1.4134721419976606
0.8,0.3,vanguard_dynamic,vanguard_dynamic (asymmetric),0.035,True,"vanguard_dynamic (asymmetric) @ 3.5%, 80% equity / 30% domestic",1.032732810122813,1.0392718330781725,0.00792,0.004471027638320028,1.4598143720653944
0.8,0.3,vanguard_dynamic,vanguard_dynamic (asymmetric),0.04,True,"vanguard_dynamic (asymmetric) @ 4.0%, 80% equity / 30% domestic",1.0687655396004732,1.079771435970715,0.01504,0.007910906003582178,1.5019303680437304
0.8,0.3,vanguard_dynamic,vanguard_dynamic (asymmetric),0.045,True,"vanguard_dynamic (asymmetric) @ 4.5%, 80% equity / 30% domestic",1.0966449840617594,1.1137950149018672,0.02516,0.013362676660142578,1.5395635577008966
0.8,0.3,vanguard_dynamic,vanguard_dynamic (asymmetric),0.05,True,"vanguard_dynamic (asymmetric) @ 5.0%, 80% equity / 30% domestic",1.1155523776907739,1.1407988162478626,0.0416,0.02169164476211234,1.5722107886649406
0.8,0.3,vanguard_dynamic,vanguard_dynamic (asymmetric),0.06,True,"vanguard_dynamic (asymmetric) @ 6.0%, 80% equity / 30% domestic",1.1206851302586924,1.1675938036205828,0.09304,0.049264015522681635,1.6220763561567346
0.8,0.3,endowment,endowment,0.03,True,"endowment @ 3.0%, 80% equity / 30% domestic",1.0331315258395357,1.0304698094598894,8e-05,3.501375198962103e-05,1.5562476403299446
0.8,0.3,endowment,endowment,0.035,True,"endowment @ 3.5%, 80% equity / 30% domestic",1.0716949781433904,1.0730726431746265,0.00012,6.716704047203282e-05,1.5956970179121668
0.8,0.3,endowment,endowment,0.04,True,"endowment @ 4.0%, 80% equity / 30% domestic",1.1035492174118926,1.1099459200856419,0.00016,8.753996466256253e-05,1.6267044473454702
0.8,0.3,endowment,endowment,0.045,True,"endowment @ 4.5%, 80% equity / 30% domestic",1.1288842514774162,1.1412372476145862,0.00032,0.0001740805631207735,1.6503481712337686
0.8,0.3,endowment,endowment,0.05,True,"endowment @ 5.0%, 80% equity / 30% domestic",1.147786962170436,1.166961499723621,0.0006,0.0003376132031299805,1.667600194012585
0.8,0.3,endowment,endowment,0.06,True,"endowment @ 6.0%, 80% equity / 30% domestic",1.1666410062464756,1.2015373845710153,0.00236,0.0014196156982653049,1.68633701249328
0.8,0.3,endowment,endowment (light smoothing),0.03,True,"endowment (light smoothing) @ 3.0%, 80% equity / 30% domestic",1.035698540888069,1.0327030085709759,0.0,0.0,1.573219135693635
0.8,0.3,endowment,endowment (light smoothing),0.035,True,"endowment (light smoothing) @ 3.5%, 80% equity / 30% domestic",1.072456935495121,1.0731697450264739,0.0,0.0,1.6097688763694797
0.8,0.3,endowment,endowment (light smoothing),0.04,True,"endowment (light smoothing) @ 4.0%, 80% equity / 30% domestic",1.1028602579321658,1.108015074230611,0.0,0.0,1.6377315811744393
0.8,0.3,endowment,endowment (light smoothing),0.045,True,"endowment (light smoothing) @ 4.5%, 80% equity / 30% domestic",1.1273579125682136,1.1376008118934244,0.0,0.0,1.658475016651637
0.8,0.3,endowment,endowment (light smoothing),0.05,True,"endowment (light smoothing) @ 5.0%, 80% equity / 30% domestic",1.1463356857854303,1.1622138986396895,0.0,0.0,1.6731799062912043
0.8,0.3,endowment,endowment (light smoothing),0.06,True,"endowment (light smoothing) @ 6.0%, 80% equity / 30% domestic",1.1691804688676006,1.1975123446851466,0.0,0.0,1.6883978489215081
0.8,0.3,life_expectancy,life_expectancy,,False,"life_expectancy, 80% equity / 30% domestic",1.1670908541164726,1.15633426120357,0.0,0.0,2.0465975691736324
0.8,0.3,life_expectancy,life_expectancy (+5y buffer),,False,"life_expectancy (+5y buffer), 80% equity / 30% domestic",1.120320617496574,1.0984060376018312,0.0,0.0,1.9065302338380996
0.8,0.3,gompertz,gompertz,,False,"gompertz, 80% equity / 30% domestic",1.2279682907609273,1.2393686353788658,0.0,0.0,1.8385572374322219
0.8,0.3,gompertz,gompertz (+5y buffer),,False,"gompertz (+5y buffer), 80% equity / 30% domestic",1.1740376193788258,1.1677003308910832,0.0,0.0,1.8129885364437064
0.8,0.3,amortisation,amortisation (0% assumed return),,False,"amortisation (0% assumed return), 80% equity / 30% domestic",1.1670908541164726,1.15633426120357,0.0,0.0,2.0465975691736324
0.8,0.3,amortisation,amortisation (2% assumed return),,False,"amortisation (2% assumed return), 80% equity / 30% domestic",1.2145134644970714,1.219912699563893,0.0,0.0,1.9522969576564242
0.8,0.3,amortisation,amortisation (4% assumed return),,False,"amortisation (4% assumed return), 80% equity / 30% domestic",1.2327527224411374,1.2597875622201846,0.0,0.0,1.8663745066441662
0.8,0.5,constant_real,constant_real,0.03,True,"constant_real @ 3.0%, 80% equity / 50% domestic",0.9423561151054256,0.9541427443592824,0.04716,0.022896458663786534,1.355104786355715
0.8,0.5,constant_real,constant_real,0.035,True,"constant_real @ 3.5%, 80% equity / 50% domestic",0.9770208575592936,0.9946792333234981,0.0804,0.040070271827551185,1.400137526740802
0.8,0.5,constant_real,constant_real,0.04,True,"constant_real @ 4.0%, 80% equity / 50% domestic",0.9985900894901526,1.0255591155214627,0.12824,0.06512187342232607,1.4426140643151608
0.8,0.5,constant_real,constant_real,0.045,True,"constant_real @ 4.5%, 80% equity / 50% domestic",1.0047102611585124,1.044009855371276,0.18744,0.09757404101433884,1.4813986693131809
0.8,0.5,constant_real,constant_real,0.05,True,"constant_real @ 5.0%, 80% equity / 50% domestic",0.9950386259308011,1.0480541181626222,0.26264,0.1398807642494119,1.5149713073890378
0.8,0.5,constant_real,constant_real,0.06,True,"constant_real @ 6.0%, 80% equity / 50% domestic",0.9429989866097593,1.0166794427539585,0.42936,0.24529996931472903,1.5637173403418962
0.8,0.5,constant_percent,constant_percent,0.03,True,"constant_percent @ 3.0%, 80% equity / 50% domestic",0.9953489085298712,0.9951885407298702,0.0,0.0,1.5452214634278532
0.8,0.5,constant_percent,constant_percent,0.035,True,"constant_percent @ 3.5%, 80% equity / 50% domestic",1.0270276980030193,1.0304315019371069,0.0,0.0,1.5790426098313834
0.8,0.5,constant_percent,constant_percent,0.04,True,"constant_percent @ 4.0%, 80% equity / 50% domestic",1.0530511237502171,1.0605607997541606,0.0,0.0,1.6048563669486793
0.8,0.5,constant_percent,constant_percent,0.045,True,"constant_percent @ 4.5%, 80% equity / 50% domestic",1.073952595466786,1.0860216452422533,0.0,0.0,1.6239949539803906
0.8,0.5,constant_percent,constant_percent,0.05,True,"constant_percent @ 5.0%, 80% equity / 50% domestic",1.0901816495948697,1.1071742246944853,0.0,0.0,1.6375948162534213
0.8,0.5,constant_percent,constant_percent,0.06,True,"constant_percent @ 6.0%, 80% equity / 50% domestic",1.110203171477271,1.1377670520779892,0.0,0.0,1.651902185658669
0.8,0.5,guyton_klinger,guyton_klinger,0.03,True,"guyton_klinger @ 3.0%, 80% equity / 50% domestic",0.9558539007771049,0.9564442037413542,0.0,0.0,1.475955744981413
0.8,0.5,guyton_klinger,guyton_klinger,0.035,True,"guyton_klinger @ 3.5%, 80% equity / 50% domestic",0.9899100616828016,0.9931142526002523,0.0,0.0,1.5169036597868035
0.8,0.5,guyton_klinger,guyton_klinger,0.04,True,"guyton_klinger @ 4.0%, 80% equity / 50% domestic",1.019620388563123,1.0259238931049057,0.0,0.0,1.5514590319983295
0.8,0.5,guyton_klinger,guyton_klinger,0.045,True,"guyton_klinger @ 4.5%, 80% equity / 50% domestic",1.045376067904383,1.0551689236820718,0.0,0.0,1.580270757607427
0.8,0.5,guyton_klinger,guyton_klinger,0.05,True,"guyton_klinger @ 5.0%, 80% equity / 50% domestic",1.0672584145945867,1.0808924095969425,8e-05,2.25697652761207e-05,1.6040517121174658
0.8,0.5,guyton_klinger,guyton_klinger,0.06,True,"guyton_klinger @ 6.0%, 80% equity / 50% domestic",1.0997495142251603,1.122018630643989,0.00236,0.0006552208143180394,1.6390733966417266
0.8,0.5,guyton_klinger,guyton_klinger (tight band),0.03,True,"guyton_klinger (tight band) @ 3.0%, 80% equity / 50% domestic",0.9712343444425988,0.9710217117469718,0.0,0.0,1.5045779723951993
0.8,0.5,guyton_klinger,guyton_klinger (tight band),0.035,True,"guyton_klinger (tight band) @ 3.5%, 80% equity / 50% domestic",1.0048653848457216,1.0073335056683987,0.0,0.0,1.545859706252834
0.8,0.5,guyton_klinger,guyton_klinger (tight band),0.04,True,"guyton_klinger (tight band) @ 4.0%, 80% equity / 50% domestic",1.0340533448499862,1.0396803050781587,0.0,0.0,1.5798011478034697
0.8,0.5,guyton_klinger,guyton_klinger (tight band),0.045,True,"guyton_klinger (tight band) @ 4.5%, 80% equity / 50% domestic",1.0586923196133367,1.067833205000382,0.0,0.0,1.6072370301005194
0.8,0.5,guyton_klinger,guyton_klinger (tight band),0.05,True,"guyton_klinger (tight band) @ 5.0%, 80% equity / 50% domestic",1.0791884796746507,1.092165703862538,8e-05,2.25697652761207e-05,1.6290723250940198
0.8,0.5,guyton_klinger,guyton_klinger (tight band),0.06,True,"guyton_klinger (tight band) @ 6.0%, 80% equity / 50% domestic",1.1091308468840206,1.1305829401067966,0.0024,0.0006482266419862145,1.6593178010810945
0.8,0.5,guyton_klinger,guyton_klinger (no inflation rule),0.03,True,"guyton_klinger (no inflation rule) @ 3.0%, 80% equity / 50% domestic",0.9935631910488492,0.9905694883758152,0.00976,0.0039597500807997165,1.5089881247944417
0.8,0.5,guyton_klinger,guyton_klinger (no inflation rule),0.035,True,"guyton_klinger (no inflation rule) @ 3.5%, 80% equity / 50% domestic",1.0301490356909522,1.030521822274365,0.01884,0.00753522351648013,1.5516139612194129
0.8,0.5,guyton_klinger,guyton_klinger (no inflation rule),0.04,True,"guyton_klinger (no inflation rule) @ 4.0%, 80% equity / 50% domestic",1.0599360508096296,1.0652256700731795,0.03268,0.013099567083034325,1.587222576761981
0.8,0.5,guyton_klinger,guyton_klinger (no inflation rule),0.045,True,"guyton_klinger (no inflation rule) @ 4.5%, 80% equity / 50% domestic",1.0815356673371694,1.0936057733163045,0.0524,0.021291503118033673,1.6164848060670993
0.8,0.5,guyton_klinger,guyton_klinger (no inflation rule),0.05,True,"guyton_klinger (no inflation rule) @ 5.0%, 80% equity / 50% domestic",1.094784874841936,1.1155819804811118,0.07888,0.03258554082466334,1.6402002072347694
0.8,0.5,guyton_klinger,guyton_klinger (no inflation rule),0.06,True,"guyton_klinger (no inflation rule) @ 6.0%, 80% equity / 50% domestic",1.0955284606547553,1.1385328079991068,0.16192,0.0674981541870065,1.6727707573435315
0.8,0.5,vanguard_dynamic,vanguard_dynamic,0.03,True,"vanguard_dynamic @ 3.0%, 80% equity / 50% domestic",0.9975635282049543,0.9988627663957854,0.02428,0.011938294862532598,1.4724059949526243
0.8,0.5,vanguard_dynamic,vanguard_dynamic,0.035,True,"vanguard_dynamic @ 3.5%, 80% equity / 50% domestic",1.031516447505088,1.0388562813745332,0.04288,0.021571155121801886,1.5182137617127873
0.8,0.5,vanguard_dynamic,vanguard_dynamic,0.04,True,"vanguard_dynamic @ 4.0%, 80% equity / 50% domestic",1.054611302161472,1.070477095808592,0.06888,0.03502625508297353,1.55707241765956
0.8,0.5,vanguard_dynamic,vanguard_dynamic,0.045,True,"vanguard_dynamic @ 4.5%, 80% equity / 50% domestic",1.0658783831408891,1.092517573075159,0.1016,0.05267903698459657,1.5892743173418764
0.8,0.5,vanguard_dynamic,vanguard_dynamic,0.05,True,"vanguard_dynamic @ 5.0%, 80% equity / 50% domestic",1.0635169657147374,1.1034922827782734,0.15176,0.07804523907940372,1.6150532647380738
0.8,0.5,vanguard_dynamic,vanguard_dynamic,0.06,True,"vanguard_dynamic @ 6.0%, 80% equity / 50% domestic",1.0211594150010384,1.0878870297563592,0.28472,0.1514643605126142,1.6480213049093655
0.8,0.5,vanguard_dynamic,vanguard_dynamic (asymmetric),0.03,True,"vanguard_dynamic (asymmetric) @ 3.0%, 80% equity / 50% domestic",0.9592571441439866,0.9643710781856075,0.0082,0.004493987735095341,1.3952207518017068
0.8,0.5,vanguard_dynamic,vanguard_dynamic (asymmetric),0.035,True,"vanguard_dynamic (asymmetric) @ 3.5%, 80% equity / 50% domestic",0.9970563699726896,1.005363767263317,0.01416,0.007571006951152581,1.438816480212756
0.8,0.5,vanguard_dynamic,vanguard_dynamic (asymmetric),0.04,True,"vanguard_dynamic (asymmetric) @ 4.0%, 80% equity / 50% domestic",1.027563937214456,1.04074751547862,0.0258,0.01364306773837491,1.4782579716405289
0.8,0.5,vanguard_dynamic,vanguard_dynamic (asymmetric),0.045,True,"vanguard_dynamic (asymmetric) @ 4.5%, 80% equity / 50% domestic",1.0499695912785612,1.069539904142921,0.04124,0.022387258653377838,1.513249911156598
0.8,0.5,vanguard_dynamic,vanguard_dynamic (asymmetric),0.05,True,"vanguard_dynamic (asymmetric) @ 5.0%, 80% equity / 50% domestic",1.0641552821648304,1.0913710241000045,0.06108,0.03314545470325301,1.5435557472862331
0.8,0.5,vanguard_dynamic,vanguard_dynamic (asymmetric),0.06,True,"vanguard_dynamic (asymmetric) @ 6.0%, 80% equity / 50% domestic",1.066198094406878,1.111918426707599,0.12128,0.06612385839946472,1.589957729498115
0.8,0.5,endowment,endowment,0.03,True,"endowment @ 3.0%, 80% equity / 50% domestic",0.9943721388447113,0.9946047287321468,8e-05,2.5742306469030382e-05,1.5265780244078448
0.8,0.5,endowment,endowment,0.035,True,"endowment @ 3.5%, 80% equity / 50% domestic",1.0281878784501428,1.0324544141323329,0.00016,6.845736077330404e-05,1.5638035696779766
0.8,0.5,endowment,endowment,0.04,True,"endowment @ 4.0%, 80% equity / 50% domestic",1.055866656408721,1.0649772929763661,0.00016,8.229327782810504e-05,1.5931260503100684
0.8,0.5,endowment,endowment,0.045,True,"endowment @ 4.5%, 80% equity / 50% domestic",1.0776841124438106,1.0923878902209887,0.00024,0.00011715586086023485,1.6155527864889307
0.8,0.5,endowment,endowment,0.05,True,"endowment @ 5.0%, 80% equity / 50% domestic",1.0938129074636882,1.1147795890788081,0.00084,0.0004606319795831467,1.6319917866874278
0.8,0.5,endowment,endowment,0.06,True,"endowment @ 6.0%, 80% equity / 50% domestic",1.109675059016801,1.1446899222499156,0.0026,0.0015702835806879454,1.6500915132954121
0.8,0.5,endowment,endowment (light smoothing),0.03,True,"endowment (light smoothing) @ 3.0%, 80% equity / 50% domestic",0.9956269216339432,0.9955365895380373,0.0,0.0,1.5419258079937912
0.8,0.5,endowment,endowment (light smoothing),0.035,True,"endowment (light smoothing) @ 3.5%, 80% equity / 50% domestic",1.0277888718782369,1.0313670243995698,0.0,0.0,1.5764371090710538
0.8,0.5,endowment,endowment (light smoothing),0.04,True,"endowment (light smoothing) @ 4.0%, 80% equity / 50% domestic",1.0541912418523605,1.0620225772871008,0.0,0.0,1.6029196855804098
0.8,0.5,endowment,endowment (light smoothing),0.045,True,"endowment (light smoothing) @ 4.5%, 80% equity / 50% domestic",1.0753275984636321,1.0879074131325335,0.0,0.0,1.6226485464431475
0.8,0.5,endowment,endowment (light smoothing),0.05,True,"endowment (light smoothing) @ 5.0%, 80% equity / 50% domestic",1.0916162402946417,1.10934619767128,0.0,0.0,1.6367246031373366
0.8,0.5,endowment,endowment (light smoothing),0.06,True,"endowment (light smoothing) @ 6.0%, 80% equity / 50% domestic",1.1111501966669675,1.139985573284658,0.0,0.0,1.65157805145129
0.8,0.5,life_expectancy,life_expectancy,,False,"life_expectancy, 80% equity / 50% domestic",1.1165110813462535,1.1082170768545048,0.0,0.0,1.9835501471048664
0.8,0.5,life_expectancy,life_expectancy (+5y buffer),,False,"life_expectancy (+5y buffer), 80% equity / 50% domestic",1.0733941587282663,1.0560744918448843,0.0,0.0,1.8524895863505861
0.8,0.5,gompertz,gompertz,,False,"gompertz, 80% equity / 50% domestic",1.1632413687736052,1.1778155500589784,0.0,0.0,1.7917885178086663
0.8,0.5,gompertz,gompertz (+5y buffer),,False,"gompertz (+5y buffer), 80% equity / 50% domestic",1.117654835882556,1.1157438720283908,0.0,0.0,1.7667064274736084
0.8,0.5,amortisation,amortisation (0% assumed return),,False,"amortisation (0% assumed return), 80% equity / 50% domestic",1.1165110813462535,1.1082170768545048,0.0,0.0,1.9835501471048664
0.8,0.5,amortisation,amortisation (2% assumed return),,False,"amortisation (2% assumed return), 80% equity / 50% domestic",1.155532222073934,1.1623552899186105,0.0,0.0,1.89681406241921
0.8,0.5,amortisation,amortisation (4% assumed return),,False,"amortisation (4% assumed return), 80% equity / 50% domestic",1.1692136878972383,1.1954963027329022,0.0,0.0,1.8177270396481437
0.9,0.0,constant_real,constant_real,0.03,True,"constant_real @ 3.0%, 90% equity / 0% domestic",1.016086096576689,1.0276197548461334,0.02676,0.01317296039971598,1.4326562143614778
0.9,0.0,constant_real,constant_real,0.035,True,"constant_real @ 3.5%, 90% equity / 0% domestic",1.060113197885947,1.0776470594797112,0.04944,0.024345916693206494,1.490965972463258
0.9,0.0,constant_real,constant_real,0.04,True,"constant_real @ 4.0%, 90% equity / 0% domestic",1.0874560075460098,1.1161527894733954,0.08936,0.04376471481850727,1.5463639018861555
0.9,0.0,constant_real,constant_real,0.045,True,"constant_real @ 4.5%, 90% equity / 0% domestic",1.0901080416193922,1.136011952434804,0.147,0.0740732879413822,1.5964158750161501
0.9,0.0,constant_real,constant_real,0.05,True,"constant_real @ 5.0%, 90% equity / 0% domestic",1.069084162919137,1.1333236728757352,0.21464,0.11309002790977508,1.6401899660079096
0.9,0.0,constant_real,constant_real,0.06,True,"constant_real @ 6.0%, 90% equity / 0% domestic",0.9934712063796949,1.0781826301831157,0.36468,0.2102398177186003,1.706027849193675
0.9,0.0,constant_percent,constant_percent,0.03,True,"constant_percent @ 3.0%, 90% equity / 0% domestic",1.1054781939602587,1.098762111992843,0.0,0.0,1.7628622283503337
0.9,0.0,constant_percent,constant_percent,0.035,True,"constant_percent @ 3.5%, 90% equity / 0% domestic",1.1466585659935329,1.1435589717571522,0.0,0.0,1.8097979779755207
0.9,0.0,constant_percent,constant_percent,0.04,True,"constant_percent @ 4.0%, 90% equity / 0% domestic",1.1808867085929629,1.1821719463603593,0.0,0.0,1.8448239366293884
0.9,0.0,constant_percent,constant_percent,0.045,True,"constant_percent @ 4.5%, 90% equity / 0% domestic",1.2087165653666456,1.215070990913993,0.0,0.0,1.8699662578751957
0.9,0.0,constant_percent,constant_percent,0.05,True,"constant_percent @ 5.0%, 90% equity / 0% domestic",1.2306096427127382,1.2426254024941243,0.0,0.0,1.886949743404932
0.9,0.0,constant_percent,constant_percent,0.06,True,"constant_percent @ 6.0%, 90% equity / 0% domestic",1.2582357672745237,1.2829283467953572,0.0,0.0,1.902076035619209
0.9,0.0,guyton_klinger,guyton_klinger,0.03,True,"guyton_klinger @ 3.0%, 90% equity / 0% domestic",1.0486248181690079,1.0443690236169432,4e-05,9.76827368647285e-06,1.6300621665262847
0.9,0.0,guyton_klinger,guyton_klinger,0.035,True,"guyton_klinger @ 3.5%, 90% equity / 0% domestic",1.0920536949512847,1.090338785767387,4e-05,1.2801491589647849e-05,1.688611783294946
0.9,0.0,guyton_klinger,guyton_klinger,0.04,True,"guyton_klinger @ 4.0%, 90% equity / 0% domestic",1.1298889409960602,1.1313003873593155,0.00012,3.540592934450019e-05,1.7380937606531233
0.9,0.0,guyton_klinger,guyton_klinger,0.045,True,"guyton_klinger @ 4.5%, 90% equity / 0% domestic",1.1629420472950631,1.1681029506359,0.00024,7.389656236928822e-05,1.780007319182193
0.9,0.0,guyton_klinger,guyton_klinger,0.05,True,"guyton_klinger @ 5.0%, 90% equity / 0% domestic",1.1913185410099907,1.2006821735132567,0.0006,0.00019096860161722763,1.8146979416339273
0.9,0.0,guyton_klinger,guyton_klinger,0.06,True,"guyton_klinger @ 6.0%, 90% equity / 0% domestic",1.2337506404856469,1.2535048801870032,0.00648,0.0019782334404738764,1.8652069519758208
0.9,0.0,guyton_klinger,guyton_klinger (tight band),0.03,True,"guyton_klinger (tight band) @ 3.0%, 90% equity / 0% domestic",1.0660851147819634,1.0607101551776357,0.0,0.0,1.6694988942198312
0.9,0.0,guyton_klinger,guyton_klinger (tight band),0.035,True,"guyton_klinger (tight band) @ 3.5%, 90% equity / 0% domestic",1.1093936881242135,1.106595889210753,4e-05,1.1258300121115244e-05,1.7289485178941584
0.9,0.0,guyton_klinger,guyton_klinger (tight band),0.04,True,"guyton_klinger (tight band) @ 4.0%, 90% equity / 0% domestic",1.1470185406123057,1.1474071418708682,0.00016,4.671739449950565e-05,1.7786177798861336
0.9,0.0,guyton_klinger,guyton_klinger (tight band),0.045,True,"guyton_klinger (tight band) @ 4.5%, 90% equity / 0% domestic",1.1792664988319317,1.1833654045837094,0.00024,7.698294530635342e-05,1.8190574949118472
0.9,0.0,guyton_klinger,guyton_klinger (tight band),0.05,True,"guyton_klinger (tight band) @ 5.0%, 90% equity / 0% domestic",1.206438405827264,1.2147572815378291,0.00076,0.00023128409774385674,1.8514062564165303
0.9,0.0,guyton_klinger,guyton_klinger (tight band),0.06,True,"guyton_klinger (tight band) @ 6.0%, 90% equity / 0% domestic",1.2453590044372138,1.2641192084332469,0.00692,0.00207080690523114,1.8955710460117179
0.9,0.0,guyton_klinger,guyton_klinger (no inflation rule),0.03,True,"guyton_klinger (no inflation rule) @ 3.0%, 90% equity / 0% domestic",1.0941707111828864,1.0855230262760056,0.00656,0.003115209762086009,1.6828856996194095
0.9,0.0,guyton_klinger,guyton_klinger (no inflation rule),0.035,True,"guyton_klinger (no inflation rule) @ 3.5%, 90% equity / 0% domestic",1.1405567592479182,1.1353765534503741,0.01164,0.005153191765671428,1.7439721715596896
0.9,0.0,guyton_klinger,guyton_klinger (no inflation rule),0.04,True,"guyton_klinger (no inflation rule) @ 4.0%, 90% equity / 0% domestic",1.1784768204582756,1.1785695549241415,0.01896,0.008261495562306504,1.7953251062498805
0.9,0.0,guyton_klinger,guyton_klinger (no inflation rule),0.045,True,"guyton_klinger (no inflation rule) @ 4.5%, 90% equity / 0% domestic",1.2071407579872322,1.2147465345299937,0.02976,0.012898282526274025,1.837452862721428
0.9,0.0,guyton_klinger,guyton_klinger (no inflation rule),0.05,True,"guyton_klinger (no inflation rule) @ 5.0%, 90% equity / 0% domestic",1.2257922230368772,1.2432968600697698,0.0494,0.020407433925714983,1.87105518650393
0.9,0.0,guyton_klinger,guyton_klinger (no inflation rule),0.06,True,"guyton_klinger (no inflation rule) @ 6.0%, 90% equity / 0% domestic",1.2233443603721263,1.2718480228510727,0.1238,0.04882251993262547,1.9147319285574014
0.9,0.0,vanguard_dynamic,vanguard_dynamic,0.03,True,"vanguard_dynamic @ 3.0%, 90% equity / 0% domestic",1.0931832554349001,1.089834747461911,0.01464,0.007473783430495446,1.6039860233073364
0.9,0.0,vanguard_dynamic,vanguard_dynamic,0.035,True,"vanguard_dynamic @ 3.5%, 90% equity / 0% domestic",1.13772760256601,1.1402135153056543,0.02336,0.012297951381538018,1.6678001226607986
0.9,0.0,vanguard_dynamic,vanguard_dynamic,0.04,True,"vanguard_dynamic @ 4.0%, 90% equity / 0% domestic",1.1706873798839632,1.1819878847699603,0.0382,0.01957635007170458,1.7236874559862971
0.9,0.0,vanguard_dynamic,vanguard_dynamic,0.045,True,"vanguard_dynamic @ 4.5%, 90% equity / 0% domestic",1.186678413356463,1.2118376477138197,0.06512,0.03237418413176345,1.7708449576523997
0.9,0.0,vanguard_dynamic,vanguard_dynamic,0.05,True,"vanguard_dynamic @ 5.0%, 90% equity / 0% domestic",1.178612481058568,1.2230563218577568,0.10644,0.053567801562180266,1.8088301489354643
0.9,0.0,vanguard_dynamic,vanguard_dynamic,0.06,True,"vanguard_dynamic @ 6.0%, 90% equity / 0% domestic",1.10048245552233,1.1836120884248706,0.2452,0.1276304951340337,1.8575561562899348
0.9,0.0,vanguard_dynamic,vanguard_dynamic (asymmetric),0.03,True,"vanguard_dynamic (asymmetric) @ 3.0%, 90% equity / 0% domestic",1.0428823421239681,1.0455213264721632,0.00532,0.0030555241433345573,1.4905906757715568
0.9,0.0,vanguard_dynamic,vanguard_dynamic (asymmetric),0.035,True,"vanguard_dynamic (asymmetric) @ 3.5%, 90% equity / 0% domestic",1.090566078395271,1.096202348437243,0.009,0.005037284966419218,1.5487731794598623
0.9,0.0,vanguard_dynamic,vanguard_dynamic (asymmetric),0.04,True,"vanguard_dynamic (asymmetric) @ 4.0%, 90% equity / 0% domestic",1.1300277455966583,1.1404988537672127,0.01484,0.008306275501677476,1.6021439415015115
0.9,0.0,vanguard_dynamic,vanguard_dynamic (asymmetric),0.045,True,"vanguard_dynamic (asymmetric) @ 4.5%, 90% equity / 0% domestic",1.1608237487151642,1.1778011669475594,0.02208,0.012356124356463565,1.6503909072053604
0.9,0.0,vanguard_dynamic,vanguard_dynamic (asymmetric),0.05,True,"vanguard_dynamic (asymmetric) @ 5.0%, 90% equity / 0% domestic",1.1823593626598181,1.207701896075294,0.03312,0.018111686114624135,1.6930061387058999
0.9,0.0,vanguard_dynamic,vanguard_dynamic (asymmetric),0.06,True,"vanguard_dynamic (asymmetric) @ 6.0%, 90% equity / 0% domestic",1.182093917639043,1.2336488903675311,0.08388,0.044628707981528314,1.7610763635732283
0.9,0.0,endowment,endowment,0.03,True,"endowment @ 3.0%, 90% equity / 0% domestic",1.1023292260930995,1.0961280521233294,0.00016,9.3193432186671e-05,1.728824285826913
0.9,0.0,endowment,endowment,0.035,True,"endowment @ 3.5%, 90% equity / 0% domestic",1.1459852121638199,1.1439355666396178,0.00024,0.00013954199334877593,1.7808075753635801
0.9,0.0,endowment,endowment,0.04,True,"endowment @ 4.0%, 90% equity / 0% domestic",1.1820721093422668,1.185312073383097,0.00044,0.000275793830634485,1.8211520006662487
0.9,0.0,endowment,endowment,0.045,True,"endowment @ 4.5%, 90% equity / 0% domestic",1.2106741444681548,1.2203323347923092,0.00096,0.0006006893117994613,1.8513605610858135
0.9,0.0,endowment,endowment,0.05,True,"endowment @ 5.0%, 90% equity / 0% domestic",1.2318474092473903,1.2489775170933115,0.00152,0.0009665420973370752,1.8727909681658954
0.9,0.0,endowment,endowment,0.06,True,"endowment @ 6.0%, 90% equity / 0% domestic",1.2520090742615357,1.2867261928820368,0.0042,0.0024750829172497358,1.8940721684489839
0.9,0.0,endowment,endowment (light smoothing),0.03,True,"endowment (light smoothing) @ 3.0%, 90% equity / 0% domestic",1.105778309845606,1.0991110980989407,0.0,0.0,1.7567503645713167
0.9,0.0,endowment,endowment (light smoothing),0.035,True,"endowment (light smoothing) @ 3.5%, 90% equity / 0% domestic",1.1476127602489796,1.144671902408168,0.0,0.0,1.804737103735811
0.9,0.0,endowment,endowment (light smoothing),0.04,True,"endowment (light smoothing) @ 4.0%, 90% equity / 0% domestic",1.182372180081088,1.1839833026601636,0.0,0.0,1.840799493364117
0.9,0.0,endowment,endowment (light smoothing),0.045,True,"endowment (light smoothing) @ 4.5%, 90% equity / 0% domestic",1.2105519051197613,1.217458960506806,0.0,0.0,1.8668700397793614
0.9,0.0,endowment,endowment (light smoothing),0.05,True,"endowment (light smoothing) @ 5.0%, 90% equity / 0% domestic",1.2325642004155233,1.2454168411338842,0.0,0.0,1.8846146256424006
0.9,0.0,endowment,endowment (light smoothing),0.06,True,"endowment (light smoothing) @ 6.0%, 90% equity / 0% domestic",1.2595954470437694,1.2858333998700902,0.0,0.0,1.9006514044902139
0.9,0.0,life_expectancy,life_expectancy,,False,"life_expectancy, 90% equity / 0% domestic",1.2400521877330541,1.229622997022962,0.0,0.0,2.422716884331352
0.9,0.0,life_expectancy,life_expectancy (+5y buffer),,False,"life_expectancy (+5y buffer), 90% equity / 0% domestic",1.1936548094154746,1.167443861355937,0.0,0.0,2.2289182182590026
0.9,0.0,gompertz,gompertz,,False,"gompertz, 90% equity / 0% domestic",1.320663585023179,1.3274469851220567,0.0,0.0,2.110365229099152
0.9,0.0,gompertz,gompertz (+5y buffer),,False,"gompertz (+5y buffer), 90% equity / 0% domestic",1.2577790545635936,1.2467076746903463,0.0,0.0,2.0847690361694426
0.9,0.0,amortisation,amortisation (0% assumed return),,False,"amortisation (0% assumed return), 90% equity / 0% domestic",1.2400521877330541,1.229622997022962,0.0,0.0,2.422716884331352
0.9,0.0,amortisation,amortisation (2% assumed return),,False,"amortisation (2% assumed return), 90% equity / 0% domestic",1.295252948764954,1.3021870778688989,0.0,0.0,2.279731377927423
0.9,0.0,amortisation,amortisation (4% assumed return),,False,"amortisation (4% assumed return), 90% equity / 0% domestic",1.3193101926219,1.3492228776988182,0.0,0.0,2.150056657697037
0.9,0.1,constant_real,constant_real,0.03,True,"constant_real @ 3.0%, 90% equity / 10% domestic",1.0162795028708602,1.027406912279989,0.02344,0.011603686244556101,1.4242302260876627
0.9,0.1,constant_real,constant_real,0.035,True,"constant_real @ 3.5%, 90% equity / 10% domestic",1.0619689178380207,1.0787331510489817,0.0458,0.022284035801644758,1.4813659382040312
0.9,0.1,constant_real,constant_real,0.04,True,"constant_real @ 4.0%, 90% equity / 10% domestic",1.091160786759673,1.1188531072202466,0.08388,0.040663524314360155,1.535764345309754
0.9,0.1,constant_real,constant_real,0.045,True,"constant_real @ 4.5%, 90% equity / 10% domestic",1.0959968580950894,1.140841879072846,0.1416,0.07028383570490569,1.5849371589830625
0.9,0.1,constant_real,constant_real,0.05,True,"constant_real @ 5.0%, 90% equity / 10% domestic",1.0748078069335818,1.1391897729058438,0.21416,0.11063987966625387,1.62758131174507
0.9,0.1,constant_real,constant_real,0.06,True,"constant_real @ 6.0%, 90% equity / 10% domestic",0.9969358525055065,1.083220378680961,0.3668,0.20920292778376257,1.6917717111921005
0.9,0.1,constant_percent,constant_percent,0.03,True,"constant_percent @ 3.0%, 90% equity / 10% domestic",1.1056514871795013,1.0986124182864252,0.0,0.0,1.7362189942291568
0.9,0.1,constant_percent,constant_percent,0.035,True,"constant_percent @ 3.5%, 90% equity / 10% domestic",1.147520833059497,1.1440922489165533,0.0,0.0,1.781591953567419
0.9,0.1,constant_percent,constant_percent,0.04,True,"constant_percent @ 4.0%, 90% equity / 10% domestic",1.1823824692696907,1.183365297196053,0.0,0.0,1.8155373831170758
0.9,0.1,constant_percent,constant_percent,0.045,True,"constant_percent @ 4.5%, 90% equity / 10% domestic",1.2107612361548825,1.2168735016810759,0.0,0.0,1.8399947334121507
0.9,0.1,constant_percent,constant_percent,0.05,True,"constant_percent @ 5.0%, 90% equity / 10% domestic",1.2330974904992118,1.2449639753361998,0.0,0.0,1.856615375136253
0.9,0.1,constant_percent,constant_percent,0.06,True,"constant_percent @ 6.0%, 90% equity / 10% domestic",1.261245588035174,1.2860573965622384,0.0,0.0,1.871744083113765
0.9,0.1,guyton_klinger,guyton_klinger,0.03,True,"guyton_klinger @ 3.0%, 90% equity / 10% domestic",1.047819131633943,1.04352853237809,0.0,0.0,1.6155411413832146
0.9,0.1,guyton_klinger,guyton_klinger,0.035,True,"guyton_klinger @ 3.5%, 90% equity / 10% domestic",1.0912478625172282,1.0894834157153936,4e-05,1.1258300121115244e-05,1.6718601319262052
0.9,0.1,guyton_klinger,guyton_klinger,0.04,True,"guyton_klinger @ 4.0%, 90% equity / 10% domestic",1.1296505777009558,1.1310463553997772,8e-05,2.405979171076309e-05,1.7199021853511434
0.9,0.1,guyton_klinger,guyton_klinger,0.045,True,"guyton_klinger @ 4.5%, 90% equity / 10% domestic",1.1630702698576412,1.1681752906388292,0.0002,5.797569462062089e-05,1.7596896190904598
0.9,0.1,guyton_klinger,guyton_klinger,0.05,True,"guyton_klinger @ 5.0%, 90% equity / 10% domestic",1.1919517357720941,1.2013058341477447,0.00048,0.0001400626667291177,1.7927888057586276
0.9,0.1,guyton_klinger,guyton_klinger,0.06,True,"guyton_klinger @ 6.0%, 90% equity / 10% domestic",1.2356016179936298,1.2552862278566024,0.00464,0.001415330356529093,1.8408183378736347
0.9,0.1,guyton_klinger,guyton_klinger (tight band),0.03,True,"guyton_klinger (tight band) @ 3.0%, 90% equity / 10% domestic",1.065305642643379,1.0599085516467601,0.0,0.0,1.653872681731832
0.9,0.1,guyton_klinger,guyton_klinger (tight band),0.035,True,"guyton_klinger (tight band) @ 3.5%, 90% equity / 10% domestic",1.1089573272183946,1.1061475782086114,4e-05,9.76827368647285e-06,1.7112480120164328
0.9,0.1,guyton_klinger,guyton_klinger (tight band),0.04,True,"guyton_klinger (tight band) @ 4.0%, 90% equity / 10% domestic",1.14698216981445,1.1473719100752364,4e-05,1.2801491589647849e-05,1.7586060198778901
0.9,0.1,guyton_klinger,guyton_klinger (tight band),0.045,True,"guyton_klinger (tight band) @ 4.5%, 90% equity / 10% domestic",1.1795052329124875,1.1836445977676051,0.00016,4.81727484554164e-05,1.7972905145275297
0.9,0.1,guyton_klinger,guyton_klinger (tight band),0.05,True,"guyton_klinger (tight band) @ 5.0%, 90% equity / 10% domestic",1.2070531474517694,1.215432017508591,0.00064,0.00018688471203962638,1.8280104004962179
0.9,0.1,guyton_klinger,guyton_klinger (tight band),0.06,True,"guyton_klinger (tight band) @ 6.0%, 90% equity / 10% domestic",1.2472285317685343,1.2659024396173906,0.00584,0.0017213619020922811,1.8701234389138606
0.9,0.1,guyton_klinger,guyton_klinger (no inflation rule),0.03,True,"guyton_klinger (no inflation rule) @ 3.0%, 90% equity / 10% domestic",1.0940372721121785,1.084991185043685,0.00552,0.002621725357632474,1.663972990731002
0.9,0.1,guyton_klinger,guyton_klinger (no inflation rule),0.035,True,"guyton_klinger (no inflation rule) @ 3.5%, 90% equity / 10% domestic",1.141484549945281,1.1356377668634667,0.0094,0.004146465071941451,1.7224450825016615
0.9,0.1,guyton_klinger,guyton_klinger (no inflation rule),0.04,True,"guyton_klinger (no inflation rule) @ 4.0%, 90% equity / 10% domestic",1.1810701506895507,1.180193699975284,0.01572,0.0067372120680743545,1.7715081230823082
0.9,0.1,guyton_klinger,guyton_klinger (no inflation rule),0.045,True,"guyton_klinger (no inflation rule) @ 4.5%, 90% equity / 10% domestic",1.2113422754230647,1.2175815425693652,0.02596,0.010866696805414962,1.811951680894791
0.9,0.1,guyton_klinger,guyton_klinger (no inflation rule),0.05,True,"guyton_klinger (no inflation rule) @ 5.0%, 90% equity / 10% domestic",1.2312296582517577,1.247335405867443,0.04424,0.018020864814189123,1.8445536824548512
0.9,0.1,guyton_klinger,guyton_klinger (no inflation rule),0.06,True,"guyton_klinger (no inflation rule) @ 6.0%, 90% equity / 10% domestic",1.2304570200666043,1.2776845332310314,0.11696,0.04541971166293501,1.8869344834605197
0.9,0.1,vanguard_dynamic,vanguard_dynamic,0.03,True,"vanguard_dynamic @ 3.0%, 90% equity / 10% domestic",1.0944719421958433,1.090278563195312,0.01184,0.005953130548115609,1.5909651825204902
0.9,0.1,vanguard_dynamic,vanguard_dynamic,0.035,True,"vanguard_dynamic @ 3.5%, 90% equity / 10% domestic",1.1404593536712417,1.1420192047507332,0.02116,0.01084574668333989,1.6529956729507496
0.9,0.1,vanguard_dynamic,vanguard_dynamic,0.04,True,"vanguard_dynamic @ 4.0%, 90% equity / 10% domestic",1.1745036842410832,1.1848780004591306,0.03568,0.018006479484167535,1.7068894997994088
0.9,0.1,vanguard_dynamic,vanguard_dynamic,0.045,True,"vanguard_dynamic @ 4.5%, 90% equity / 10% domestic",1.192288382289989,1.2161197294209722,0.0604,0.02991596601046049,1.7525172146820913
0.9,0.1,vanguard_dynamic,vanguard_dynamic,0.05,True,"vanguard_dynamic @ 5.0%, 90% equity / 10% domestic",1.1867838429381528,1.2298959584964513,0.10104,0.049983348795833264,1.789222780942056
0.9,0.1,vanguard_dynamic,vanguard_dynamic,0.06,True,"vanguard_dynamic @ 6.0%, 90% equity / 10% domestic",1.1068014121877725,1.1905373802229366,0.24044,0.12421766764787362,1.8356156728628892
0.9,0.1,vanguard_dynamic,vanguard_dynamic (asymmetric),0.03,True,"vanguard_dynamic (asymmetric) @ 3.0%, 90% equity / 10% domestic",1.0431082792347415,1.045380594203726,0.0044,0.0025628819023303423,1.481040776345682
0.9,0.1,vanguard_dynamic,vanguard_dynamic (asymmetric),0.035,True,"vanguard_dynamic (asymmetric) @ 3.5%, 90% equity / 10% domestic",1.091647932441166,1.0968449754225131,0.00724,0.004064993023088836,1.5378199130658665
0.9,0.1,vanguard_dynamic,vanguard_dynamic (asymmetric),0.04,True,"vanguard_dynamic (asymmetric) @ 4.0%, 90% equity / 10% domestic",1.1325564064513622,1.142265923887473,0.01252,0.006861912619642885,1.589786368043518
0.9,0.1,vanguard_dynamic,vanguard_dynamic (asymmetric),0.045,True,"vanguard_dynamic (asymmetric) @ 4.5%, 90% equity / 10% domestic",1.1646656529307695,1.1808212202659691,0.01948,0.010805869329202685,1.6368720556845067
0.9,0.1,vanguard_dynamic,vanguard_dynamic (asymmetric),0.05,True,"vanguard_dynamic (asymmetric) @ 5.0%, 90% equity / 10% domestic",1.1870200413999552,1.211631222171501,0.03088,0.01652680383249214,1.6783249549484143
0.9,0.1,vanguard_dynamic,vanguard_dynamic (asymmetric),0.06,True,"vanguard_dynamic (asymmetric) @ 6.0%, 90% equity / 10% domestic",1.1911503330524578,1.2413348171060314,0.07676,0.04032778001222366,1.7443509784171738
0.9,0.1,endowment,endowment,0.03,True,"endowment @ 3.0%, 90% equity / 10% domestic",1.1021260434999158,1.0955561241545748,0.00012,5.720336902396463e-05,1.7042307189084989
0.9,0.1,endowment,endowment,0.035,True,"endowment @ 3.5%, 90% equity / 10% domestic",1.1465823189872266,1.1441022889914543,0.00016,9.856847694688789e-05,1.7544539518317137
0.9,0.1,endowment,endowment,0.04,True,"endowment @ 4.0%, 90% equity / 10% domestic",1.1834807620445893,1.1862422007978706,0.00024,0.000143585221072475,1.7934976130298115
0.9,0.1,endowment,endowment,0.045,True,"endowment @ 4.5%, 90% equity / 10% domestic",1.2129448910520662,1.22208845295181,0.00052,0.00033028944878884614,1.8228042074644786
0.9,0.1,endowment,endowment,0.05,True,"endowment @ 5.0%, 90% equity / 10% domestic",1.234936343248243,1.2515624891565933,0.00096,0.0006201309099642858,1.8436727648522229
0.9,0.1,endowment,endowment,0.06,True,"endowment @ 6.0%, 90% equity / 10% domestic",1.256718802568294,1.2909988822369165,0.00268,0.001660404995413866,1.8646612168880108
0.9,0.1,endowment,endowment (light smoothing),0.03,True,"endowment (light smoothing) @ 3.0%, 90% equity / 10% domestic",1.10583216680158,1.0988369347368758,0.0,0.0,1.7304891585631286
0.9,0.1,endowment,endowment (light smoothing),0.035,True,"endowment (light smoothing) @ 3.5%, 90% equity / 10% domestic",1.1483620031966748,1.14508132749103,0.0,0.0,1.7768693501019566
0.9,0.1,endowment,endowment (light smoothing),0.04,True,"endowment (light smoothing) @ 4.0%, 90% equity / 10% domestic",1.1837678971116918,1.185060154040239,0.0,0.0,1.8118061284384066
0.9,0.1,endowment,endowment (light smoothing),0.045,True,"endowment (light smoothing) @ 4.5%, 90% equity / 10% domestic",1.2125136176686229,1.2191573683383539,0.0,0.0,1.8371499594103977
0.9,0.1,endowment,endowment (light smoothing),0.05,True,"endowment (light smoothing) @ 5.0%, 90% equity / 10% domestic",1.234987588751098,1.2476666908696752,0.0,0.0,1.8544962984882674
0.9,0.1,endowment,endowment (light smoothing),0.06,True,"endowment (light smoothing) @ 6.0%, 90% equity / 10% domestic",1.2625720061501642,1.2889044712414177,0.0,0.0,1.8704897182302862
0.9,0.1,life_expectancy,life_expectancy,,False,"life_expectancy, 90% equity / 10% domestic",1.242524607539017,1.231481981319475,0.0,0.0,2.368514239508991
0.9,0.1,life_expectancy,life_expectancy (+5y buffer),,False,"life_expectancy (+5y buffer), 90% equity / 10% domestic",1.1950633904766383,1.1681897705085416,0.0,0.0,2.182458808411264
0.9,0.1,gompertz,gompertz,,False,"gompertz, 90% equity / 10% domestic",1.3252020157031654,1.3316059583321995,0.0,0.0,2.071627047389069
0.9,0.1,gompertz,gompertz (+5y buffer),,False,"gompertz (+5y buffer), 90% equity / 10% domestic",1.2607913177243142,1.2490627454779366,0.0,0.0,2.0458623228096857
0.9,0.1,amortisation,amortisation (0% assumed return),,False,"amortisation (0% assumed return), 90% equity / 10% domestic",1.242524607539017,1.231481981319475,0.0,0.0,2.368514239508991
0.9,0.1,amortisation,amortisation (2% assumed return),,False,"amortisation (2% assumed return), 90% equity / 10% domestic",1.299298289655611,1.3057835660703447,0.0,0.0,2.232752750674997
0.9,0.1,amortisation,amortisation (4% assumed return),,False,"amortisation (4% assumed return), 90% equity / 10% domestic",1.324137946399921,1.3540806268447103,0.0,0.0,2.1095517588698884
0.9,0.2,constant_real,constant_real,0.03,True,"constant_real @ 3.0%, 90% equity / 20% domestic",1.011230580875045,1.0222066924809252,0.0232,0.011431076237895778,1.4157313785182761
0.9,0.2,constant_real,constant_real,0.035,True,"constant_real @ 3.5%, 90% equity / 20% domestic",1.0568301858847213,1.0734189755805397,0.0462,0.022202777504391428,1.4715446923080882
0.9,0.2,constant_real,constant_real,0.04,True,"constant_real @ 4.0%, 90% equity / 20% domestic",1.086045781121916,1.1134193946829414,0.08612,0.0412211881931131,1.524508454522548
0.9,0.2,constant_real,constant_real,0.045,True,"constant_real @ 4.5%, 90% equity / 20% domestic",1.0918165008580203,1.1358331304630764,0.14244,0.07044493368642028,1.5725814565759224
0.9,0.2,constant_real,constant_real,0.05,True,"constant_real @ 5.0%, 90% equity / 20% domestic",1.0719408196184472,1.1353345562319286,0.21568,0.11102982093712607,1.614135405361344
0.9,0.2,constant_real,constant_real,0.06,True,"constant_real @ 6.0%, 90% equity / 20% domestic",0.9944497486299932,1.0805624059457424,0.36944,0.2106754096895717,1.676602394527682
0.9,0.2,constant_percent,constant_percent,0.03,True,"constant_percent @ 3.0%, 90% equity / 20% domestic",1.0976389068001131,1.0909840540865399,0.0,0.0,1.7112842610916785
0.9,0.2,constant_percent,constant_percent,0.035,True,"constant_percent @ 3.5%, 90% equity / 20% domestic",1.1390811185510534,1.1360422095784815,0.0,0.0,1.7551712758167044
0.9,0.2,constant_percent,constant_percent,0.04,True,"constant_percent @ 4.0%, 90% equity / 20% domestic",1.1735850073911644,1.17496261836144,0.0,0.0,1.7880795855227112
0.9,0.2,constant_percent,constant_percent,0.045,True,"constant_percent @ 4.5%, 90% equity / 20% domestic",1.2016605068596695,1.2081719464433383,0.0,0.0,1.8118684533363778
0.9,0.2,constant_percent,constant_percent,0.05,True,"constant_percent @ 5.0%, 90% equity / 20% domestic",1.2237378110410249,1.236006075867828,0.0,0.0,1.8281212950757642
0.9,0.2,constant_percent,constant_percent,0.06,True,"constant_percent @ 6.0%, 90% equity / 20% domestic",1.251478320106481,1.2766848833246436,0.0,0.0,1.8431957568972057
0.9,0.2,guyton_klinger,guyton_klinger,0.03,True,"guyton_klinger @ 3.0%, 90% equity / 20% domestic",1.0409777097607353,1.0369279271201208,0.0,0.0,1.5988244883544853
0.9,0.2,guyton_klinger,guyton_klinger,0.035,True,"guyton_klinger @ 3.5%, 90% equity / 20% domestic",1.0843401903850538,1.08277246466662,4e-05,9.76827368647285e-06,1.6534657054654862
0.9,0.2,guyton_klinger,guyton_klinger,0.04,True,"guyton_klinger @ 4.0%, 90% equity / 20% domestic",1.122519252193616,1.1240901817953228,4e-05,1.2801491589647849e-05,1.6997933446908184
0.9,0.2,guyton_klinger,guyton_klinger,0.045,True,"guyton_klinger @ 4.5%, 90% equity / 20% domestic",1.1558858179236344,1.1612128930587933,0.0002,5.643250315208828e-05,1.7386172023047524
0.9,0.2,guyton_klinger,guyton_klinger,0.05,True,"guyton_klinger @ 5.0%, 90% equity / 20% domestic",1.1845339210335024,1.1941021066132607,0.0004,0.000117492901452997,1.770046334101485
0.9,0.2,guyton_klinger,guyton_klinger,0.06,True,"guyton_klinger @ 6.0%, 90% equity / 20% domestic",1.2280529839441916,1.2478994282432216,0.00468,0.0013767672309697272,1.8161884762223282
0.9,0.2,guyton_klinger,guyton_klinger (tight band),0.03,True,"guyton_klinger (tight band) @ 3.0%, 90% equity / 20% domestic",1.0584429388575975,1.053277165721735,0.0,0.0,1.6361688789802933
0.9,0.2,guyton_klinger,guyton_klinger (tight band),0.035,True,"guyton_klinger (tight band) @ 3.5%, 90% equity / 20% domestic",1.1015173753261704,1.0989040919174593,0.0,0.0,1.6911858430968494
0.9,0.2,guyton_klinger,guyton_klinger (tight band),0.04,True,"guyton_klinger (tight band) @ 4.0%, 90% equity / 20% domestic",1.1393686298429098,1.139927842380391,4e-05,1.1258300121115244e-05,1.737231894359998
0.9,0.2,guyton_klinger,guyton_klinger (tight band),0.045,True,"guyton_klinger (tight band) @ 4.5%, 90% equity / 20% domestic",1.1719537742461024,1.176319585289235,0.00016,4.5086365518351184e-05,1.7748664028199261
0.9,0.2,guyton_klinger,guyton_klinger (tight band),0.05,True,"guyton_klinger (tight band) @ 5.0%, 90% equity / 20% domestic",1.199514966447569,1.2081379238896441,0.0004,0.00012050930605779083,1.8043486332686256
0.9,0.2,guyton_klinger,guyton_klinger (tight band),0.06,True,"guyton_klinger (tight band) @ 6.0%, 90% equity / 20% domestic",1.2395736818554663,1.258375263038858,0.0052,0.0014999862901749312,1.844486312523882
0.9,0.2,guyton_klinger,guyton_klinger (no inflation rule),0.03,True,"guyton_klinger (no inflation rule) @ 3.0%, 90% equity / 20% domestic",1.0869345303500286,1.0781334106970242,0.00488,0.0023000313645184004,1.644540633437785
0.9,0.2,guyton_klinger,guyton_klinger (no inflation rule),0.035,True,"guyton_klinger (no inflation rule) @ 3.5%, 90% equity / 20% domestic",1.1337338731363698,1.1280035154492312,0.0084,0.003733303393424353,1.7010750139667414
0.9,0.2,guyton_klinger,guyton_klinger (no inflation rule),0.04,True,"guyton_klinger (no inflation rule) @ 4.0%, 90% equity / 20% domestic",1.1731900113966047,1.1721540330736948,0.0142,0.006010974458649298,1.7484037490309605
0.9,0.2,guyton_klinger,guyton_klinger (no inflation rule),0.045,True,"guyton_klinger (no inflation rule) @ 4.5%, 90% equity / 20% domestic",1.204328539107274,1.2100983313343225,0.02492,0.010128098879673118,1.787452129752542
0.9,0.2,guyton_klinger,guyton_klinger (no inflation rule),0.05,True,"guyton_klinger (no inflation rule) @ 5.0%, 90% equity / 20% domestic",1.2243928646815856,1.240009548110627,0.04288,0.017071435236632484,1.8186325797061924
0.9,0.2,guyton_klinger,guyton_klinger (no inflation rule),0.06,True,"guyton_klinger (no inflation rule) @ 6.0%, 90% equity / 20% domestic",1.224143568454898,1.2706754094135504,0.11636,0.04496696417137589,1.8592631512525852
0.9,0.2,vanguard_dynamic,vanguard_dynamic,0.03,True,"vanguard_dynamic @ 3.0%, 90% equity / 20% domestic",1.0883288798231177,1.0842093434860285,0.01048,0.005322432555254614,1.577337369461969
0.9,0.2,vanguard_dynamic,vanguard_dynamic,0.035,True,"vanguard_dynamic @ 3.5%, 90% equity / 20% domestic",1.1346125268227492,1.1360315026234853,0.02076,0.010396042438277178,1.6375062696489213
0.9,0.2,vanguard_dynamic,vanguard_dynamic,0.04,True,"vanguard_dynamic @ 4.0%, 90% equity / 20% domestic",1.1682629036280066,1.1785906979904148,0.0354,0.017745273612832513,1.6892913647740115
0.9,0.2,vanguard_dynamic,vanguard_dynamic,0.045,True,"vanguard_dynamic @ 4.5%, 90% equity / 20% domestic",1.1852807393083888,1.2091643993145833,0.06108,0.03020030089813934,1.7329627192841053
0.9,0.2,vanguard_dynamic,vanguard_dynamic,0.05,True,"vanguard_dynamic @ 5.0%, 90% equity / 20% domestic",1.1811365084646055,1.2236369503239353,0.10084,0.049936060663503146,1.7684523060160224
0.9,0.2,vanguard_dynamic,vanguard_dynamic,0.06,True,"vanguard_dynamic @ 6.0%, 90% equity / 20% domestic",1.1029517000476325,1.186299367621969,0.24628,0.12625127726248456,1.8127539443873457
0.9,0.2,vanguard_dynamic,vanguard_dynamic (asymmetric),0.03,True,"vanguard_dynamic (asymmetric) @ 3.0%, 90% equity / 20% domestic",1.036886921765,1.0392574380588424,0.0036,0.0022605774073089797,1.4707251562096288
0.9,0.2,vanguard_dynamic,vanguard_dynamic (asymmetric),0.035,True,"vanguard_dynamic (asymmetric) @ 3.5%, 90% equity / 20% domestic",1.0851941772287914,1.0904416188914203,0.00628,0.0036199419916731652,1.5259685255191346
0.9,0.2,vanguard_dynamic,vanguard_dynamic (asymmetric),0.04,True,"vanguard_dynamic (asymmetric) @ 4.0%, 90% equity / 20% domestic",1.126384630742608,1.1359663708780743,0.01108,0.006055426682656456,1.5767045917778835
0.9,0.2,vanguard_dynamic,vanguard_dynamic (asymmetric),0.045,True,"vanguard_dynamic (asymmetric) @ 4.5%, 90% equity / 20% domestic",1.1584032011734118,1.174515352732537,0.0198,0.010588057830624121,1.6224291499813503
0.9,0.2,vanguard_dynamic,vanguard_dynamic (asymmetric),0.05,True,"vanguard_dynamic (asymmetric) @ 5.0%, 90% equity / 20% domestic",1.1807594861159307,1.2054553825485046,0.03056,0.016326989339161147,1.6629801640567725
0.9,0.2,vanguard_dynamic,vanguard_dynamic (asymmetric),0.06,True,"vanguard_dynamic (asymmetric) @ 6.0%, 90% equity / 20% domestic",1.1845301036761706,1.2344353510917296,0.07832,0.04087083368845132,1.726506081447833
0.9,0.2,endowment,endowment,0.03,True,"endowment @ 3.0%, 90% equity / 20% domestic",1.0941498011495343,1.0879364347205291,8e-05,3.501375198962103e-05,1.681127908904209
0.9,0.2,endowment,endowment,0.035,True,"endowment @ 3.5%, 90% equity / 20% domestic",1.138203548122892,1.1360573821774942,0.00012,6.313674980869866e-05,1.7296793496807894
0.9,0.2,endowment,endowment,0.04,True,"endowment @ 4.0%, 90% equity / 20% domestic",1.174803793921364,1.1778636744394468,0.0002,0.00011134365768553206,1.7674800141178881
0.9,0.2,endowment,endowment,0.045,True,"endowment @ 4.5%, 90% equity / 20% domestic",1.2040936616324966,1.2134779751088083,0.00028,0.00016398445732747696,1.7959152212337761
0.9,0.2,endowment,endowment,0.05,True,"endowment @ 5.0%, 90% equity / 20% domestic",1.226073234700304,1.2428559316993313,0.0006,0.0003756786454886821,1.8162328766063238
0.9,0.2,endowment,endowment,0.06,True,"endowment @ 6.0%, 90% equity / 20% domestic",1.248152126316255,1.2824166795189793,0.00208,0.001259036595933587,1.8368944954976953
0.9,0.2,endowment,endowment (light smoothing),0.03,True,"endowment (light smoothing) @ 3.0%, 90% equity / 20% domestic",1.097776837773397,1.0911669152703931,0.0,0.0,1.705891963034769
0.9,0.2,endowment,endowment (light smoothing),0.035,True,"endowment (light smoothing) @ 3.5%, 90% equity / 20% domestic",1.1398681802577553,1.1369763525547418,0.0,0.0,1.7507450271846616
0.9,0.2,endowment,endowment (light smoothing),0.04,True,"endowment (light smoothing) @ 4.0%, 90% equity / 20% domestic",1.1749081247975401,1.1765915897522357,0.0,0.0,1.7846025138128152
0.9,0.2,endowment,endowment (light smoothing),0.045,True,"endowment (light smoothing) @ 4.5%, 90% equity / 20% domestic",1.2033458683139213,1.2103816583708409,0.0,0.0,1.8092389552068273
0.9,0.2,endowment,endowment (light smoothing),0.05,True,"endowment (light smoothing) @ 5.0%, 90% equity / 20% domestic",1.2255599314820715,1.2386293170634024,0.0,0.0,1.826184587080889
0.9,0.2,endowment,endowment (light smoothing),0.06,True,"endowment (light smoothing) @ 6.0%, 90% equity / 20% domestic",1.2527471005739053,1.2794516455816518,0.0,0.0,1.8420813851926858
0.9,0.2,life_expectancy,life_expectancy,,False,"life_expectancy, 90% equity / 20% domestic",1.2349841960858603,1.2236728336925395,0.0,0.0,2.3180276759874783
0.9,0.2,life_expectancy,life_expectancy (+5y buffer),,False,"life_expectancy (+5y buffer), 90% equity / 20% domestic",1.1870925503910033,1.1605395205646412,0.0,0.0,2.1391846111071104
0.9,0.2,gompertz,gompertz,,False,"gompertz, 90% equity / 20% domestic",1.315661489953131,1.3225939642743716,0.0,0.0,2.035232725160277
0.9,0.2,gompertz,gompertz (+5y buffer),,False,"gompertz (+5y buffer), 90% equity / 20% domestic",1.2519463997969729,1.2406347196686383,0.0,0.0,2.009435605934703
0.9,0.2,amortisation,amortisation (0% assumed return),,False,"amortisation (0% assumed return), 90% equity / 20% domestic",1.2349841960858603,1.2236728336925395,0.0,0.0,2.3180276759874783
0.9,0.2,amortisation,amortisation (2% assumed return),,False,"amortisation (2% assumed return), 90% equity / 20% domestic",1.2912499119420877,1.297370066603567,0.0,0.0,2.188842913580668
0.9,0.2,amortisation,amortisation (4% assumed return),,False,"amortisation (4% assumed return), 90% equity / 20% domestic",1.3155433777198355,1.3451221267443474,0.0,0.0,2.071546886457064
0.9,0.3,constant_real,constant_real,0.03,True,"constant_real @ 3.0%, 90% equity / 30% domestic",1.0011225417594316,1.0122271190705683,0.02544,0.012435716262397077,1.4071624532691165
0.9,0.3,constant_real,constant_real,0.035,True,"constant_real @ 3.5%, 90% equity / 30% domestic",1.0450873308503925,1.0618588922812133,0.05028,0.024145211789675724,1.4614529485447967
0.9,0.3,constant_real,constant_real,0.04,True,"constant_real @ 4.0%, 90% equity / 30% domestic",1.0725366951183666,1.1001850897421876,0.09188,0.04449234648187152,1.5127586387438492
0.9,0.3,constant_real,constant_real,0.045,True,"constant_real @ 4.5%, 90% equity / 30% domestic",1.0775718795171814,1.121359816627508,0.15,0.0747406619118332,1.5593088872516863
0.9,0.3,constant_real,constant_real,0.05,True,"constant_real @ 5.0%, 90% equity / 30% domestic",1.0598622688629382,1.1218057250798354,0.2212,0.1149521921589949,1.5997546051322031
0.9,0.3,constant_real,constant_real,0.06,True,"constant_real @ 6.0%, 90% equity / 30% domestic",0.9869400282654565,1.071086796995517,0.3746,0.2146692845547136,1.6605493576973178
0.9,0.3,constant_percent,constant_percent,0.03,True,"constant_percent @ 3.0%, 90% equity / 30% domestic",1.0818085608148176,1.0762472521481574,0.0,0.0,1.6876908700067963
0.9,0.3,constant_percent,constant_percent,0.035,True,"constant_percent @ 3.5%, 90% equity / 30% domestic",1.121703468339291,1.1197764822604699,0.0,0.0,1.7301530983728028
0.9,0.3,constant_percent,constant_percent,0.04,True,"constant_percent @ 4.0%, 90% equity / 30% domestic",1.154852295588009,1.1573237023723415,0.0,0.0,1.7620592620074427
0.9,0.3,constant_percent,constant_percent,0.045,True,"constant_percent @ 4.5%, 90% equity / 30% domestic",1.181768236643087,1.18931671903166,0.0,0.0,1.7851935155280192
0.9,0.3,constant_percent,constant_percent,0.05,True,"constant_percent @ 5.0%, 90% equity / 30% domestic",1.202885364692128,1.2160942449104235,0.0,0.0,1.801075590867592
0.9,0.3,constant_percent,constant_percent,0.06,True,"constant_percent @ 6.0%, 90% equity / 30% domestic",1.2293125437673216,1.255151395533025,0.0,0.0,1.8160530945691713
0.9,0.3,guyton_klinger,guyton_klinger,0.03,True,"guyton_klinger @ 3.0%, 90% equity / 30% domestic",1.0276208272884628,1.0243075772207768,0.0,0.0,1.582244933324266
0.9,0.3,guyton_klinger,guyton_klinger,0.035,True,"guyton_klinger @ 3.5%, 90% equity / 30% domestic",1.0696040072598916,1.0687992396346693,4e-05,9.76827368647285e-06,1.6351952418196747
0.9,0.3,guyton_klinger,guyton_klinger,0.04,True,"guyton_klinger @ 4.0%, 90% equity / 30% domestic",1.10644630388336,1.1088193156341073,4e-05,1.1258300121115244e-05,1.679866035336922
0.9,0.3,guyton_klinger,guyton_klinger,0.045,True,"guyton_klinger @ 4.5%, 90% equity / 30% domestic",1.1384653378224256,1.1445353986731501,8e-05,2.5602983179295698e-05,1.7170940339992005
0.9,0.3,guyton_klinger,guyton_klinger,0.05,True,"guyton_klinger @ 5.0%, 90% equity / 30% domestic",1.1658601754037556,1.1761783330106572,0.0004,0.0001189846071444168,1.7475116925532332
0.9,0.3,guyton_klinger,guyton_klinger,0.06,True,"guyton_klinger @ 6.0%, 90% equity / 30% domestic",1.2076349956037697,1.2279785886587868,0.00436,0.0012526003604673229,1.7912713079241858
0.9,0.3,guyton_klinger,guyton_klinger (tight band),0.03,True,"guyton_klinger (tight band) @ 3.0%, 90% equity / 30% domestic",1.0449018967538881,1.040536691974391,0.0,0.0,1.618403946752391
0.9,0.3,guyton_klinger,guyton_klinger (tight band),0.035,True,"guyton_klinger (tight band) @ 3.5%, 90% equity / 30% domestic",1.0866388930717648,1.0849084113598266,0.0,0.0,1.6717685688295802
0.9,0.3,guyton_klinger,guyton_klinger (tight band),0.04,True,"guyton_klinger (tight band) @ 4.0%, 90% equity / 30% domestic",1.1231899988106209,1.124659607451339,0.0,0.0,1.7161602219826673
0.9,0.3,guyton_klinger,guyton_klinger (tight band),0.045,True,"guyton_klinger (tight band) @ 4.5%, 90% equity / 30% domestic",1.1544179969691293,1.159614351519383,0.00012,3.382806539723594e-05,1.7521466144535245
0.9,0.3,guyton_klinger,guyton_klinger (tight band),0.05,True,"guyton_klinger (tight band) @ 5.0%, 90% equity / 30% domestic",1.18077853849752,1.1901415943744715,0.00028,8.049229486285137e-05,1.780557733654061
0.9,0.3,guyton_klinger,guyton_klinger (tight band),0.06,True,"guyton_klinger (tight band) @ 6.0%, 90% equity / 30% domestic",1.2191273838540848,1.2385418544652331,0.00484,0.0013862140115968279,1.8187658965401083
0.9,0.3,guyton_klinger,guyton_klinger (no inflation rule),0.03,True,"guyton_klinger (no inflation rule) @ 3.0%, 90% equity / 30% domestic",1.0725415490281818,1.0646145483793856,0.0044,0.002068674966275453,1.6255553521045008
0.9,0.3,guyton_klinger,guyton_klinger (no inflation rule),0.035,True,"guyton_klinger (no inflation rule) @ 3.5%, 90% equity / 30% domestic",1.1180380734997528,1.1131523445005094,0.00812,0.0035994189514169314,1.6800972557644211
0.9,0.3,guyton_klinger,guyton_klinger (no inflation rule),0.04,True,"guyton_klinger (no inflation rule) @ 4.0%, 90% equity / 30% domestic",1.1563390169550931,1.15605385747476,0.01432,0.006019787898827603,1.7255892780121682
0.9,0.3,guyton_klinger,guyton_klinger (no inflation rule),0.045,True,"guyton_klinger (no inflation rule) @ 4.5%, 90% equity / 30% domestic",1.1863354927819336,1.1927278613455512,0.02708,0.010667349062479695,1.7632032257603207
0.9,0.3,guyton_klinger,guyton_klinger (no inflation rule),0.05,True,"guyton_klinger (no inflation rule) @ 5.0%, 90% equity / 30% domestic",1.205634097782859,1.2218178132757216,0.04628,0.018117374544972753,1.7935387254957107
0.9,0.3,guyton_klinger,guyton_klinger (no inflation rule),0.06,True,"guyton_klinger (no inflation rule) @ 6.0%, 90% equity / 30% domestic",1.204480242310239,1.2508028996797522,0.12292,0.04753286468722912,1.83247652159836
0.9,0.3,vanguard_dynamic,vanguard_dynamic,0.03,True,"vanguard_dynamic @ 3.0%, 90% equity / 30% domestic",1.0750042845636727,1.0717285062612874,0.01156,0.005806522377621646,1.5624756801231736
0.9,0.3,vanguard_dynamic,vanguard_dynamic,0.035,True,"vanguard_dynamic @ 3.5%, 90% equity / 30% domestic",1.1198509229774574,1.1220918311749626,0.02216,0.011004778016165001,1.6207107190086922
0.9,0.3,vanguard_dynamic,vanguard_dynamic,0.04,True,"vanguard_dynamic @ 4.0%, 90% equity / 30% domestic",1.1514345988411048,1.1629281121122297,0.03968,0.01963552901373974,1.6710627261139086
0.9,0.3,vanguard_dynamic,vanguard_dynamic,0.045,True,"vanguard_dynamic @ 4.5%, 90% equity / 30% domestic",1.1666914219785205,1.191768616072256,0.06868,0.033826856435568244,1.7129934702992677
0.9,0.3,vanguard_dynamic,vanguard_dynamic,0.05,True,"vanguard_dynamic @ 5.0%, 90% equity / 30% domestic",1.1611400361679889,1.204387098327172,0.11132,0.055185414626538566,1.7467180756600058
0.9,0.3,vanguard_dynamic,vanguard_dynamic,0.06,True,"vanguard_dynamic @ 6.0%, 90% equity / 30% domestic",1.0893285387898486,1.1705233324885582,0.25392,0.13091362540022597,1.7892779996276327
0.9,0.3,vanguard_dynamic,vanguard_dynamic (asymmetric),0.03,True,"vanguard_dynamic (asymmetric) @ 3.0%, 90% equity / 30% domestic",1.0252084619627115,1.0280406970291156,0.00388,0.002360775111608537,1.4599208526453236
0.9,0.3,vanguard_dynamic,vanguard_dynamic (asymmetric),0.035,True,"vanguard_dynamic (asymmetric) @ 3.5%, 90% equity / 30% domestic",1.0720019601142559,1.077759744552213,0.00664,0.00371186202657033,1.5135891495254625
0.9,0.3,vanguard_dynamic,vanguard_dynamic (asymmetric),0.04,True,"vanguard_dynamic (asymmetric) @ 4.0%, 90% equity / 30% domestic",1.1116293010724523,1.12181618621398,0.01192,0.006443975568242389,1.5627193703994038
0.9,0.3,vanguard_dynamic,vanguard_dynamic (asymmetric),0.045,True,"vanguard_dynamic (asymmetric) @ 4.5%, 90% equity / 30% domestic",1.142235508657882,1.1590478543759337,0.02152,0.011391588341390925,1.6071003995359507
0.9,0.3,vanguard_dynamic,vanguard_dynamic (asymmetric),0.05,True,"vanguard_dynamic (asymmetric) @ 5.0%, 90% equity / 30% domestic",1.1629787434443293,1.1883896207356008,0.03448,0.018192236093537262,1.6460728051833085
0.9,0.3,vanguard_dynamic,vanguard_dynamic (asymmetric),0.06,True,"vanguard_dynamic (asymmetric) @ 6.0%, 90% equity / 30% domestic",1.163866200821123,1.2143547145483815,0.08684,0.045726335238906984,1.7070965027199423
0.9,0.3,endowment,endowment,0.03,True,"endowment @ 3.0%, 90% equity / 30% domestic",1.078783893880374,1.0736477069104253,8e-05,3.0406978510957618e-05,1.6591946168839262
0.9,0.3,endowment,endowment,0.035,True,"endowment @ 3.5%, 90% equity / 30% domestic",1.1212335021914084,1.120182927425643,0.00012,5.562550507670038e-05,1.7061428850924325
0.9,0.3,endowment,endowment,0.04,True,"endowment @ 4.0%, 90% equity / 30% domestic",1.1564421309970674,1.1605659933026402,0.00012,7.193372160673597e-05,1.7427452207221052
0.9,0.3,endowment,endowment,0.045,True,"endowment @ 4.5%, 90% equity / 30% domestic",1.1845615745843858,1.19491885277894,0.00024,0.0001375668100058589,1.7703327650394363
0.9,0.3,endowment,endowment,0.05,True,"endowment @ 5.0%, 90% equity / 30% domestic",1.2056491309967519,1.2232428795396648,0.0004,0.00022657897656224783,1.7901057981517994
0.9,0.3,endowment,endowment,0.06,True,"endowment @ 6.0%, 90% equity / 30% domestic",1.2268224163673405,1.26139508846853,0.0018,0.001116967803518541,1.810413792097799
0.9,0.3,endowment,endowment (light smoothing),0.03,True,"endowment (light smoothing) @ 3.0%, 90% equity / 30% domestic",1.0819815510674475,1.0764715588913834,0.0,0.0,1.6826008103997439
0.9,0.3,endowment,endowment (light smoothing),0.035,True,"endowment (light smoothing) @ 3.5%, 90% equity / 30% domestic",1.1224978612418144,1.1207262823956252,0.0,0.0,1.7259895499363465
0.9,0.3,endowment,endowment (light smoothing),0.04,True,"endowment (light smoothing) @ 4.0%, 90% equity / 30% domestic",1.1561547526426548,1.1589404390221971,0.0,0.0,1.7588046162069362
0.9,0.3,endowment,endowment (light smoothing),0.045,True,"endowment (light smoothing) @ 4.5%, 90% equity / 30% domestic",1.1834079631626866,1.1914866776843518,0.0,0.0,1.7827493811554385
0.9,0.3,endowment,endowment (light smoothing),0.05,True,"endowment (light smoothing) @ 5.0%, 90% equity / 30% domestic",1.204643281598697,1.218653317783859,0.0,0.0,1.7992929317699904
0.9,0.3,endowment,endowment (light smoothing),0.06,True,"endowment (light smoothing) @ 6.0%, 90% equity / 30% domestic",1.2305118057922937,1.2578259140953583,0.0,0.0,1.8150524060386808
0.9,0.3,life_expectancy,life_expectancy,,False,"life_expectancy, 90% equity / 30% domestic",1.21749204767113,1.2063903385892347,0.0,0.0,2.2704493512051327
0.9,0.3,life_expectancy,life_expectancy (+5y buffer),,False,"life_expectancy (+5y buffer), 90% equity / 30% domestic",1.169960194008279,1.1447643933965364,0.0,0.0,2.0984031898651
0.9,0.3,gompertz,gompertz,,False,"gompertz, 90% equity / 30% domestic",1.2921851507670281,1.3005628579473052,0.0,0.0,2.0006860544949787
0.9,0.3,gompertz,gompertz (+5y buffer),,False,"gompertz (+5y buffer), 90% equity / 30% domestic",1.2314265965472548,1.2216555938213085,0.0,0.0,1.9749577905142297
0.9,0.3,amortisation,amortisation (0% assumed return),,False,"amortisation (0% assumed return), 90% equity / 30% domestic",1.21749204767113,1.2063903385892347,0.0,0.0,2.2704493512051327
0.9,0.3,amortisation,amortisation (2% assumed return),,False,"amortisation (2% assumed return), 90% equity / 30% domestic",1.2710628404008097,1.2770642156259016,0.0,0.0,2.147340588305267
0.9,0.3,amortisation,amortisation (4% assumed return),,False,"amortisation (4% assumed return), 90% equity / 30% domestic",1.293469853585564,1.3224264585457801,0.0,0.0,2.035508571826151
0.9,0.5,constant_real,constant_real,0.03,True,"constant_real @ 3.0%, 90% equity / 50% domestic",0.9682991050253563,0.9803770717430744,0.04052,0.019859830061381818,1.3896124592096588
0.9,0.5,constant_real,constant_real,0.035,True,"constant_real @ 3.5%, 90% equity / 50% domestic",1.004594099937683,1.0231308291803343,0.07408,0.03634891820437681,1.4401980426934626
0.9,0.5,constant_real,constant_real,0.04,True,"constant_real @ 4.0%, 90% equity / 50% domestic",1.025473512514766,1.0545314023502672,0.12008,0.06080722485506018,1.4876822517673391
0.9,0.5,constant_real,constant_real,0.045,True,"constant_real @ 4.5%, 90% equity / 50% domestic",1.029386306956813,1.0718851057225232,0.17752,0.09249722270967056,1.5311328479541173
0.9,0.5,constant_real,constant_real,0.05,True,"constant_real @ 5.0%, 90% equity / 50% domestic",1.0167477196753278,1.0734095281697962,0.24636,0.13259234905977546,1.5690922367470646
0.9,0.5,constant_real,constant_real,0.06,True,"constant_real @ 6.0%, 90% equity / 50% domestic",0.9597394802893284,1.0360363162774537,0.40128,0.2320016531592606,1.625641550489979
0.9,0.5,constant_percent,constant_percent,0.03,True,"constant_percent @ 3.0%, 90% equity / 50% domestic",1.032191095522274,1.0302912311442798,0.0,0.0,1.6434016296983986
0.9,0.5,constant_percent,constant_percent,0.035,True,"constant_percent @ 3.5%, 90% equity / 50% domestic",1.066505608997128,1.0682382455407857,0.0,0.0,1.6831491575577904
0.9,0.5,constant_percent,constant_percent,0.04,True,"constant_percent @ 4.0%, 90% equity / 50% domestic",1.0947749254016728,1.1007385427855474,0.0,0.0,1.7131295938018736
0.9,0.5,constant_percent,constant_percent,0.045,True,"constant_percent @ 4.5%, 90% equity / 50% domestic",1.1175545159682299,1.1282591796008905,0.0,0.0,1.7349877292605096
0.9,0.5,constant_percent,constant_percent,0.05,True,"constant_percent @ 5.0%, 90% equity / 50% domestic",1.1353096106228784,1.1511739187961298,0.0,0.0,1.7501250610052488
0.9,0.5,constant_percent,constant_percent,0.06,True,"constant_percent @ 6.0%, 90% equity / 50% domestic",1.1573817728998421,1.1844344698199436,0.0,0.0,1.7648226380702683
0.9,0.5,guyton_klinger,guyton_klinger,0.03,True,"guyton_klinger @ 3.0%, 90% equity / 50% domestic",0.9883356941088971,0.9874929457103668,0.0,0.0,1.5464995542676352
0.9,0.5,guyton_klinger,guyton_klinger,0.035,True,"guyton_klinger @ 3.5%, 90% equity / 50% domestic",1.0251752964924037,1.0269518882247013,0.0,0.0,1.5958728983019823
0.9,0.5,guyton_klinger,guyton_klinger,0.04,True,"guyton_klinger @ 4.0%, 90% equity / 50% domestic",1.0574273230661348,1.0623325747743348,0.0,0.0,1.6376346949392542
0.9,0.5,guyton_klinger,guyton_klinger,0.045,True,"guyton_klinger @ 4.5%, 90% equity / 50% domestic",1.0850610073560536,1.0935536770944738,0.00012,3.2284873928703335e-05,1.6723275895999337
0.9,0.5,guyton_klinger,guyton_klinger,0.05,True,"guyton_klinger @ 5.0%, 90% equity / 50% domestic",1.10872305646559,1.1211825200305243,0.0004,0.00011134030739080252,1.7007668214915945
0.9,0.5,guyton_klinger,guyton_klinger,0.06,True,"guyton_klinger @ 6.0%, 90% equity / 50% domestic",1.1438923888813184,1.1656451839432411,0.00492,0.0014359135131618722,1.742379844618106
0.9,0.5,guyton_klinger,guyton_klinger (tight band),0.03,True,"guyton_klinger (tight band) @ 3.0%, 90% equity / 50% domestic",1.0040241729049983,1.0022626224404647,0.0,0.0,1.5803554478956172
0.9,0.5,guyton_klinger,guyton_klinger (tight band),0.035,True,"guyton_klinger (tight band) @ 3.5%, 90% equity / 50% domestic",1.0406827327941988,1.0415650945494739,0.0,0.0,1.630039533611403
0.9,0.5,guyton_klinger,guyton_klinger (tight band),0.04,True,"guyton_klinger (tight band) @ 4.0%, 90% equity / 50% domestic",1.0723291066782843,1.0764050326727619,0.0,0.0,1.6712942834896798
0.9,0.5,guyton_klinger,guyton_klinger (tight band),0.045,True,"guyton_klinger (tight band) @ 4.5%, 90% equity / 50% domestic",1.099018283576537,1.1066978592823804,8e-05,1.95365473729457e-05,1.7048797975477028
0.9,0.5,guyton_klinger,guyton_klinger (tight band),0.05,True,"guyton_klinger (tight band) @ 5.0%, 90% equity / 50% domestic",1.12170291105453,1.133371762615311,0.00036,0.00010008200726968727,1.7318450773166545
0.9,0.5,guyton_klinger,guyton_klinger (tight band),0.06,True,"guyton_klinger (tight band) @ 6.0%, 90% equity / 50% domestic",1.1540926937338492,1.1750364717360984,0.00496,0.0014427426516969238,1.7679369234464526
0.9,0.5,guyton_klinger,guyton_klinger (no inflation rule),0.03,True,"guyton_klinger (no inflation rule) @ 3.0%, 90% equity / 50% domestic",1.028382788036577,1.023596028878165,0.00716,0.002996990116125302,1.5875953577538064
0.9,0.5,guyton_klinger,guyton_klinger (no inflation rule),0.035,True,"guyton_klinger (no inflation rule) @ 3.5%, 90% equity / 50% domestic",1.0679715087015447,1.0665464579585004,0.01456,0.005916352131035432,1.6384594551641543
0.9,0.5,guyton_klinger,guyton_klinger (no inflation rule),0.04,True,"guyton_klinger (no inflation rule) @ 4.0%, 90% equity / 50% domestic",1.1005506397380347,1.1039890485148467,0.02616,0.010421039007443652,1.6810323978970467
0.9,0.5,guyton_klinger,guyton_klinger (no inflation rule),0.045,True,"guyton_klinger (no inflation rule) @ 4.5%, 90% equity / 50% domestic",1.1243416417551753,1.1348885370685102,0.04452,0.017595665313047834,1.7160599857452628
0.9,0.5,guyton_klinger,guyton_klinger (no inflation rule),0.05,True,"guyton_klinger (no inflation rule) @ 5.0%, 90% equity / 50% domestic",1.1381329340225987,1.1586285918757144,0.07144,0.02839922323893771,1.7438282008061545
0.9,0.5,guyton_klinger,guyton_klinger (no inflation rule),0.06,True,"guyton_klinger (no inflation rule) @ 6.0%, 90% equity / 50% domestic",1.1344774365263985,1.1810304667447358,0.15472,0.06337374010189213,1.7805208870935703
0.9,0.5,vanguard_dynamic,vanguard_dynamic,0.03,True,"vanguard_dynamic @ 3.0%, 90% equity / 50% domestic",1.0311855487684243,1.031182283672875,0.02012,0.00989466800446719,1.5304714670856259
0.9,0.5,vanguard_dynamic,vanguard_dynamic,0.035,True,"vanguard_dynamic @ 3.5%, 90% equity / 50% domestic",1.0681976844543504,1.0744777639560514,0.03644,0.018146079684358583,1.5844681864740129
0.9,0.5,vanguard_dynamic,vanguard_dynamic,0.04,True,"vanguard_dynamic @ 4.0%, 90% equity / 50% domestic",1.0919576058280462,1.1079853895940066,0.06308,0.031625020411739924,1.6307945432702788
0.9,0.5,vanguard_dynamic,vanguard_dynamic,0.045,True,"vanguard_dynamic @ 4.5%, 90% equity / 50% domestic",1.1011761933646484,1.1298713014280681,0.09768,0.04993992363711177,1.6693848142353127
0.9,0.5,vanguard_dynamic,vanguard_dynamic,0.05,True,"vanguard_dynamic @ 5.0%, 90% equity / 50% domestic",1.094290040785984,1.1381913940533535,0.1474,0.07582331422191402,1.7004734083546058
0.9,0.5,vanguard_dynamic,vanguard_dynamic,0.06,True,"vanguard_dynamic @ 6.0%, 90% equity / 50% domestic",1.0410813188340884,1.1132521394593706,0.27776,0.14932233194716515,1.7409086159913247
0.9,0.5,vanguard_dynamic,vanguard_dynamic (asymmetric),0.03,True,"vanguard_dynamic (asymmetric) @ 3.0%, 90% equity / 50% domestic",0.9881035506277057,0.9927644779239994,0.00688,0.00383575233371307,1.4367302360093155
0.9,0.5,vanguard_dynamic,vanguard_dynamic (asymmetric),0.035,True,"vanguard_dynamic (asymmetric) @ 3.5%, 90% equity / 50% domestic",1.0288119689777626,1.0366631847721932,0.01132,0.006247816859238876,1.486747846401598
0.9,0.5,vanguard_dynamic,vanguard_dynamic (asymmetric),0.04,True,"vanguard_dynamic (asymmetric) @ 4.0%, 90% equity / 50% domestic",1.0622684019706479,1.074922456563506,0.0206,0.01088436032514727,1.5322999403202096
0.9,0.5,vanguard_dynamic,vanguard_dynamic (asymmetric),0.045,True,"vanguard_dynamic (asymmetric) @ 4.5%, 90% equity / 50% domestic",1.086855012514747,1.1063200310665096,0.0352,0.018740891480331697,1.5732550972217316
0.9,0.5,vanguard_dynamic,vanguard_dynamic (asymmetric),0.05,True,"vanguard_dynamic (asymmetric) @ 5.0%, 90% equity / 50% domestic",1.1012840460557742,1.1293789041556168,0.05472,0.029470245136044713,1.6091593416502126
0.9,0.5,vanguard_dynamic,vanguard_dynamic (asymmetric),0.06,True,"vanguard_dynamic (asymmetric) @ 6.0%, 90% equity / 50% domestic",1.0979716806742619,1.1473032938477763,0.11736,0.06372093929747516,1.6651192648418571
0.9,0.5,endowment,endowment,0.03,True,"endowment @ 3.0%, 90% equity / 50% domestic",1.031005357013061,1.029539029689426,0.0,0.0,1.6178445735693392
0.9,0.5,endowment,endowment,0.035,True,"endowment @ 3.5%, 90% equity / 50% domestic",1.0675964620703662,1.0702686730251365,8e-05,3.501375198962103e-05,1.6617317245891887
0.9,0.5,endowment,endowment,0.04,True,"endowment @ 4.0%, 90% equity / 50% domestic",1.0976161096840595,1.1053205163006776,0.00016,7.565650166942048e-05,1.69603012458055
0.9,0.5,endowment,endowment,0.045,True,"endowment @ 4.5%, 90% equity / 50% domestic",1.121299139033299,1.1348722381044418,0.00016,8.450674675938753e-05,1.7219708300419947
0.9,0.5,endowment,endowment,0.05,True,"endowment @ 5.0%, 90% equity / 50% domestic",1.1388450757241124,1.1590521228676633,0.0004,0.00020769587749032916,1.7406641710182273
0.9,0.5,endowment,endowment,0.06,True,"endowment @ 6.0%, 90% equity / 50% domestic",1.1560153160510507,1.1912832906458188,0.00196,0.0011684006250022273,1.76019804669979
0.9,0.5,endowment,endowment (light smoothing),0.03,True,"endowment (light smoothing) @ 3.0%, 90% equity / 50% domestic",1.032607101015291,1.0307832884568844,0.0,0.0,1.6388368491863323
0.9,0.5,endowment,endowment (light smoothing),0.035,True,"endowment (light smoothing) @ 3.5%, 90% equity / 50% domestic",1.0674536990803811,1.0693765387243404,0.0,0.0,1.6794338912762696
0.9,0.5,endowment,endowment (light smoothing),0.04,True,"endowment (light smoothing) @ 4.0%, 90% equity / 50% domestic",1.0961371330278267,1.1024526852483958,0.0,0.0,1.7102452946045896
0.9,0.5,endowment,endowment (light smoothing),0.045,True,"endowment (light smoothing) @ 4.5%, 90% equity / 50% domestic",1.119168946523308,1.1304340459331266,0.0,0.0,1.7328423543504434
0.9,0.5,endowment,endowment (light smoothing),0.05,True,"endowment (light smoothing) @ 5.0%, 90% equity / 50% domestic",1.1369795556539126,1.1536552767709325,0.0,0.0,1.7485805979307434
0.9,0.5,endowment,endowment (light smoothing),0.06,True,"endowment (light smoothing) @ 6.0%, 90% equity / 50% domestic",1.1584814874771705,1.1869408527768475,0.0,0.0,1.7639813258259671
0.9,0.5,life_expectancy,life_expectancy,,False,"life_expectancy, 90% equity / 50% domestic",1.1574919258721832,1.1486164167564064,0.0,0.0,2.181545312833469
0.9,0.5,life_expectancy,life_expectancy (+5y buffer),,False,"life_expectancy (+5y buffer), 90% equity / 50% domestic",1.1133836343960537,1.093566444275099,0.0,0.0,2.0221997284036743
0.9,0.5,gompertz,gompertz,,False,"gompertz, 90% equity / 50% domestic",1.2130676639333131,1.2258261623951783,0.0,0.0,1.9356049226889318
0.9,0.5,gompertz,gompertz (+5y buffer),,False,"gompertz (+5y buffer), 90% equity / 50% domestic",1.162888046973616,1.1586319995378698,0.0,0.0,1.9102162088914207
0.9,0.5,amortisation,amortisation (0% assumed return),,False,"amortisation (0% assumed return), 90% equity / 50% domestic",1.1574919258721832,1.1486164167564064,0.0,0.0,2.181545312833469
0.9,0.5,amortisation,amortisation (2% assumed return),,False,"amortisation (2% assumed return), 90% equity / 50% domestic",1.200807504237239,1.2077755654845548,0.0,0.0,2.0695303120737707
0.9,0.5,amortisation,amortisation (4% assumed return),,False,"amortisation (4% assumed return), 90% equity / 50% domestic",1.217107080824838,1.2445916701198063,0.0,0.0,1.9676921793485471
1.0,0.0,constant_real,constant_real,0.03,True,"constant_real @ 3.0%, 100% equity / 0% domestic",1.0420546508785478,1.054322326977872,0.0272,0.013447523230183224,1.4830386954227806
1.0,0.0,constant_real,constant_real,0.035,True,"constant_real @ 3.5%, 100% equity / 0% domestic",1.085772209664302,1.1051016177086803,0.05092,0.025045225960576928,1.5492385353598874
1.0,0.0,constant_real,constant_real,0.04,True,"constant_real @ 4.0%, 100% equity / 0% domestic",1.1110299204320706,1.1426487063180393,0.0878,0.04388934204706623,1.612142688645034
1.0,0.0,constant_real,constant_real,0.045,True,"constant_real @ 4.5%, 100% equity / 0% domestic",1.1091070267884784,1.1592439151004819,0.14264,0.07341168947218385,1.668915258869931
1.0,0.0,constant_real,constant_real,0.05,True,"constant_real @ 5.0%, 100% equity / 0% domestic",1.0841068506523388,1.1521176161818891,0.20696,0.11111977270435335,1.718842046344273
1.0,0.0,constant_real,constant_real,0.06,True,"constant_real @ 6.0%, 100% equity / 0% domestic",1.004890197647143,1.0909289881272546,0.3442,0.20195852952275634,1.7961494697710467
1.0,0.0,constant_percent,constant_percent,0.03,True,"constant_percent @ 3.0%, 100% equity / 0% domestic",1.143688681753257,1.1352993962137519,0.0,0.0,1.929841947333792
1.0,0.0,constant_percent,constant_percent,0.035,True,"constant_percent @ 3.5%, 100% equity / 0% domestic",1.1871113010511039,1.1823473435787162,0.0,0.0,1.9864024321004858
1.0,0.0,constant_percent,constant_percent,0.04,True,"constant_percent @ 4.0%, 100% equity / 0% domestic",1.2232674414880234,1.2229232001846368,0.0,0.0,2.0280116805426673
1.0,0.0,constant_percent,constant_percent,0.045,True,"constant_percent @ 4.5%, 100% equity / 0% domestic",1.2527501598468995,1.2575381179391842,0.0,0.0,2.057246058123792
1.0,0.0,constant_percent,constant_percent,0.05,True,"constant_percent @ 5.0%, 100% equity / 0% domestic",1.2760462835207522,1.2865889569911484,0.0,0.0,2.076296078588254
1.0,0.0,constant_percent,constant_percent,0.06,True,"constant_percent @ 6.0%, 100% equity / 0% domestic",1.3057893450982352,1.3292943233001586,0.0,0.0,2.090988856164548
1.0,0.0,guyton_klinger,guyton_klinger,0.03,True,"guyton_klinger @ 3.0%, 100% equity / 0% domestic",1.0824658669250682,1.0768738699824039,4e-05,1.2801491589647849e-05,1.735356232153347
1.0,0.0,guyton_klinger,guyton_klinger,0.035,True,"guyton_klinger @ 3.5%, 100% equity / 0% domestic",1.1282932213860222,1.125145047202581,0.00012,3.540592934450019e-05,1.807242108642094
1.0,0.0,guyton_klinger,guyton_klinger,0.04,True,"guyton_klinger @ 4.0%, 100% equity / 0% domestic",1.16847833314799,1.1684660383411365,0.00028,8.363016357702943e-05,1.8687491478692748
1.0,0.0,guyton_klinger,guyton_klinger,0.045,True,"guyton_klinger @ 4.5%, 100% equity / 0% domestic",1.2034234597894184,1.2071230299896487,0.00044,0.00014270969490596676,1.9203161183234014
1.0,0.0,guyton_klinger,guyton_klinger,0.05,True,"guyton_klinger @ 5.0%, 100% equity / 0% domestic",1.233034058885192,1.2411562226880746,0.00156,0.0004934315709967259,1.9631903403151092
1.0,0.0,guyton_klinger,guyton_klinger,0.06,True,"guyton_klinger @ 6.0%, 100% equity / 0% domestic",1.275984017494254,1.2958724264029287,0.011,0.0035163331541563513,2.0255643619044217
1.0,0.0,guyton_klinger,guyton_klinger (tight band),0.03,True,"guyton_klinger (tight band) @ 3.0%, 100% equity / 0% domestic",1.1000285642271246,1.0932264593010932,8e-05,2.1026573807588092e-05,1.782087582341912
1.0,0.0,guyton_klinger,guyton_klinger (tight band),0.035,True,"guyton_klinger (tight band) @ 3.5%, 100% equity / 0% domestic",1.14598784552929,1.1417270556087498,0.00016,4.820742093414804e-05,1.8551941121910756
1.0,0.0,guyton_klinger,guyton_klinger (tight band),0.04,True,"guyton_klinger (tight band) @ 4.0%, 100% equity / 0% domestic",1.185671879875374,1.1845307213576892,0.00024,7.394972740317843e-05,1.9168787752746714
1.0,0.0,guyton_klinger,guyton_klinger (tight band),0.045,True,"guyton_klinger (tight band) @ 4.5%, 100% equity / 0% domestic",1.2199457710412003,1.2226200064576562,0.00084,0.0002558009488485162,1.967135594668161
1.0,0.0,guyton_klinger,guyton_klinger (tight band),0.05,True,"guyton_klinger (tight band) @ 5.0%, 100% equity / 0% domestic",1.2484684291119847,1.255592067101986,0.00248,0.000748813787278405,2.0083762734775767
1.0,0.0,guyton_klinger,guyton_klinger (tight band),0.06,True,"guyton_klinger (tight band) @ 6.0%, 100% equity / 0% domestic",1.287911458451854,1.307103803320757,0.01284,0.004080551905538685,2.064487164582305
1.0,0.0,guyton_klinger,guyton_klinger (no inflation rule),0.03,True,"guyton_klinger (no inflation rule) @ 3.0%, 100% equity / 0% domestic",1.1297691111097814,1.1195655584687212,0.00628,0.002972871910167371,1.804549366859219
1.0,0.0,guyton_klinger,guyton_klinger (no inflation rule),0.035,True,"guyton_klinger (no inflation rule) @ 3.5%, 100% equity / 0% domestic",1.1787093831861835,1.1719794517939455,0.01092,0.004784459813905048,1.8792988657445635
1.0,0.0,guyton_klinger,guyton_klinger (no inflation rule),0.04,True,"guyton_klinger (no inflation rule) @ 4.0%, 100% equity / 0% domestic",1.218655019615752,1.217486531041576,0.01784,0.007608629046904063,1.941837274846674
1.0,0.0,guyton_klinger,guyton_klinger (no inflation rule),0.045,True,"guyton_klinger (no inflation rule) @ 4.5%, 100% equity / 0% domestic",1.248436294078122,1.2554778998358247,0.029,0.012246450087347847,1.9935347290598173
1.0,0.0,guyton_klinger,guyton_klinger (no inflation rule),0.05,True,"guyton_klinger (no inflation rule) @ 5.0%, 100% equity / 0% domestic",1.2659992400512274,1.2844659306398039,0.04896,0.020040179283827602,2.035445268499702
1.0,0.0,guyton_klinger,guyton_klinger (no inflation rule),0.06,True,"guyton_klinger (no inflation rule) @ 6.0%, 100% equity / 0% domestic",1.2564185402634154,1.3095908517409947,0.1212,0.04854826255550028,2.088513064637033
1.0,0.0,vanguard_dynamic,vanguard_dynamic,0.03,True,"vanguard_dynamic @ 3.0%, 100% equity / 0% domestic",1.1267322725543185,1.122597928857443,0.01376,0.0071794755380174685,1.6881514242111815
1.0,0.0,vanguard_dynamic,vanguard_dynamic,0.035,True,"vanguard_dynamic @ 3.5%, 100% equity / 0% domestic",1.1732236122377717,1.1754399671704647,0.02352,0.012161014325056462,1.7643405845439988
1.0,0.0,vanguard_dynamic,vanguard_dynamic,0.04,True,"vanguard_dynamic @ 4.0%, 100% equity / 0% domestic",1.2049187512916286,1.2176570918781369,0.04044,0.02049111010093022,1.8311506301942648
1.0,0.0,vanguard_dynamic,vanguard_dynamic,0.045,True,"vanguard_dynamic @ 4.5%, 100% equity / 0% domestic",1.21602733841458,1.2451683344026188,0.06732,0.03387967524970062,1.8884714391454542
1.0,0.0,vanguard_dynamic,vanguard_dynamic,0.05,True,"vanguard_dynamic @ 5.0%, 100% equity / 0% domestic",1.2020345810858313,1.2522840707265963,0.10976,0.055871002930305294,1.9355803296801295
1.0,0.0,vanguard_dynamic,vanguard_dynamic,0.06,True,"vanguard_dynamic @ 6.0%, 100% equity / 0% domestic",1.111319592623917,1.1987553152490285,0.2424,0.12882712153650794,1.9966737239367474
1.0,0.0,vanguard_dynamic,vanguard_dynamic (asymmetric),0.03,True,"vanguard_dynamic (asymmetric) @ 3.0%, 100% equity / 0% domestic",1.072245441404287,1.0746673485233524,0.00484,0.002884903249949888,1.5507049415324967
1.0,0.0,vanguard_dynamic,vanguard_dynamic (asymmetric),0.035,True,"vanguard_dynamic (asymmetric) @ 3.5%, 100% equity / 0% domestic",1.1220600401091296,1.127617766988069,0.00888,0.005068431451664035,1.6180713639209154
1.0,0.0,vanguard_dynamic,vanguard_dynamic (asymmetric),0.04,True,"vanguard_dynamic (asymmetric) @ 4.0%, 100% equity / 0% domestic",1.163831501930929,1.1742560835198543,0.01396,0.007840976860066087,1.680644158585321
1.0,0.0,vanguard_dynamic,vanguard_dynamic (asymmetric),0.045,True,"vanguard_dynamic (asymmetric) @ 4.5%, 100% equity / 0% domestic",1.1955247214409896,1.2131414608536133,0.02172,0.01217095982023365,1.7373984047802964
1.0,0.0,vanguard_dynamic,vanguard_dynamic (asymmetric),0.05,True,"vanguard_dynamic (asymmetric) @ 5.0%, 100% equity / 0% domestic",1.2159210457504386,1.2430124550012343,0.03448,0.018641418831408133,1.7880472524822772
1.0,0.0,vanguard_dynamic,vanguard_dynamic (asymmetric),0.06,True,"vanguard_dynamic (asymmetric) @ 6.0%, 100% equity / 0% domestic",1.2056663506639347,1.2624474597041364,0.08936,0.04762694248272532,1.8700096915253066
1.0,0.0,endowment,endowment,0.03,True,"endowment @ 3.0%, 100% equity / 0% domestic",1.1408558319011457,1.1330398066067056,0.00016,9.021835649903149e-05,1.8827505683534844
1.0,0.0,endowment,endowment,0.035,True,"endowment @ 3.5%, 100% equity / 0% domestic",1.186855806701623,1.1832712645710395,0.0002,0.00012163192393443948,1.9456992914919464
1.0,0.0,endowment,endowment,0.04,True,"endowment @ 4.0%, 100% equity / 0% domestic",1.224841506660988,1.226689586780211,0.00044,0.0002737739795666683,1.9941220600370195
1.0,0.0,endowment,endowment,0.045,True,"endowment @ 4.5%, 100% equity / 0% domestic",1.254917061584235,1.263405892453898,0.00076,0.0005030086208595882,2.0299102844180434
1.0,0.0,endowment,endowment,0.05,True,"endowment @ 5.0%, 100% equity / 0% domestic",1.2770957747439502,1.2933682007060827,0.00136,0.0009060852398735509,2.054770109002681
1.0,0.0,endowment,endowment,0.06,True,"endowment @ 6.0%, 100% equity / 0% domestic",1.2977104645297353,1.3324420640354249,0.00348,0.002151060733643054,2.077682658734221
1.0,0.0,endowment,endowment (light smoothing),0.03,True,"endowment (light smoothing) @ 3.0%, 100% equity / 0% domestic",1.1443329049989555,1.1359974347408148,0.0,0.0,1.921316373861757
1.0,0.0,endowment,endowment (light smoothing),0.035,True,"endowment (light smoothing) @ 3.5%, 100% equity / 0% domestic",1.1884681802331678,1.1838816801521808,0.0,0.0,1.9792257017580313
1.0,0.0,endowment,endowment (light smoothing),0.04,True,"endowment (light smoothing) @ 4.0%, 100% equity / 0% domestic",1.2251946124963573,1.2252135686895653,0.0,0.0,2.022178120801881
1.0,0.0,endowment,endowment (light smoothing),0.045,True,"endowment (light smoothing) @ 4.5%, 100% equity / 0% domestic",1.2550438655175788,1.2604453522884191,0.0,0.0,2.0526258714784844
1.0,0.0,endowment,endowment (light smoothing),0.05,True,"endowment (light smoothing) @ 5.0%, 100% equity / 0% domestic",1.2784511079001446,1.2899201045383044,0.0,0.0,2.072680852055636
1.0,0.0,endowment,endowment (light smoothing),0.06,True,"endowment (light smoothing) @ 6.0%, 100% equity / 0% domestic",1.3075015345827379,1.332711711872514,0.0,0.0,2.0886082903540157
1.0,0.0,life_expectancy,life_expectancy,,False,"life_expectancy, 100% equity / 0% domestic",1.2780342583038278,1.2686974945958052,0.0,0.0,2.7641394391999556
1.0,0.0,life_expectancy,life_expectancy (+5y buffer),,False,"life_expectancy (+5y buffer), 100% equity / 0% domestic",1.2331053795865552,1.205021589746015,0.0,0.0,2.5215661224320916
1.0,0.0,gompertz,gompertz,,False,"gompertz, 100% equity / 0% domestic",1.3686626921964737,1.373354796980559,0.0,0.0,2.352203249819287
1.0,0.0,gompertz,gompertz (+5y buffer),,False,"gompertz (+5y buffer), 100% equity / 0% domestic",1.3017606945414457,1.2886615123485399,0.0,0.0,2.328537226562566
1.0,0.0,amortisation,amortisation (0% assumed return),,False,"amortisation (0% assumed return), 100% equity / 0% domestic",1.2780342583038278,1.2686974945958052,0.0,0.0,2.7641394391999556
1.0,0.0,amortisation,amortisation (2% assumed return),,False,"amortisation (2% assumed return), 100% equity / 0% domestic",1.3361875435879265,1.345021513401932,0.0,0.0,2.574573598476932
1.0,0.0,amortisation,amortisation (4% assumed return),,False,"amortisation (4% assumed return), 100% equity / 0% domestic",1.3626891472225817,1.395152033651622,0.0,0.0,2.403215963384811
1.0,0.1,constant_real,constant_real,0.03,True,"constant_real @ 3.0%, 100% equity / 10% domestic",1.0446517252027248,1.0564372547711078,0.023,0.01155922627589541,1.4720248636364897
1.0,0.1,constant_real,constant_real,0.035,True,"constant_real @ 3.5%, 100% equity / 10% domestic",1.091228161538611,1.1094017828239093,0.04452,0.021838641086448746,1.5368071963955112
1.0,0.1,constant_real,constant_real,0.04,True,"constant_real @ 4.0%, 100% equity / 10% domestic",1.1195808218497036,1.1497661651828546,0.081,0.03966308912853515,1.5984471894774863
1.0,0.1,constant_real,constant_real,0.045,True,"constant_real @ 4.5%, 100% equity / 10% domestic",1.1204125526372777,1.1694575670784582,0.13676,0.0686588205571446,1.654089935915738
1.0,0.1,constant_real,constant_real,0.05,True,"constant_real @ 5.0%, 100% equity / 10% domestic",1.094620392047273,1.1632390504913674,0.20224,0.10662982797284387,1.7027782143906285
1.0,0.1,constant_real,constant_real,0.06,True,"constant_real @ 6.0%, 100% equity / 10% domestic",1.0108414666855623,1.0991866046305203,0.34416,0.19984762918975887,1.7775753143597235
1.0,0.1,constant_percent,constant_percent,0.03,True,"constant_percent @ 3.0%, 100% equity / 10% domestic",1.1479872743529318,1.1388822691058427,0.0,0.0,1.8912034831111606
1.0,0.1,constant_percent,constant_percent,0.035,True,"constant_percent @ 3.5%, 100% equity / 10% domestic",1.1927307183971392,1.1872320545582997,0.0,0.0,1.9455702554919916
1.0,0.1,constant_percent,constant_percent,0.04,True,"constant_percent @ 4.0%, 100% equity / 10% domestic",1.230086941624652,1.2290388569937385,0.0,0.0,1.9856928741586137
1.0,0.1,constant_percent,constant_percent,0.045,True,"constant_percent @ 4.5%, 100% equity / 10% domestic",1.2606113567605917,1.2647786103367642,0.0,0.0,2.0140189838209857
1.0,0.1,constant_percent,constant_percent,0.05,True,"constant_percent @ 5.0%, 100% equity / 10% domestic",1.2847626713694198,1.294819629318481,0.0,0.0,2.0326302186004033
1.0,0.1,constant_percent,constant_percent,0.06,True,"constant_percent @ 6.0%, 100% equity / 10% domestic",1.315591376540474,1.3390187444061354,0.0,0.0,2.0475011675062453
1.0,0.1,guyton_klinger,guyton_klinger,0.03,True,"guyton_klinger @ 3.0%, 100% equity / 10% domestic",1.0843968677464177,1.0786256812966326,4e-05,1.1258300121115244e-05,1.7157454842662179
1.0,0.1,guyton_klinger,guyton_klinger,0.035,True,"guyton_klinger @ 3.5%, 100% equity / 10% domestic",1.1311324431075396,1.1278195530555821,8e-05,2.25697652761207e-05,1.784519768903232
1.0,0.1,guyton_klinger,guyton_klinger,0.04,True,"guyton_klinger @ 4.0%, 100% equity / 10% domestic",1.1721514583507662,1.1719941908441127,0.00024,6.769080327320353e-05,1.8429365390023387
1.0,0.1,guyton_klinger,guyton_klinger,0.045,True,"guyton_klinger @ 4.5%, 100% equity / 10% domestic",1.207761795974607,1.2113922834033461,0.00036,0.00011235420217212198,1.892242656234844
1.0,0.1,guyton_klinger,guyton_klinger,0.05,True,"guyton_klinger @ 5.0%, 100% equity / 10% domestic",1.2382977639433106,1.2462994316509588,0.00084,0.0002884011562254079,1.9327645180846762
1.0,0.1,guyton_klinger,guyton_klinger,0.06,True,"guyton_klinger @ 6.0%, 100% equity / 10% domestic",1.2831039843377723,1.302770959569806,0.0088,0.0027922903128213988,1.9919692340305721
1.0,0.1,guyton_klinger,guyton_klinger (tight band),0.03,True,"guyton_klinger (tight band) @ 3.0%, 100% equity / 10% domestic",1.1023521213677572,1.0953471632467773,4e-05,9.76827368647285e-06,1.760450233948279
1.0,0.1,guyton_klinger,guyton_klinger (tight band),0.035,True,"guyton_klinger (tight band) @ 3.5%, 100% equity / 10% domestic",1.1491622658798943,1.1446883441036033,8e-05,2.1026573807588092e-05,1.8307428356255755
1.0,0.1,guyton_klinger,guyton_klinger (tight band),0.04,True,"guyton_klinger (tight band) @ 4.0%, 100% equity / 10% domestic",1.1896934512924497,1.1884232085930004,0.0002,5.639783067335664e-05,1.889242540711748
1.0,0.1,guyton_klinger,guyton_klinger (tight band),0.045,True,"guyton_klinger (tight band) @ 4.5%, 100% equity / 10% domestic",1.2245892136660277,1.2271394129003217,0.00044,0.00013653650387423857,1.9375326619478468
1.0,0.1,guyton_klinger,guyton_klinger (tight band),0.05,True,"guyton_klinger (tight band) @ 5.0%, 100% equity / 10% domestic",1.2541484822502313,1.2611724234511636,0.00148,0.0004598169536565291,1.9761635165549694
1.0,0.1,guyton_klinger,guyton_klinger (tight band),0.06,True,"guyton_klinger (tight band) @ 6.0%, 100% equity / 10% domestic",1.2953034608462697,1.3141382261516992,0.0104,0.0032245177033728488,2.029305129732304
1.0,0.1,guyton_klinger,guyton_klinger (no inflation rule),0.03,True,"guyton_klinger (no inflation rule) @ 3.0%, 100% equity / 10% domestic",1.1337191924787908,1.1228112711724547,0.0052,0.0024605824529950536,1.7789988729720496
1.0,0.1,guyton_klinger,guyton_klinger (no inflation rule),0.035,True,"guyton_klinger (no inflation rule) @ 3.5%, 100% equity / 10% domestic",1.1840252246422993,1.176248113371804,0.008,0.0036372596228862915,1.850246578677925
1.0,0.1,guyton_klinger,guyton_klinger (no inflation rule),0.04,True,"guyton_klinger (no inflation rule) @ 4.0%, 100% equity / 10% domestic",1.2262183293783857,1.2234928034296961,0.01424,0.006025152360366055,1.9102637268371103
1.0,0.1,guyton_klinger,guyton_klinger (no inflation rule),0.045,True,"guyton_klinger (no inflation rule) @ 4.5%, 100% equity / 10% domestic",1.2582745155070394,1.2631482538784031,0.024,0.00978555708293678,1.9592922123081595
1.0,0.1,guyton_klinger,guyton_klinger (no inflation rule),0.05,True,"guyton_klinger (no inflation rule) @ 5.0%, 100% equity / 10% domestic",1.2786882056299154,1.2946080283461032,0.04168,0.016628444495973137,1.9990409153112796
1.0,0.1,guyton_klinger,guyton_klinger (no inflation rule),0.06,True,"guyton_klinger (no inflation rule) @ 6.0%, 100% equity / 10% domestic",1.2718495941188168,1.3236310175270023,0.11256,0.044051053409623966,2.051028773199218
1.0,0.1,vanguard_dynamic,vanguard_dynamic,0.03,True,"vanguard_dynamic @ 3.0%, 100% equity / 10% domestic",1.1314423081010923,1.126235783181945,0.01132,0.0058065735318842075,1.6711803169835626
1.0,0.1,vanguard_dynamic,vanguard_dynamic,0.035,True,"vanguard_dynamic @ 3.5%, 100% equity / 10% domestic",1.180487092099867,1.1810686780181665,0.01916,0.009972222922448476,1.744725116432764
1.0,0.1,vanguard_dynamic,vanguard_dynamic,0.04,True,"vanguard_dynamic @ 4.0%, 100% equity / 10% domestic",1.2147805430668774,1.2256549156549341,0.0352,0.017699687778305932,1.8093867743310272
1.0,0.1,vanguard_dynamic,vanguard_dynamic,0.045,True,"vanguard_dynamic @ 4.5%, 100% equity / 10% domestic",1.2288224625059725,1.2557489158181208,0.05956,0.02985993982204468,1.8649133578378696
1.0,0.1,vanguard_dynamic,vanguard_dynamic,0.05,True,"vanguard_dynamic @ 5.0%, 100% equity / 10% domestic",1.2186868597686595,1.26686766816651,0.10072,0.050103077776379325,1.9101437939370076
1.0,0.1,vanguard_dynamic,vanguard_dynamic,0.06,True,"vanguard_dynamic @ 6.0%, 100% equity / 10% domestic",1.1229239829917537,1.2125428313118052,0.23712,0.1241764271939846,1.968270326546616
1.0,0.1,vanguard_dynamic,vanguard_dynamic (asymmetric),0.03,True,"vanguard_dynamic (asymmetric) @ 3.0%, 100% equity / 10% domestic",1.0754380806872736,1.0772851030198158,0.00396,0.0023397702571268967,1.538326246188909
1.0,0.1,vanguard_dynamic,vanguard_dynamic (asymmetric),0.035,True,"vanguard_dynamic (asymmetric) @ 3.5%, 100% equity / 10% domestic",1.1269309591758772,1.1317464935707906,0.00716,0.004007744531784518,1.6039387864754375
1.0,0.1,vanguard_dynamic,vanguard_dynamic (asymmetric),0.04,True,"vanguard_dynamic (asymmetric) @ 4.0%, 100% equity / 10% domestic",1.1702860753049384,1.1798307771975092,0.0116,0.006572424903708205,1.6645919370623152
1.0,0.1,vanguard_dynamic,vanguard_dynamic (asymmetric),0.045,True,"vanguard_dynamic (asymmetric) @ 4.5%, 100% equity / 10% domestic",1.2047255368657783,1.2208905735292404,0.018,0.01004840159874968,1.719763901642425
1.0,0.1,vanguard_dynamic,vanguard_dynamic (asymmetric),0.05,True,"vanguard_dynamic (asymmetric) @ 5.0%, 100% equity / 10% domestic",1.2270402642387184,1.252763360958631,0.02976,0.016050362767013507,1.7689234909870943
1.0,0.1,vanguard_dynamic,vanguard_dynamic (asymmetric),0.06,True,"vanguard_dynamic (asymmetric) @ 6.0%, 100% equity / 10% domestic",1.223958001899602,1.2786117331743458,0.07696,0.040572142624129344,1.8483907914104447
1.0,0.1,endowment,endowment,0.03,True,"endowment @ 3.0%, 100% equity / 10% domestic",1.14454383734183,1.1359527758816421,8e-05,3.647682668685801e-05,1.8472844696789477
1.0,0.1,endowment,endowment,0.035,True,"endowment @ 3.5%, 100% equity / 10% domestic",1.192035327664626,1.187581021588379,0.00016,8.937930087200598e-05,1.9077349576862364
1.0,0.1,endowment,endowment,0.04,True,"endowment @ 4.0%, 100% equity / 10% domestic",1.231496612256327,1.232409180781828,0.00024,0.00013389203083870492,1.9543288382350712
1.0,0.1,endowment,endowment,0.045,True,"endowment @ 4.5%, 100% equity / 10% domestic",1.2630464999953928,1.2705558742260448,0.00044,0.0002747674831239826,1.988867252329205
1.0,0.1,endowment,endowment,0.05,True,"endowment @ 5.0%, 100% equity / 10% domestic",1.2866220578220402,1.3019376778836775,0.0008,0.000511981805971073,2.012972701522337
1.0,0.1,endowment,endowment,0.06,True,"endowment @ 6.0%, 100% equity / 10% domestic",1.3097193687195803,1.3436791125785694,0.00236,0.001532640534938389,2.03557845800722
1.0,0.1,endowment,endowment (light smoothing),0.03,True,"endowment (light smoothing) @ 3.0%, 100% equity / 10% domestic",1.1484675561447115,1.1394079954827825,0.0,0.0,1.8832729953721714
1.0,0.1,endowment,endowment (light smoothing),0.035,True,"endowment (light smoothing) @ 3.5%, 100% equity / 10% domestic",1.1939408542354575,1.1886031285529022,0.0,0.0,1.9389202495540154
1.0,0.1,endowment,endowment (light smoothing),0.04,True,"endowment (light smoothing) @ 4.0%, 100% equity / 10% domestic",1.2318932562438314,1.2311843517958168,0.0,0.0,1.9803150563588376
1.0,0.1,endowment,endowment (light smoothing),0.045,True,"endowment (light smoothing) @ 4.5%, 100% equity / 10% domestic",1.2628147589735756,1.2675658990810226,0.0,0.0,2.009788171830381
1.0,0.1,endowment,endowment (light smoothing),0.05,True,"endowment (light smoothing) @ 5.0%, 100% equity / 10% domestic",1.2871080534662445,1.298058956602305,0.0,0.0,2.029347304658542
1.0,0.1,endowment,endowment (light smoothing),0.06,True,"endowment (light smoothing) @ 6.0%, 100% equity / 10% domestic",1.3172904268726955,1.342395659409173,0.0,0.0,2.045376229390408
1.0,0.1,life_expectancy,life_expectancy,,False,"life_expectancy, 100% equity / 10% domestic",1.2854669186610315,1.2753993856910406,0.0,0.0,2.6847825512867125
1.0,0.1,life_expectancy,life_expectancy (+5y buffer),,False,"life_expectancy (+5y buffer), 100% equity / 10% domestic",1.239198462181553,1.2099355301063557,0.0,0.0,2.453545932792168
1.0,0.1,gompertz,gompertz,,False,"gompertz, 100% equity / 10% domestic",1.380609995035923,1.384369511575113,0.0,0.0,2.296474578050049
1.0,0.1,gompertz,gompertz (+5y buffer),,False,"gompertz (+5y buffer), 100% equity / 10% domestic",1.3108816206519736,1.2965264604415323,0.0,0.0,2.272167845792823
1.0,0.1,amortisation,amortisation (0% assumed return),,False,"amortisation (0% assumed return), 100% equity / 10% domestic",1.2854669186610315,1.2753993856910406,0.0,0.0,2.6847825512867125
1.0,0.1,amortisation,amortisation (2% assumed return),,False,"amortisation (2% assumed return), 100% equity / 10% domestic",1.3463317262829164,1.3547690433293607,0.0,0.0,2.506270305189798
1.0,0.1,amortisation,amortisation (4% assumed return),,False,"amortisation (4% assumed return), 100% equity / 10% domestic",1.374391183099597,1.4072029794783194,0.0,0.0,2.3447794681795617
1.0,0.2,constant_real,constant_real,0.03,True,"constant_real @ 3.0%, 100% equity / 20% domestic",1.040543426552684,1.0521377378603671,0.02264,0.011221972148583295,1.4610169019054495
1.0,0.2,constant_real,constant_real,0.035,True,"constant_real @ 3.5%, 100% equity / 20% domestic",1.0877472579425544,1.1054317306723054,0.04272,0.020975311050464452,1.5241609475743865
1.0,0.2,constant_real,constant_real,0.04,True,"constant_real @ 4.0%, 100% equity / 20% domestic",1.1163666464817235,1.1460886157530379,0.08176,0.03932682673910345,1.583999878486703
1.0,0.2,constant_real,constant_real,0.045,True,"constant_real @ 4.5%, 100% equity / 20% domestic",1.1192355590913425,1.1670692961983546,0.13436,0.0673261169106478,1.6383068225307498
1.0,0.2,constant_real,constant_real,0.05,True,"constant_real @ 5.0%, 100% equity / 20% domestic",1.0947383472197079,1.1626369388702424,0.20224,0.10585891101023726,1.6855754851753366
1.0,0.2,constant_real,constant_real,0.06,True,"constant_real @ 6.0%, 100% equity / 20% domestic",1.0102488655307043,1.0991007057806128,0.34724,0.20064438262656675,1.75795222208278
1.0,0.2,constant_percent,constant_percent,0.03,True,"constant_percent @ 3.0%, 100% equity / 20% domestic",1.1416863726203215,1.1327408820687517,0.0,0.0,1.8556968233042244
1.0,0.2,constant_percent,constant_percent,0.035,True,"constant_percent @ 3.5%, 100% equity / 20% domestic",1.1863696181058578,1.1810281815317356,0.0,0.0,1.9080080737966698
1.0,0.2,constant_percent,constant_percent,0.04,True,"constant_percent @ 4.0%, 100% equity / 20% domestic",1.2236991331601235,1.222818290751597,0.0,0.0,1.9467207564617193
1.0,0.2,constant_percent,constant_percent,0.045,True,"constant_percent @ 4.5%, 100% equity / 20% domestic",1.2542067503865382,1.2585641717106972,0.0,0.0,1.9741658576876313
1.0,0.2,constant_percent,constant_percent,0.05,True,"constant_percent @ 5.0%, 100% equity / 20% domestic",1.2783341765513132,1.2886163814955278,0.0,0.0,1.9923262618344626
1.0,0.2,constant_percent,constant_percent,0.06,True,"constant_percent @ 6.0%, 100% equity / 20% domestic",1.3090540336330145,1.332803560136994,0.0,0.0,2.007265871493948
1.0,0.2,guyton_klinger,guyton_klinger,0.03,True,"guyton_klinger @ 3.0%, 100% equity / 20% domestic",1.0776039418300063,1.0721203550551166,0.0,0.0,1.6939876928804503
1.0,0.2,guyton_klinger,guyton_klinger,0.035,True,"guyton_klinger @ 3.5%, 100% equity / 20% domestic",1.123768745578219,1.1207609039505932,4e-05,1.2801491589647849e-05,1.7596885424135034
1.0,0.2,guyton_klinger,guyton_klinger,0.04,True,"guyton_klinger @ 4.0%, 100% equity / 20% domestic",1.1646645204606216,1.164758093196508,0.00016,4.368417659633065e-05,1.8161079146395027
1.0,0.2,guyton_klinger,guyton_klinger,0.045,True,"guyton_klinger @ 4.5%, 100% equity / 20% domestic",1.2006280846171349,1.204451818045394,0.00036,0.00010614676381925989,1.863477242529086
1.0,0.2,guyton_klinger,guyton_klinger,0.05,True,"guyton_klinger @ 5.0%, 100% equity / 20% domestic",1.231687322273491,1.239884766647598,0.00088,0.00027948083596977385,1.9026157924717249
1.0,0.2,guyton_klinger,guyton_klinger,0.06,True,"guyton_klinger @ 6.0%, 100% equity / 20% domestic",1.2775531682566066,1.2970224299226085,0.00772,0.002391035225023976,1.9593452478574354
1.0,0.2,guyton_klinger,guyton_klinger (tight band),0.03,True,"guyton_klinger (tight band) @ 3.0%, 100% equity / 20% domestic",1.0948366299462877,1.0881775225961543,0.0,0.0,1.7368962651430864
1.0,0.2,guyton_klinger,guyton_klinger (tight band),0.035,True,"guyton_klinger (tight band) @ 3.5%, 100% equity / 20% domestic",1.1413633162274486,1.1372036790426097,4e-05,1.1258300121115244e-05,1.8040160208977674
1.0,0.2,guyton_klinger,guyton_klinger (tight band),0.04,True,"guyton_klinger (tight band) @ 4.0%, 100% equity / 20% domestic",1.1819481075398148,1.180933072847982,8e-05,2.405979171076309e-05,1.8603936029195554
1.0,0.2,guyton_klinger,guyton_klinger (tight band),0.045,True,"guyton_klinger (tight band) @ 4.5%, 100% equity / 20% domestic",1.21707473052295,1.219819874856797,0.0004,0.00011889676963179491,1.9070063984839707
1.0,0.2,guyton_klinger,guyton_klinger (tight band),0.05,True,"guyton_klinger (tight band) @ 5.0%, 100% equity / 20% domestic",1.2466818821332841,1.253863595594445,0.00128,0.00039110189435442096,1.9440739857753437
1.0,0.2,guyton_klinger,guyton_klinger (tight band),0.06,True,"guyton_klinger (tight band) @ 6.0%, 100% equity / 20% domestic",1.2888751098981828,1.3075776457487391,0.00884,0.0027532354613484483,1.9946974360234138
1.0,0.2,guyton_klinger,guyton_klinger (no inflation rule),0.03,True,"guyton_klinger (no inflation rule) @ 3.0%, 100% equity / 20% domestic",1.1276638122451526,1.116752525168685,0.00436,0.0020325848206869676,1.753428256933012
1.0,0.2,guyton_klinger,guyton_klinger (no inflation rule),0.035,True,"guyton_klinger (no inflation rule) @ 3.5%, 100% equity / 20% domestic",1.1781352485399368,1.170275234186081,0.00704,0.0032314194215361716,1.821960971599235
1.0,0.2,guyton_klinger,guyton_klinger (no inflation rule),0.04,True,"guyton_klinger (no inflation rule) @ 4.0%, 100% equity / 20% domestic",1.2208537723206043,1.2176475047663209,0.01228,0.0051663537982060215,1.879042214770006
1.0,0.2,guyton_klinger,guyton_klinger (no inflation rule),0.045,True,"guyton_klinger (no inflation rule) @ 4.5%, 100% equity / 20% domestic",1.254085541349819,1.2580176388593445,0.02168,0.008717562063017395,1.926384657470129
1.0,0.2,guyton_klinger,guyton_klinger (no inflation rule),0.05,True,"guyton_klinger (no inflation rule) @ 5.0%, 100% equity / 20% domestic",1.2755128126702622,1.2903920122101704,0.03948,0.015249173739583777,1.9647209859062555
1.0,0.2,guyton_klinger,guyton_klinger (no inflation rule),0.06,True,"guyton_klinger (no inflation rule) @ 6.0%, 100% equity / 20% domestic",1.2708867674480504,1.3210697450788678,0.10944,0.04210372653899989,2.0138088997325094
1.0,0.2,vanguard_dynamic,vanguard_dynamic,0.03,True,"vanguard_dynamic @ 3.0%, 100% equity / 20% domestic",1.1268026880362505,1.121414301654256,0.0098,0.00506055771439101,1.6535294114821089
1.0,0.2,vanguard_dynamic,vanguard_dynamic,0.035,True,"vanguard_dynamic @ 3.5%, 100% equity / 20% domestic",1.1763645152717117,1.176690500748397,0.01884,0.009548774157455215,1.7248802836233301
1.0,0.2,vanguard_dynamic,vanguard_dynamic,0.04,True,"vanguard_dynamic @ 4.0%, 100% equity / 20% domestic",1.2117148261373278,1.2219191411091563,0.03416,0.01692723027352332,1.786985693214684
1.0,0.2,vanguard_dynamic,vanguard_dynamic,0.045,True,"vanguard_dynamic @ 4.5%, 100% equity / 20% domestic",1.2262617541059455,1.2523963544536287,0.05812,0.028963474906489674,1.8399810517474955
1.0,0.2,vanguard_dynamic,vanguard_dynamic,0.05,True,"vanguard_dynamic @ 5.0%, 100% equity / 20% domestic",1.2166319571814355,1.2638558167034235,0.09968,0.04929065728432484,1.883446420439881
1.0,0.2,vanguard_dynamic,vanguard_dynamic,0.06,True,"vanguard_dynamic @ 6.0%, 100% equity / 20% domestic",1.1224362955896892,1.2120713573138095,0.24004,0.12430774867683274,1.9389605883741636
1.0,0.2,vanguard_dynamic,vanguard_dynamic (asymmetric),0.03,True,"vanguard_dynamic (asymmetric) @ 3.0%, 100% equity / 20% domestic",1.0703989955963567,1.0721728493330913,0.00352,0.002072552920727206,1.5249424251741956
1.0,0.2,vanguard_dynamic,vanguard_dynamic (asymmetric),0.035,True,"vanguard_dynamic (asymmetric) @ 3.5%, 100% equity / 20% domestic",1.122082783323884,1.1267420929395882,0.006,0.003401474325462378,1.5886677689123376
1.0,0.2,vanguard_dynamic,vanguard_dynamic (asymmetric),0.04,True,"vanguard_dynamic (asymmetric) @ 4.0%, 100% equity / 20% domestic",1.1659027533652533,1.175153520453884,0.01036,0.005750962247610015,1.6474944071131803
1.0,0.2,vanguard_dynamic,vanguard_dynamic (asymmetric),0.045,True,"vanguard_dynamic (asymmetric) @ 4.5%, 100% equity / 20% domestic",1.2004985433278172,1.2163939985400813,0.01764,0.009545550962091288,1.7009903478599362
1.0,0.2,vanguard_dynamic,vanguard_dynamic (asymmetric),0.05,True,"vanguard_dynamic (asymmetric) @ 5.0%, 100% equity / 20% domestic",1.2239660077825811,1.2492254249520758,0.02908,0.015388775616478938,1.7486998924359602
1.0,0.2,vanguard_dynamic,vanguard_dynamic (asymmetric),0.06,True,"vanguard_dynamic (asymmetric) @ 6.0%, 100% equity / 20% domestic",1.220823422358251,1.2749886959439636,0.07592,0.04006025280732143,1.825622961820851
1.0,0.2,endowment,endowment,0.03,True,"endowment @ 3.0%, 100% equity / 20% domestic",1.1381124680721775,1.129649423396616,8e-05,3.3501750999218505e-05,1.8145526108849828
1.0,0.2,endowment,endowment,0.035,True,"endowment @ 3.5%, 100% equity / 20% domestic",1.1855869377813824,1.181217986367474,0.00012,5.3840770248400603e-05,1.8726686453418688
1.0,0.2,endowment,endowment,0.04,True,"endowment @ 4.0%, 100% equity / 20% domestic",1.2251497229287556,1.2261004058304037,0.00016,8.131328615856338e-05,1.9175414704743319
1.0,0.2,endowment,endowment,0.045,True,"endowment @ 4.5%, 100% equity / 20% domestic",1.2568673914016673,1.2643569630790328,0.00028,0.00016079399869131427,1.9508894462636288
1.0,0.2,endowment,endowment,0.05,True,"endowment @ 5.0%, 100% equity / 20% domestic",1.2807437350107047,1.295962512358614,0.00052,0.00031684195473632694,1.9742614848185527
1.0,0.2,endowment,endowment,0.06,True,"endowment @ 6.0%, 100% equity / 20% domestic",1.3047661682556984,1.338526501392408,0.00164,0.0010578581515888696,1.9965060090417417
1.0,0.2,endowment,endowment (light smoothing),0.03,True,"endowment (light smoothing) @ 3.0%, 100% equity / 20% domestic",1.142087606421376,1.1331875467601868,0.0,0.0,1.8482804713920389
1.0,0.2,endowment,endowment (light smoothing),0.035,True,"endowment (light smoothing) @ 3.5%, 100% equity / 20% domestic",1.1874937183934975,1.1823096399450934,0.0,0.0,1.9018097061728445
1.0,0.2,endowment,endowment (light smoothing),0.04,True,"endowment (light smoothing) @ 4.0%, 100% equity / 20% domestic",1.2254172707621174,1.2248678038081073,0.0,0.0,1.941730116790571
1.0,0.2,endowment,endowment (light smoothing),0.045,True,"endowment (light smoothing) @ 4.5%, 100% equity / 20% domestic",1.2563240496023467,1.2612529829722188,0.0,0.0,1.970262239488578
1.0,0.2,endowment,endowment (light smoothing),0.05,True,"endowment (light smoothing) @ 5.0%, 100% equity / 20% domestic",1.2805989383116547,1.291758065990843,0.0,0.0,1.9893191953263614
1.0,0.2,endowment,endowment (light smoothing),0.06,True,"endowment (light smoothing) @ 6.0%, 100% equity / 20% domestic",1.310690554230388,1.3360918534546822,0.0,0.0,2.005348395223024
1.0,0.2,life_expectancy,life_expectancy,,False,"life_expectancy, 100% equity / 20% domestic",1.2804672948018034,1.2698897789199575,0.0,0.0,2.612267750052788
1.0,0.2,life_expectancy,life_expectancy (+5y buffer),,False,"life_expectancy (+5y buffer), 100% equity / 20% domestic",1.2333722238227378,1.204103379169912,0.0,0.0,2.391390388877376
1.0,0.2,gompertz,gompertz,,False,"gompertz, 100% equity / 20% domestic",1.3748578772223086,1.3788295412062044,0.0,0.0,2.2450168857591772
1.0,0.2,gompertz,gompertz (+5y buffer),,False,"gompertz (+5y buffer), 100% equity / 20% domestic",1.305041520286304,1.2907280091426514,0.0,0.0,2.2203378095450255
1.0,0.2,amortisation,amortisation (0% assumed return),,False,"amortisation (0% assumed return), 100% equity / 20% domestic",1.2804672948018034,1.2698897789199575,0.0,0.0,2.612267750052788
1.0,0.2,amortisation,amortisation (2% assumed return),,False,"amortisation (2% assumed return), 100% equity / 20% domestic",1.3416070882771893,1.3494880346888438,0.0,0.0,2.4435980070682053
1.0,0.2,amortisation,amortisation (4% assumed return),,False,"amortisation (4% assumed return), 100% equity / 20% domestic",1.3696128902316247,1.4020254957372364,0.0,0.0,2.2909132676269452
1.0,0.3,constant_real,constant_real,0.03,True,"constant_real @ 3.0%, 100% equity / 30% domestic",1.0298004622491483,1.0415154585173128,0.02456,0.012003952288357348,1.4500205154263666
1.0,0.3,constant_real,constant_real,0.035,True,"constant_real @ 3.5%, 100% equity / 30% domestic",1.075209802962666,1.0931516439421713,0.04608,0.022580056536444452,1.511227838774641
1.0,0.3,constant_real,constant_real,0.04,True,"constant_real @ 4.0%, 100% equity / 30% domestic",1.1028416100248006,1.1324901144366575,0.08612,0.04188718641986155,1.569016210163164
1.0,0.3,constant_real,constant_real,0.045,True,"constant_real @ 4.5%, 100% equity / 30% domestic",1.1053004145731036,1.1526645090026315,0.14072,0.07072911258807879,1.6215038383285039
1.0,0.3,constant_real,constant_real,0.05,True,"constant_real @ 5.0%, 100% equity / 30% domestic",1.083086313502003,1.1493092137936554,0.20836,0.1095890454069706,1.6671138600861566
1.0,0.3,constant_real,constant_real,0.06,True,"constant_real @ 6.0%, 100% equity / 30% domestic",1.0024412381587424,1.0895862053483163,0.35464,0.20522180885644356,1.737164355260557
1.0,0.3,constant_percent,constant_percent,0.03,True,"constant_percent @ 3.0%, 100% equity / 30% domestic",1.1248382929820395,1.1169948028186492,0.0,0.0,1.822574203581558
1.0,0.3,constant_percent,constant_percent,0.035,True,"constant_percent @ 3.5%, 100% equity / 30% domestic",1.1679844749749875,1.1637691357651956,0.0,0.0,1.8729369448068656
1.0,0.3,constant_percent,constant_percent,0.04,True,"constant_percent @ 4.0%, 100% equity / 30% domestic",1.2039657397309933,1.204204276369591,0.0,0.0,1.9103000370827028
1.0,0.3,constant_percent,constant_percent,0.045,True,"constant_percent @ 4.5%, 100% equity / 30% domestic",1.2333120020253547,1.238749002048852,0.0,0.0,1.936886910719275
1.0,0.3,constant_percent,constant_percent,0.05,True,"constant_percent @ 5.0%, 100% equity / 30% domestic",1.2564654069480976,1.267752629959119,0.0,0.0,1.9545893493673538
1.0,0.3,constant_percent,constant_percent,0.06,True,"constant_percent @ 6.0%, 100% equity / 30% domestic",1.28580241075366,1.310302299833949,0.0,0.0,1.9695181602018519
1.0,0.3,guyton_klinger,guyton_klinger,0.03,True,"guyton_klinger @ 3.0%, 100% equity / 30% domestic",1.0628187387191863,1.058157976057708,0.0,0.0,1.6702792889021443
1.0,0.3,guyton_klinger,guyton_klinger,0.035,True,"guyton_klinger @ 3.5%, 100% equity / 30% domestic",1.1078031426066461,1.1056205307677853,4e-05,1.1258300121115244e-05,1.7339775989972182
1.0,0.3,guyton_klinger,guyton_klinger,0.04,True,"guyton_klinger @ 4.0%, 100% equity / 30% domestic",1.147522958811266,1.1484464507443184,8e-05,2.25697652761207e-05,1.7882012214980674
1.0,0.3,guyton_klinger,guyton_klinger,0.045,True,"guyton_klinger @ 4.5%, 100% equity / 30% domestic",1.1821235758330595,1.1867507708461293,0.00024,6.923399474173615e-05,1.8337557260289354
1.0,0.3,guyton_klinger,guyton_klinger,0.05,True,"guyton_klinger @ 5.0%, 100% equity / 30% domestic",1.2117867387701347,1.2206641145372634,0.0008,0.0002365289943745266,1.8712081910279557
1.0,0.3,guyton_klinger,guyton_klinger,0.06,True,"guyton_klinger @ 6.0%, 100% equity / 30% domestic",1.2557875593136385,1.2756018227877253,0.0072,0.002230261393218318,1.9249402963817737
1.0,0.3,guyton_klinger,guyton_klinger (tight band),0.03,True,"guyton_klinger (tight band) @ 3.0%, 100% equity / 30% domestic",1.0800701417122267,1.0742547584998634,0.0,0.0,1.7117358220638015
1.0,0.3,guyton_klinger,guyton_klinger (tight band),0.035,True,"guyton_klinger (tight band) @ 3.5%, 100% equity / 30% domestic",1.1251956867516815,1.121882825889117,0.0,0.0,1.7766000218751188
1.0,0.3,guyton_klinger,guyton_klinger (tight band),0.04,True,"guyton_klinger (tight band) @ 4.0%, 100% equity / 30% domestic",1.1644769328779563,1.1643160150677083,0.00012,3.079484749406094e-05,1.8310156138710683
1.0,0.3,guyton_klinger,guyton_klinger (tight band),0.045,True,"guyton_klinger (tight band) @ 4.5%, 100% equity / 30% domestic",1.198223692090318,1.201852960638069,0.00036,9.845097828853282e-05,1.8755801265999015
1.0,0.3,guyton_klinger,guyton_klinger (tight band),0.05,True,"guyton_klinger (tight band) @ 5.0%, 100% equity / 30% domestic",1.2269040771132222,1.234810168988528,0.00124,0.00035456968506989534,1.9113823539281687
1.0,0.3,guyton_klinger,guyton_klinger (tight band),0.06,True,"guyton_klinger (tight band) @ 6.0%, 100% equity / 30% domestic",1.2678434047096903,1.2870465948178518,0.00864,0.0026665413854285998,1.9591961076196331
1.0,0.3,guyton_klinger,guyton_klinger (no inflation rule),0.03,True,"guyton_klinger (no inflation rule) @ 3.0%, 100% equity / 30% domestic",1.1126204896310217,1.1025689963783172,0.00396,0.0018195839051671464,1.7277276311835312
1.0,0.3,guyton_klinger,guyton_klinger (no inflation rule),0.035,True,"guyton_klinger (no inflation rule) @ 3.5%, 100% equity / 30% domestic",1.1614470397166476,1.1543701981473409,0.00664,0.0030300257002259284,1.7934271625147382
1.0,0.3,guyton_klinger,guyton_klinger (no inflation rule),0.04,True,"guyton_klinger (no inflation rule) @ 4.0%, 100% equity / 30% domestic",1.2031279445051994,1.20063287064351,0.01232,0.005150878920194591,1.8486199133890853
1.0,0.3,guyton_klinger,guyton_klinger (no inflation rule),0.045,True,"guyton_klinger (no inflation rule) @ 4.5%, 100% equity / 30% domestic",1.235408939793262,1.2398239991099287,0.02272,0.008892441236902505,1.894114221203531
1.0,0.3,guyton_klinger,guyton_klinger (no inflation rule),0.05,True,"guyton_klinger (no inflation rule) @ 5.0%, 100% equity / 30% domestic",1.2568063387388482,1.2716641044104535,0.04192,0.015862700445001446,1.9304820758003989
1.0,0.3,guyton_klinger,guyton_klinger (no inflation rule),0.06,True,"guyton_klinger (no inflation rule) @ 6.0%, 100% equity / 30% domestic",1.2516437886971468,1.3010412606372634,0.11404,0.04379364050457258,1.9772907358713092
1.0,0.3,vanguard_dynamic,vanguard_dynamic,0.03,True,"vanguard_dynamic @ 3.0%, 100% equity / 30% domestic",1.1126297823786537,1.10807287066052,0.01076,0.005318967173457878,1.6345952549341027
1.0,0.3,vanguard_dynamic,vanguard_dynamic,0.035,True,"vanguard_dynamic @ 3.5%, 100% equity / 30% domestic",1.160594076494682,1.161810277887803,0.02016,0.010169733107893123,1.7032081119804703
1.0,0.3,vanguard_dynamic,vanguard_dynamic,0.04,True,"vanguard_dynamic @ 4.0%, 100% equity / 30% domestic",1.1942775940645645,1.2054182269478864,0.03672,0.018141800782337677,1.7634263195649458
1.0,0.3,vanguard_dynamic,vanguard_dynamic,0.045,True,"vanguard_dynamic @ 4.5%, 100% equity / 30% domestic",1.2073302213006951,1.2344565005014683,0.06444,0.031764138140992625,1.8142276577835443
1.0,0.3,vanguard_dynamic,vanguard_dynamic,0.05,True,"vanguard_dynamic @ 5.0%, 100% equity / 30% domestic",1.1959390552878926,1.2440380876463282,0.10868,0.05406748264451854,1.8553206124048243
1.0,0.3,vanguard_dynamic,vanguard_dynamic,0.06,True,"vanguard_dynamic @ 6.0%, 100% equity / 30% domestic",1.1083920404494743,1.1958924373948925,0.2488,0.1293168300582139,1.9081312787172966
1.0,0.3,vanguard_dynamic,vanguard_dynamic (asymmetric),0.03,True,"vanguard_dynamic (asymmetric) @ 3.0%, 100% equity / 30% domestic",1.057916211977629,1.0601168697556902,0.00324,0.002019575681397495,1.51109523385757
1.0,0.3,vanguard_dynamic,vanguard_dynamic (asymmetric),0.035,True,"vanguard_dynamic (asymmetric) @ 3.5%, 100% equity / 30% domestic",1.1080631488280523,1.1132224273867612,0.00568,0.0032596517678215855,1.5726548979364496
1.0,0.3,vanguard_dynamic,vanguard_dynamic (asymmetric),0.04,True,"vanguard_dynamic (asymmetric) @ 4.0%, 100% equity / 30% domestic",1.1505221244708923,1.1603041910324532,0.0112,0.00593932307196772,1.6295743918645016
1.0,0.3,vanguard_dynamic,vanguard_dynamic (asymmetric),0.045,True,"vanguard_dynamic (asymmetric) @ 4.5%, 100% equity / 30% domestic",1.1836488893112713,1.2002505026389596,0.01876,0.010201303562435,1.681384731866673
1.0,0.3,vanguard_dynamic,vanguard_dynamic (asymmetric),0.05,True,"vanguard_dynamic (asymmetric) @ 5.0%, 100% equity / 30% domestic",1.205631385968203,1.2314472149482873,0.03076,0.016442530375268112,1.727469800291176
1.0,0.3,vanguard_dynamic,vanguard_dynamic (asymmetric),0.06,True,"vanguard_dynamic (asymmetric) @ 6.0%, 100% equity / 30% domestic",1.2005836793555882,1.2550507870030356,0.08392,0.0440976365250828,1.8009437839928701
1.0,0.3,endowment,endowment,0.03,True,"endowment @ 3.0%, 100% equity / 30% domestic",1.1216812888547742,1.1143023784148312,8e-05,2.1026573807588092e-05,1.7839025307284326
1.0,0.3,endowment,endowment,0.035,True,"endowment @ 3.5%, 100% equity / 30% domestic",1.1675632090338168,1.1642975358010788,8e-05,3.647682668685801e-05,1.8398080482125232
1.0,0.3,endowment,endowment,0.04,True,"endowment @ 4.0%, 100% equity / 30% domestic",1.2057495038428443,1.2077744601688947,0.00012,6.167367511146168e-05,1.883040822438896
1.0,0.3,endowment,endowment,0.045,True,"endowment @ 4.5%, 100% equity / 30% domestic",1.2363169902936895,1.2447975240074256,0.00016,8.890956117244372e-05,1.9152430282230657
1.0,0.3,endowment,endowment,0.05,True,"endowment @ 5.0%, 100% equity / 30% domestic",1.2593326501108315,1.2753890693938983,0.00036,0.00020683755976083724,1.9378949903672336
1.0,0.3,endowment,endowment,0.06,True,"endowment @ 6.0%, 100% equity / 30% domestic",1.2825380081678854,1.3166547077726938,0.0014,0.0008546502978592663,1.9597340821691493
1.0,0.3,endowment,endowment (light smoothing),0.03,True,"endowment (light smoothing) @ 3.0%, 100% equity / 30% domestic",1.1252530991979024,1.11746211978482,0.0,0.0,1.8156101746685753
1.0,0.3,endowment,endowment (light smoothing),0.035,True,"endowment (light smoothing) @ 3.5%, 100% equity / 30% domestic",1.1690918390520337,1.1650423657173068,0.0,0.0,1.8671321934005038
1.0,0.3,endowment,endowment (light smoothing),0.04,True,"endowment (light smoothing) @ 4.0%, 100% equity / 30% domestic",1.2056371903066725,1.2062151563819523,0.0,0.0,1.9056428207331166
1.0,0.3,endowment,endowment (light smoothing),0.045,True,"endowment (light smoothing) @ 4.5%, 100% equity / 30% domestic",1.235356081364632,1.241369564647063,0.0,0.0,1.9332608980241506
1.0,0.3,endowment,endowment (light smoothing),0.05,True,"endowment (light smoothing) @ 5.0%, 100% equity / 30% domestic",1.2586370127571296,1.2707997784928877,0.0,0.0,1.9518122275684278
1.0,0.3,endowment,endowment (light smoothing),0.06,True,"endowment (light smoothing) @ 6.0%, 100% equity / 30% domestic",1.2873377954446565,1.3134642361203466,0.0,0.0,1.9677673658836337
1.0,0.3,life_expectancy,life_expectancy,,False,"life_expectancy, 100% equity / 30% domestic",1.2627135108046077,1.2520043682791835,0.0,0.0,2.5449410652816655
1.0,0.3,life_expectancy,life_expectancy (+5y buffer),,False,"life_expectancy (+5y buffer), 100% equity / 30% domestic",1.215519361202143,1.1875245881510756,0.0,0.0,2.3336818019306995
1.0,0.3,gompertz,gompertz,,False,"gompertz, 100% equity / 30% domestic",1.3507278081475687,1.356193443721403,0.0,0.0,2.196826859993372
1.0,0.3,gompertz,gompertz (+5y buffer),,False,"gompertz (+5y buffer), 100% equity / 30% domestic",1.2838446671102628,1.2710220086113575,0.0,0.0,2.171967359319204
1.0,0.3,amortisation,amortisation (0% assumed return),,False,"amortisation (0% assumed return), 100% equity / 30% domestic",1.2627135108046077,1.2520043682791835,0.0,0.0,2.5449410652816655
1.0,0.3,amortisation,amortisation (2% assumed return),,False,"amortisation (2% assumed return), 100% equity / 30% domestic",1.3213738263460806,1.3287243890728493,0.0,0.0,2.3852082821405527
1.0,0.3,amortisation,amortisation (4% assumed return),,False,"amortisation (4% assumed return), 100% equity / 30% domestic",1.347512676911126,1.3789222169828037,0.0,0.0,2.2405344627106594
1.0,0.5,constant_real,constant_real,0.03,True,"constant_real @ 3.0%, 100% equity / 50% domestic",0.9915755867179145,1.0042310215745178,0.03916,0.018982468563383197,1.427662953792947
1.0,0.5,constant_real,constant_real,0.035,True,"constant_real @ 3.5%, 100% equity / 50% domestic",1.0285992017955468,1.0482882857726044,0.06976,0.034500913051032096,1.484222141922587
1.0,0.5,constant_real,constant_real,0.04,True,"constant_real @ 4.0%, 100% equity / 50% domestic",1.0485341619647455,1.0797676895709578,0.11568,0.05862157939887176,1.5371668028605694
1.0,0.5,constant_real,constant_real,0.045,True,"constant_real @ 4.5%, 100% equity / 50% domestic",1.0495408915311648,1.0952617785907408,0.16924,0.08936693458702534,1.5855173019818052
1.0,0.5,constant_real,constant_real,0.05,True,"constant_real @ 5.0%, 100% equity / 50% domestic",1.0334444434470673,1.0936322778140988,0.2362,0.12859819240319617,1.6279380509173091
1.0,0.5,constant_real,constant_real,0.06,True,"constant_real @ 6.0%, 100% equity / 50% domestic",0.9718894846730795,1.0500847967470714,0.37892,0.22275616784701452,1.6926300781131358
1.0,0.5,constant_percent,constant_percent,0.03,True,"constant_percent @ 3.0%, 100% equity / 50% domestic",1.0660733183732192,1.0625972881174728,0.0,0.0,1.761246959714728
1.0,0.5,constant_percent,constant_percent,0.035,True,"constant_percent @ 3.5%, 100% equity / 50% domestic",1.1026709265617087,1.1028653843021203,0.0,0.0,1.8079390046186372
1.0,0.5,constant_percent,constant_percent,0.04,True,"constant_percent @ 4.0%, 100% equity / 50% domestic",1.1328949138633226,1.137403806805523,0.0,0.0,1.842733488563446
1.0,0.5,constant_percent,constant_percent,0.045,True,"constant_percent @ 4.5%, 100% equity / 50% domestic",1.1573222189382004,1.1667020943374042,0.0,0.0,1.8676572686921291
1.0,0.5,constant_percent,constant_percent,0.05,True,"constant_percent @ 5.0%, 100% equity / 50% domestic",1.17643231343204,1.1911477716741552,0.0,0.0,1.8844355186027453
1.0,0.5,constant_percent,constant_percent,0.06,True,"constant_percent @ 6.0%, 100% equity / 50% domestic",1.2003807111514815,1.2267640383341505,0.0,0.0,1.8991914673762762
1.0,0.5,guyton_klinger,guyton_klinger,0.03,True,"guyton_klinger @ 3.0%, 100% equity / 50% domestic",1.0163884280617306,1.0145654998224172,0.0,0.0,1.623843321405337
1.0,0.5,guyton_klinger,guyton_klinger,0.035,True,"guyton_klinger @ 3.5%, 100% equity / 50% domestic",1.0556829967930248,1.0564356054409625,0.0,0.0,1.682611995574939
1.0,0.5,guyton_klinger,guyton_klinger,0.04,True,"guyton_klinger @ 4.0%, 100% equity / 50% domestic",1.0899604803086196,1.0938127840135834,8e-05,1.95365473729457e-05,1.7331075226379684
1.0,0.5,guyton_klinger,guyton_klinger,0.045,True,"guyton_klinger @ 4.5%, 100% equity / 50% domestic",1.119738610696717,1.1272035323524576,0.00024,7.230188512364277e-05,1.7750879044683094
1.0,0.5,guyton_klinger,guyton_klinger,0.05,True,"guyton_klinger @ 5.0%, 100% equity / 50% domestic",1.1449008976567632,1.1563851511009726,0.001,0.0002915415821422295,1.8100665042293835
1.0,0.5,guyton_klinger,guyton_klinger,0.06,True,"guyton_klinger @ 6.0%, 100% equity / 50% domestic",1.1817031153995403,1.2032034910578082,0.0084,0.0026117617640172143,1.8599034005832826
1.0,0.5,guyton_klinger,guyton_klinger (tight band),0.03,True,"guyton_klinger (tight band) @ 3.0%, 100% equity / 50% domestic",1.0322247049031996,1.0293559561299244,0.0,0.0,1.6623729575829558
1.0,0.5,guyton_klinger,guyton_klinger (tight band),0.035,True,"guyton_klinger (tight band) @ 3.5%, 100% equity / 50% domestic",1.0712611054051329,1.0710366189956488,0.0,0.0,1.7221953805954755
1.0,0.5,guyton_klinger,guyton_klinger (tight band),0.04,True,"guyton_klinger (tight band) @ 4.0%, 100% equity / 50% domestic",1.1050713267298549,1.1079713241816005,0.0,0.0,1.772340542368804
1.0,0.5,guyton_klinger,guyton_klinger (tight band),0.045,True,"guyton_klinger (tight band) @ 4.5%, 100% equity / 50% domestic",1.1339056518852157,1.1404139149585457,0.00028,8.347234773213617e-05,1.8136957915016696
1.0,0.5,guyton_klinger,guyton_klinger (tight band),0.05,True,"guyton_klinger (tight band) @ 5.0%, 100% equity / 50% domestic",1.1581581962112821,1.1687817009320371,0.00128,0.00036265376474132354,1.8467629547164606
1.0,0.5,guyton_klinger,guyton_klinger (tight band),0.06,True,"guyton_klinger (tight band) @ 6.0%, 100% equity / 50% domestic",1.192085700499727,1.2130722161364487,0.01028,0.0031537705389702887,1.8912620351406453
1.0,0.5,guyton_klinger,guyton_klinger (no inflation rule),0.03,True,"guyton_klinger (no inflation rule) @ 3.0%, 100% equity / 50% domestic",1.0604263447007194,1.0540285920006314,0.0062,0.0025513482356928005,1.67702636411285
1.0,0.5,guyton_klinger,guyton_klinger (no inflation rule),0.035,True,"guyton_klinger (no inflation rule) @ 3.5%, 100% equity / 50% domestic",1.102409554556052,1.0994793020749085,0.01216,0.005007658952652298,1.7371391091347168
1.0,0.5,guyton_klinger,guyton_klinger (no inflation rule),0.04,True,"guyton_klinger (no inflation rule) @ 4.0%, 100% equity / 50% domestic",1.1368963139942085,1.1389075894840792,0.02204,0.008883562742348137,1.7882577323537088
1.0,0.5,guyton_klinger,guyton_klinger (no inflation rule),0.045,True,"guyton_klinger (no inflation rule) @ 4.5%, 100% equity / 50% domestic",1.1625565453612448,1.1718055404527683,0.038,0.014984646385597203,1.8297141008706341
1.0,0.5,guyton_klinger,guyton_klinger (no inflation rule),0.05,True,"guyton_klinger (no inflation rule) @ 5.0%, 100% equity / 50% domestic",1.1769972791287695,1.197029894277298,0.06604,0.0257015266928958,1.8633233170964092
1.0,0.5,guyton_klinger,guyton_klinger (no inflation rule),0.06,True,"guyton_klinger (no inflation rule) @ 6.0%, 100% equity / 50% domestic",1.168355626095519,1.21846246796183,0.1494,0.060412723830640426,1.9065761681513869
1.0,0.5,vanguard_dynamic,vanguard_dynamic,0.03,True,"vanguard_dynamic @ 3.0%, 100% equity / 50% domestic",1.0613445762555802,1.060478017853355,0.01764,0.008935703100080709,1.5938635096726517
1.0,0.5,vanguard_dynamic,vanguard_dynamic,0.035,True,"vanguard_dynamic @ 3.5%, 100% equity / 50% domestic",1.100490159600736,1.106260300847853,0.03376,0.016774181712429215,1.6568808017849215
1.0,0.5,vanguard_dynamic,vanguard_dynamic,0.04,True,"vanguard_dynamic @ 4.0%, 100% equity / 50% domestic",1.124675684859586,1.1412161889119354,0.05836,0.029489392799759068,1.7115339507297613
1.0,0.5,vanguard_dynamic,vanguard_dynamic,0.045,True,"vanguard_dynamic @ 4.5%, 100% equity / 50% domestic",1.1307370385741864,1.1620276331730086,0.09592,0.04871457033486822,1.7575531055358302
1.0,0.5,vanguard_dynamic,vanguard_dynamic,0.05,True,"vanguard_dynamic @ 5.0%, 100% equity / 50% domestic",1.1189148114034393,1.1670019599697317,0.14476,0.07503459253562038,1.7949754450845885
1.0,0.5,vanguard_dynamic,vanguard_dynamic,0.06,True,"vanguard_dynamic @ 6.0%, 100% equity / 50% domestic",1.0538604463091277,1.1308786716367096,0.27512,0.1497451623879025,1.8440007067427318
1.0,0.5,vanguard_dynamic,vanguard_dynamic (asymmetric),0.03,True,"vanguard_dynamic (asymmetric) @ 3.0%, 100% equity / 50% domestic",1.0143362981970916,1.0187032311374389,0.0062,0.0035017586371187074,1.4817458883350443
1.0,0.5,vanguard_dynamic,vanguard_dynamic (asymmetric),0.035,True,"vanguard_dynamic (asymmetric) @ 3.5%, 100% equity / 50% domestic",1.0573512437665407,1.0650020975984131,0.0102,0.005747457163906325,1.5386157593641767
1.0,0.5,vanguard_dynamic,vanguard_dynamic (asymmetric),0.04,True,"vanguard_dynamic (asymmetric) @ 4.0%, 100% equity / 50% domestic",1.0929362118523023,1.1054710379998074,0.01804,0.009768115281687244,1.5909661822622643
1.0,0.5,vanguard_dynamic,vanguard_dynamic (asymmetric),0.045,True,"vanguard_dynamic (asymmetric) @ 4.5%, 100% equity / 50% domestic",1.1192167373469106,1.1387852529944287,0.03156,0.01677306092447229,1.6385051643526647
1.0,0.5,vanguard_dynamic,vanguard_dynamic (asymmetric),0.05,True,"vanguard_dynamic (asymmetric) @ 5.0%, 100% equity / 50% domestic",1.1335315984935108,1.1627625820913248,0.05184,0.027653418744123182,1.68056213009805
1.0,0.5,vanguard_dynamic,vanguard_dynamic (asymmetric),0.06,True,"vanguard_dynamic (asymmetric) @ 6.0%, 100% equity / 50% domestic",1.122955496189961,1.1761699472425136,0.11668,0.06328163894485811,1.7470420670477997
1.0,0.5,endowment,endowment,0.03,True,"endowment @ 3.0%, 100% equity / 50% domestic",1.0649740466396964,1.0619818076217358,0.0,0.0,1.7268818070932543
1.0,0.5,endowment,endowment,0.035,True,"endowment @ 3.5%, 100% equity / 50% domestic",1.1039682922146823,1.1051959236913014,8e-05,3.1958559530685905e-05,1.7786171138931814
1.0,0.5,endowment,endowment,0.04,True,"endowment @ 4.0%, 100% equity / 50% domestic",1.135998161578197,1.142410850866178,0.00016,6.22191331558884e-05,1.8187317978479396
1.0,0.5,endowment,endowment,0.045,True,"endowment @ 4.5%, 100% equity / 50% domestic",1.1612941129558094,1.1738084726420064,0.00016,8.035724119632611e-05,1.848728865123534
1.0,0.5,endowment,endowment,0.05,True,"endowment @ 5.0%, 100% equity / 50% domestic",1.1800304680332712,1.199490244101288,0.00028,0.00014492655473003402,1.8699628850542447
1.0,0.5,endowment,endowment,0.06,True,"endowment @ 6.0%, 100% equity / 50% domestic",1.1982018023574523,1.2336036056596205,0.0016,0.0009742395593549282,1.8908864980820725
1.0,0.5,endowment,endowment (light smoothing),0.03,True,"endowment (light smoothing) @ 3.0%, 100% equity / 50% domestic",1.0667241957428462,1.0633330704021475,0.0,0.0,1.755055357266361
1.0,0.5,endowment,endowment (light smoothing),0.035,True,"endowment (light smoothing) @ 3.5%, 100% equity / 50% domestic",1.1039006683792782,1.1043058112176223,0.0,0.0,1.8027944474292712
1.0,0.5,endowment,endowment (light smoothing),0.04,True,"endowment (light smoothing) @ 4.0%, 100% equity / 50% domestic",1.1345695148415242,1.1394668849411524,0.0,0.0,1.8386222183454624
1.0,0.5,endowment,endowment (light smoothing),0.045,True,"endowment (light smoothing) @ 4.5%, 100% equity / 50% domestic",1.159260389729308,1.1692580588608221,0.0,0.0,1.8644715649403463
1.0,0.5,endowment,endowment (light smoothing),0.05,True,"endowment (light smoothing) @ 5.0%, 100% equity / 50% domestic",1.1784150059188647,1.1940247849585144,0.0,0.0,1.8820085277015233
1.0,0.5,endowment,endowment (light smoothing),0.06,True,"endowment (light smoothing) @ 6.0%, 100% equity / 50% domestic",1.2016958618618097,1.229631799150238,0.0,0.0,1.8976705112513286
1.0,0.5,life_expectancy,life_expectancy,,False,"life_expectancy, 100% equity / 50% domestic",1.1940376622936082,1.1850274736533157,0.0,0.0,2.420930305205994
1.0,0.5,life_expectancy,life_expectancy (+5y buffer),,False,"life_expectancy (+5y buffer), 100% equity / 50% domestic",1.149673474436139,1.1277102229335307,0.0,0.0,2.2273868647229813
1.0,0.5,gompertz,gompertz,,False,"gompertz, 100% equity / 50% domestic",1.258012579067463,1.2689800838002927,0.0,0.0,2.107229670070125
1.0,0.5,gompertz,gompertz (+5y buffer),,False,"gompertz (+5y buffer), 100% equity / 50% domestic",1.203774187561545,1.1974062208539724,0.0,0.0,2.0823712668154064
1.0,0.5,amortisation,amortisation (0% assumed return),,False,"amortisation (0% assumed return), 100% equity / 50% domestic",1.1940376622936082,1.1850274736533157,0.0,0.0,2.420930305205994
1.0,0.5,amortisation,amortisation (2% assumed return),,False,"amortisation (2% assumed return), 100% equity / 50% domestic",1.2409577025763294,1.2484387077626433,0.0,0.0,2.277250558295518
1.0,0.5,amortisation,amortisation (4% assumed return),,False,"amortisation (4% assumed return), 100% equity / 50% domestic",1.2596223656672316,1.288468207303073,0.0,0.0,2.1469953340958967
