withdrawal,tax,average_rate,marginal_rate,statutory_rate
0.0,0.0,0.0,0.0,0.0
0.00125,0.0,0.0,0.0,0.0
0.0025,0.0,0.0,0.0,0.0
0.00375,0.0,0.0,0.0,0.0
0.005,0.0,0.0,0.0,0.0
0.00625,0.0,0.0,0.0,0.0
0.0075,0.0,0.0,0.0,0.0
0.00875,0.0,0.0,0.0,0.0
0.01,0.0,0.0,0.0,0.0
0.01125,0.0,0.0,0.0,0.0
0.0125,0.0,0.0,0.0,0.0
0.01375,0.0,0.0,0.0,0.0
0.015,0.0,0.0,0.0,0.0
0.01625,0.0,0.0,0.0,0.0
0.0175,0.0,0.0,0.0,0.0
0.01875,0.0,0.0,0.0,0.0
0.02,0.0,0.0,0.0,0.0
0.02125,0.0,0.0,0.0,0.0
0.0225,0.0,0.0,0.0,0.0
0.02375,0.0,0.0,0.0,0.0
0.025,0.0,0.0,0.0,0.0
0.02625,0.0,0.0,0.0,0.0
0.0275,0.0,0.0,0.0,0.0
0.02875,0.0,0.0,0.0,0.0
0.03,0.0,0.0,0.0,0.0
0.03125,0.0,0.0,0.0,0.0
0.0325,0.0,0.0,0.0,0.0
0.03375,0.0,0.0,0.0,0.0
0.035,0.0,0.0,0.0,0.0
0.03625,0.0,0.0,0.0,0.0
0.0375,0.0,0.0,0.0,0.0
0.03875,0.0,0.0,0.0,0.0
0.04,0.0,0.0,0.0,0.0
0.04125,0.0,0.0,0.0,0.0
0.0425,0.0,0.0,0.0,0.0
0.043750000000000004,0.0,0.0,0.0,0.0
0.045,0.0,0.0,0.0,0.0
0.04625,0.0,0.0,0.0,0.0
0.0475,0.0,0.0,0.0,0.0
0.04875,0.0,0.0,0.0,0.0
0.05,0.0,0.0,0.0,0.0
0.051250000000000004,0.0,0.0,0.0,0.0
0.0525,0.0,0.0,0.0,0.0
0.05375,0.0,0.0,0.0,0.0
0.055,0.0,0.0,0.0,0.0
0.05625,0.0,0.0,0.0,0.0
0.0575,0.0,0.0,0.0,0.0
0.058750000000000004,0.0,0.0,0.0,0.0
0.06,0.0,0.0,0.0,0.0
0.06125,0.0,0.0,0.0,0.0
0.0625,0.0,0.0,0.0,0.0
0.06375,0.0,0.0,0.0,0.0
0.065,0.0,0.0,0.0,0.0
0.06625,0.0,0.0,0.0,0.0
0.0675,0.0,0.0,0.0,0.0
0.06875,0.0,0.0,0.0,0.0
0.07,0.0,0.0,0.0,0.0
0.07125000000000001,0.0,0.0,0.0,0.0
0.0725,0.0,0.0,0.0,0.0
0.07375,0.0,0.0,0.0,0.0
0.075,0.0,0.0,0.0,0.0
0.07625,0.0,0.0,0.0,0.0
0.0775,0.0,0.0,0.0,0.0
0.07875,0.0,0.0,0.0,0.0
0.08,0.0,0.0,0.0,0.0
0.08125,0.0,0.0,0.0,0.0
0.0825,0.0,0.0,0.0,0.0
0.08375,0.0,0.0,0.0,0.0
0.085,0.0,0.0,0.0,0.0
0.08625000000000001,0.0,0.0,0.0,0.0
0.08750000000000001,0.0,0.0,0.0,0.0
0.08875,0.0,0.0,0.0,0.0
0.09,0.0,0.0,0.0,0.0
0.09125,0.0,0.0,0.0,0.0
0.0925,0.0,0.0,0.0,0.0
0.09375,0.0,0.0,0.0,0.0
0.095,0.0,0.0,0.0,0.0
0.09625,0.0,0.0,0.0,0.0
0.0975,0.0,0.0,0.0,0.0
0.09875,0.0,0.0,0.0,0.0
0.1,0.0,0.0,0.0,0.0
0.10125,0.0,0.0,0.0,0.0
0.10250000000000001,0.0,0.0,0.0,0.0
0.10375000000000001,0.0,0.0,0.0,0.0
0.105,0.0,0.0,0.0,0.0
0.10625,0.0,0.0,0.0,0.0
0.1075,0.0,0.0,0.0,0.0
0.10875,0.0,0.0,0.0,0.0
0.11,0.0,0.0,0.0,0.0
0.11125,0.0,0.0,0.0,0.0
0.1125,0.0,0.0,0.0,0.0
0.11375,0.0,0.0,0.0,0.0
0.115,0.0,0.0,0.0,0.0
0.11625,0.0,0.0,0.0,0.0
0.11750000000000001,0.0,0.0,0.0,0.0
0.11875000000000001,0.0,0.0,0.0,0.0
0.12,0.0,0.0,0.0,0.0
0.12125,0.0,0.0,0.0,0.0
0.1225,0.0,0.0,0.0,0.0
0.12375,0.0,0.0,0.0,0.0
0.125,0.0,0.0,0.0,0.0
0.12625,0.0,0.0,0.0,0.0
0.1275,0.0,0.0,0.0,0.0
0.12875,0.0,0.0,0.0,0.0
0.13,0.0,0.0,0.0,0.0
0.13125,0.0,0.0,0.0,0.0
0.1325,0.0,0.0,0.0,0.0
0.13375,0.0,0.0,0.0,0.0
0.135,0.0,0.0,0.0,0.0
0.13625,0.0,0.0,0.0,0.0
0.1375,0.0,0.0,0.0,0.0
0.13875,0.0,0.0,0.0,0.0
0.14,0.0,0.0,0.0,0.0
0.14125000000000001,0.0,0.0,0.0,0.0
0.14250000000000002,0.0,0.0,0.0,0.0
0.14375000000000002,0.0,0.0,0.0,0.0
0.145,0.0,0.0,0.0,0.0
0.14625,0.0,0.0,0.0,0.0
0.1475,0.0,0.0,0.0,0.0
0.14875,0.0,0.0,0.0,0.0
0.15,0.0,0.0,0.0,0.0
0.15125,0.0,0.0,0.0,0.0
0.1525,0.0,0.0,0.0,0.0
0.15375,0.0,0.0,0.0,0.0
0.155,0.0,0.0,0.0,0.0
0.15625,0.0,0.0,0.0,0.0
0.1575,0.0,0.0,0.0,0.0
0.15875,0.0,0.0,0.0,0.0
0.16,0.0,0.0,0.0,0.0
0.16125,0.0,0.0,0.0,0.0
0.1625,0.0,0.0,0.0,0.0
0.16375,0.0,0.0,0.0,0.0
0.165,0.0,0.0,0.0,0.0
0.16625,0.0,0.0,0.0,0.0
0.1675,0.0,0.0,0.0,0.0
0.16875,0.0,0.0,0.0,0.0
0.17,0.0,0.0,0.0,0.0
0.17125,0.0,0.0,0.0,0.0
0.17250000000000001,0.0,0.0,0.0,0.0
0.17375000000000002,0.0,0.0,0.0,0.0
0.17500000000000002,0.0,0.0,0.0,0.0
0.17625,0.0,0.0,0.0,0.0
0.1775,0.0,0.0,0.0,0.0
0.17875,0.0,0.0,0.0,0.0
0.18,0.0,0.0,0.0,0.0
0.18125,0.0,0.0,0.0,0.0
0.1825,0.0,0.0,0.0,0.0
0.18375,0.0,0.0,0.0,0.0
0.185,0.0,0.0,0.0,0.0
0.18625,0.0,0.0,0.0,0.0
0.1875,0.0,0.0,0.0,0.0
0.18875,0.0,0.0,0.0,0.0
0.19,0.0,0.0,0.0,0.0
0.19125,0.0,0.0,0.0,0.0
0.1925,0.0,0.0,0.0,0.0
0.19375,0.0,0.0,0.0,0.0
0.195,0.0,0.0,0.0,0.0
0.19625,0.0,0.0,0.0,0.0
0.1975,0.0,0.0,0.0,0.0
0.19875,0.0,0.0,0.0,0.0
0.2,0.0,0.0,0.0,0.0
0.20125,0.0,0.0,0.0,0.0
0.2025,0.0,0.0,0.0,0.0
0.20375000000000001,0.0,0.0,0.0,0.0
0.20500000000000002,0.0,0.0,0.0,0.0
0.20625000000000002,0.0,0.0,0.0,0.0
0.20750000000000002,0.0,0.0,0.0,0.0
0.20875,0.0,0.0,0.0,0.0
0.21,0.0,0.0,0.0,0.0
0.21125,0.0,0.0,0.0,0.0
0.2125,0.0,0.0,0.0,0.0
0.21375,0.0,0.0,0.0,0.0
0.215,0.0,0.0,0.0,0.0
0.21625,0.0,0.0,0.0,0.0
0.2175,0.0,0.0,0.0,0.0
0.21875,0.0,0.0,0.0,0.0
0.22,0.0,0.0,0.0,0.0
0.22125,0.0,0.0,0.0,0.0
0.2225,0.0,0.0,0.0,0.0
0.22375,0.0,0.0,0.0,0.0
0.225,0.0,0.0,0.0,0.0
0.22625,0.0,0.0,0.0,0.0
0.2275,0.0,0.0,0.0,0.0
0.22875,0.0,0.0,0.0,0.0
0.23,0.0,0.0,0.0,0.0
0.23125,0.0,0.0,0.0,0.0
0.2325,0.0,0.0,0.0,0.0
0.23375,0.0,0.0,0.0,0.0
0.23500000000000001,0.0,0.0,0.0,0.0
0.23625000000000002,0.0,0.0,0.0,0.0
0.23750000000000002,0.0,0.0,0.0,0.0
0.23875000000000002,0.0,0.0,0.0,0.0
0.24,0.0,0.0,0.0,0.0
0.24125,0.0,0.0,0.0,0.0
0.2425,0.0,0.0,0.0,0.0
0.24375,0.0,0.0,0.0,0.0
0.245,0.0,0.0,0.0,0.0
0.24625,0.0,0.0,0.0,0.0
0.2475,0.0,0.0,0.0,0.0
0.24875,0.0,0.0,0.0,0.0
0.25,0.0,0.0,0.0,0.0
0.25125000000000003,0.0,0.0,0.0,0.0
0.2525,0.0,0.0,0.0,0.0
0.25375000000000003,0.0,0.0,0.0,0.0
0.255,0.0,0.0,0.0,0.0
0.25625,0.0,0.0,0.0,0.0
0.2575,0.0,0.0,0.0,0.0
0.25875,0.0,0.0,0.0,0.0
0.26,0.0,0.0,0.0,0.0
0.26125,0.0,0.0,0.0,0.0
0.2625,0.0,0.0,0.0,0.0
0.26375,0.0,0.0,0.0,0.0
0.265,0.0,0.0,0.0,0.0
0.26625,0.0,0.0,0.0,0.0
0.2675,0.0,0.0,0.0,0.0
0.26875,0.0,0.0,0.0,0.0
0.27,0.0,0.0,0.0,0.0
0.27125,0.0,0.0,0.0,0.0
0.2725,0.0,0.0,0.0,0.0
0.27375,0.0,0.0,0.0,0.0
0.275,0.0,0.0,0.0,0.0
0.27625,0.0,0.0,0.0,0.0
0.2775,0.0,0.0,0.0,0.0
0.27875,0.0,0.0,0.0,0.0
0.28,0.0,0.0,0.0,0.0
0.28125,0.0,0.0,0.0,0.0
0.28250000000000003,0.0,0.0,0.0,0.0
0.28375,0.0,0.0,0.0,0.0
0.28500000000000003,0.0,0.0,0.0,0.0
0.28625,0.0,0.0,0.0,0.0
0.28750000000000003,0.0,0.0,0.0,0.0
0.28875,0.0,0.0,0.0,0.0
0.29,0.0,0.0,0.0,0.0
0.29125,0.0,0.0,0.0,0.0
0.2925,0.0,0.0,0.0,0.0
0.29375,0.0,0.0,0.0,0.0
0.295,0.0,0.0,0.0,0.0
0.29625,0.0,0.0,0.0,0.0
0.2975,0.0,0.0,0.0,0.0
0.29875,0.0,0.0,0.0,0.0
0.3,0.0,0.0,0.0,0.0
0.30125,0.0,0.0,0.0,0.0
0.3025,0.0,0.0,0.0,0.0
0.30375,0.0,0.0,0.0,0.0
0.305,0.0,0.0,0.0,0.0
0.30625,0.0,0.0,0.0,0.0
0.3075,0.0,0.0,0.0,0.0
0.30875,0.0,0.0,0.0,0.0
0.31,0.0,0.0,0.0,0.0
0.31125,0.0,0.0,0.0,0.0
0.3125,0.0,0.0,0.0,0.0
0.31375000000000003,0.0,0.0,0.0,0.0
0.315,0.0,0.0,0.0,0.0
0.31625000000000003,0.0,0.0,0.0,0.0
0.3175,0.0,0.0,0.0,0.0
0.31875000000000003,0.0,0.0,0.0,0.0
0.32,0.0,0.0,0.0,0.0
0.32125,0.0,0.0,0.0,0.0
0.3225,0.0,0.0,0.0,0.0
0.32375,0.0,0.0,0.0,0.0
0.325,0.0,0.0,0.0,0.0
0.32625,0.0,0.0,0.0,0.0
0.3275,0.0,0.0,0.0,0.0
0.32875,0.0,0.0,0.0,0.0
0.33,0.0,0.0,0.0,0.0
0.33125,0.0,0.0,0.0,0.0
0.3325,0.0,0.0,0.0,0.0
0.33375,0.0,0.0,0.0,0.0
0.335,0.0,0.0,0.0,0.0
0.33625,0.0,0.0,0.0,0.0
0.3375,0.0,0.0,0.0,0.0
0.33875,0.0,0.0,0.0,0.0
0.34,0.0,0.0,0.0,0.0
0.34125,0.0,0.0,0.0,0.0
0.3425,0.0,0.0,0.0,0.0
0.34375,0.0,0.0,0.0,0.0
0.34500000000000003,0.0,0.0,0.0,0.0
0.34625,0.0,0.0,0.0,0.0
0.34750000000000003,0.0,0.0,0.0,0.0
0.34875,0.0,0.0,0.0,0.0
0.35000000000000003,0.0,0.0,0.0,0.0
0.35125,0.0,0.0,0.0,0.0
0.3525,0.0,0.0,0.0,0.0
0.35375,0.0,0.0,0.0,0.0
0.355,0.0,0.0,0.0,0.0
0.35625,0.0,0.0,0.0,0.0
0.3575,0.0,0.0,0.0,0.0
0.35875,0.0,0.0,0.0,0.0
0.36,0.0,0.0,0.0,0.0
0.36125,0.0,0.0,0.0,0.0
0.3625,0.0,0.0,0.0,0.0
0.36375,0.0,0.0,0.0,0.0
0.365,0.0,0.0,0.0,0.0
0.36625,0.0,0.0,0.0,0.0
0.3675,0.0,0.0,0.0,0.0
0.36875,0.0,0.0,0.0,0.0
0.37,0.0,0.0,0.0,0.0
0.37125,0.0,0.0,0.0,0.0
0.3725,0.0,0.0,0.0,0.0
0.37375,0.0,0.0,0.0,0.0
0.375,0.0,0.0,0.0,0.0
0.37625000000000003,0.0,0.0,0.0,0.0
0.3775,0.0,0.0,0.0,0.0
0.37875000000000003,0.0,0.0,0.0,0.0
0.38,0.0,0.0,0.0,0.0
0.38125000000000003,0.0,0.0,0.0,0.0
0.3825,0.0,0.0,0.0,0.0
0.38375000000000004,0.0,0.0,0.0,0.0
0.385,0.0,0.0,0.0,0.0
0.38625,0.0,0.0,0.0,0.0
0.3875,0.0,0.0,0.0,0.0
0.38875,0.0,0.0,0.0,0.0
0.39,0.0,0.0,0.0,0.0
0.39125,0.0,0.0,0.0,0.0
0.3925,0.0,0.0,0.0,0.0
0.39375,0.0,0.0,0.0,0.0
0.395,0.0,0.0,0.0,0.0
0.39625,0.0,0.0,0.0,0.0
0.3975,0.0,0.0,0.0,0.0
0.39875,0.0,0.0,0.0,0.0
0.4,0.0,0.0,0.0,0.0
0.40125,0.0,0.0,0.0,0.0
0.4025,0.0,0.0,0.0,0.0
0.40375,0.0,0.0,0.0,0.0
0.405,0.0,0.0,0.0,0.0
0.40625,0.0,0.0,0.0,0.0
0.40750000000000003,0.0,0.0,0.0,0.0
0.40875,0.0,0.0,0.0,0.0
0.41000000000000003,0.0,0.0,0.0,0.0
0.41125,0.0,0.0,0.0,0.0
0.41250000000000003,0.0,0.0,0.0,0.0
0.41375,0.0,0.0,0.0,0.0
0.41500000000000004,0.0,0.0,0.0,0.0
0.41625,0.0,0.0,0.0,0.0
0.4175,0.0,0.0,0.0,0.0
0.41875,0.0,0.0,0.0,0.0
0.42,0.0,0.0,0.0,0.0
0.42125,0.0,0.0,0.0,0.0
0.4225,0.0,0.0,0.0,0.0
0.42375,0.0,0.0,0.0,0.0
0.425,0.0,0.0,0.0,0.0
0.42625,0.0,0.0,0.0,0.0
0.4275,0.0,0.0,0.0,0.0
0.42875,0.0,0.0,0.0,0.0
0.43,0.0,0.0,0.0,0.0
0.43125,0.0,0.0,0.0,0.0
0.4325,0.0,0.0,0.0,0.0
0.43375,0.0,0.0,0.0,0.0
0.435,0.0,0.0,0.1296442881585117,0.0
0.43625,0.00016205536019814337,0.00014780383375761542,0.15000000000000002,0.1
0.4375,0.0003495553601981394,0.00031845158856602944,0.15000000000000221,0.1
0.43875000000000003,0.0005370553601981465,0.0004887111270807206,0.15000000000000002,0.1
0.44,0.0007245553601981426,0.0006585837725595176,0.14999999999999328,0.1
0.44125000000000003,0.0009120553601981385,0.0008280708422532359,0.15000000000000896,0.1
0.4425,0.0010995553601981457,0.000997173647439696,0.14999999999999336,0.1
0.44375000000000003,0.0012870553601981418,0.0011658934934575093,0.14999999999999986,0.1
0.445,0.0014745553601981376,0.001334231679739727,0.15000000000000221,0.1
0.44625000000000004,0.0016620553601981447,0.0015021894998471686,0.15000000000000002,0.1
0.4475,0.0018495553601981408,0.0016697682415015265,0.15000000000000002,0.1
0.44875,0.002037055360198137,0.0018369691866183357,0.15000000000000221,0.1
0.45,0.002224555360198144,0.0020037936113396306,0.15000000000000022,0.1
0.45125,0.00241205536019814,0.0021702427860663827,0.1499999999999932,0.1
0.4525,0.002599555360198136,0.002336317975490807,0.16661377642491004,0.1
0.45375,0.002807822580729269,0.002520663774876515,0.18499999999999964,0.1
0.455,0.003039072580729274,0.002725205487534029,0.1849999999999992,0.1
0.45625,0.003270322580729268,0.0029292891705866315,0.185,0.1
0.4575,0.0035015725807292734,0.003132916360810044,0.18500000000000785,0.1
0.45875,0.0037328225807292783,0.003336088588112743,0.18499999999999964,0.1
0.46,0.003964072580729283,0.0035388073755743136,0.18499999999999953,0.1
0.46125,0.004195322580729278,0.0037410742394834912,0.18499999999999964,0.1
0.4625,0.0044265725807292825,0.003942890689376002,0.18499999999999883,0.1
0.46375,0.004657822580729276,0.004144258228072053,0.18500000000000033,0.1
0.465,0.004889072580729282,0.004345178351713708,0.18499999999999883,0.1
0.46625,0.0051203225807292755,0.004545652549801866,0.18499999999999964,0.1
0.4675,0.00535157258072928,0.004745682305233147,0.18499999999999953,0.1
0.46875,0.005582822580729275,0.004945269094336374,0.18499999999999964,0.1
0.47000000000000003,0.00581407258072928,0.005144414386908976,0.18500000000000785,0.1
0.47125,0.006045322580729285,0.005343119646252998,0.18499999999999062,0.1
0.47250000000000003,0.006276572580729278,0.005541386329210969,0.18499999999999953,0.1
0.47375,0.006507822580729273,0.005739215886201529,0.18499999999999964,0.1
0.47500000000000003,0.006739072580729278,0.005936609761254774,0.18499999999999883,0.1
0.47625,0.006970322580729271,0.006133569392047368,0.18500000000000866,0.1
0.47750000000000004,0.007201572580729287,0.006330096209937516,0.18499999999999953,0.1
0.47875,0.007432822580729282,0.006526191639999528,0.18499999999999883,0.1
0.48,0.0076640725807292755,0.006721857101058389,0.18499999999999964,0.1
0.48125,0.00789532258072928,0.006917094005723907,0.18499999999999883,0.1
0.4825,0.008126572580729274,0.007111903760424695,0.18500000000000033,0.1
0.48375,0.00835782258072928,0.007306287765442005,0.18499999999999883,0.1
0.485,0.008589072580729273,0.007500247414943199,0.18499999999999062,0.1
0.48625,0.008820322580729267,0.007693784097015162,0.18500000000000855,0.1
0.4875,0.009051572580729273,0.007886899193697366,0.18500000000000033,0.1
0.48875,0.009282822580729279,0.008079594081014763,0.18499999999999883,0.1
0.49,0.009514072580729272,0.008271870129010478,0.18500000000000866,0.1
0.49125,0.009745322580729288,0.008463728701778328,0.18499999999999883,0.1
0.4925,0.009976572580729282,0.008655171157494961,0.18499999999999062,0.1
0.49375,0.010207822580729276,0.008846198848452039,0.18500000000000022,0.1
0.495,0.01043907258072927,0.009036813121088005,0.18499999999999894,0.1
0.49625,0.010670322580729275,0.009227015316019728,0.18499999999999883,0.1
0.4975,0.010901572580729268,0.009416806768073918,0.18500000000000033,0.1
0.49875,0.011132822580729274,0.009606188806318406,0.18500000000000855,0.1
0.5,0.01136407258072928,0.009795162754093098,0.18499999999999883,0.1
0.50125,0.011595322580729274,0.009983729929040834,0.18500000000000044,0.1
0.5025000000000001,0.01182657258072929,0.010171891643138047,0.18499999999999883,0.1
0.50375,0.012057822580729283,0.010359649202725094,0.18499999999999883,0.1
0.505,0.012289072580729277,0.010547003908536598,0.18499999999999883,0.1
0.50625,0.01252032258072927,0.010733957055731422,0.18500000000000044,0.1
0.5075000000000001,0.012751572580729287,0.01092050993392254,0.18500000000000022,0.1
0.50875,0.012982822580729282,0.011106663827206625,0.18499999999999883,0.1
0.51,0.013214072580729276,0.011292420014193616,0.18499999999999883,0.1
0.51125,0.01344532258072927,0.011477779768035924,0.18500000000000855,0.1
0.5125,0.013676572580729275,0.011662744356457541,0.18499999999999073,0.1
0.51375,0.01390782258072928,0.011847315041782915,0.18500000000000855,0.1
0.515,0.014139072580729285,0.012031493080965705,0.18499999999999883,0.1
0.51625,0.014370322580729279,0.012215279725617272,0.18499999999999883,0.1
0.5175,0.014601572580729272,0.012398676222035086,0.18500000000000044,0.1
0.51875,0.014832822580729288,0.012581683811230863,0.18499999999999883,0.1
0.52,0.015064072580729282,0.012764303728958521,0.18500000000000022,0.1
0.52125,0.015295322580729277,0.012946537205742079,0.18499999999999883,0.1
0.5225,0.01552657258072927,0.013128385466903232,0.18499999999999905,0.1
0.52375,0.015757822580729285,0.013309849732588856,0.18500000000000022,0.1
0.525,0.01598907258072928,0.01349093121779822,0.18500000000000022,0.1
0.52625,0.016220322580729276,0.013671631132410213,0.18499999999999744,0.1
0.5275,0.016451572580729268,0.013851950681210205,0.18500000000000044,0.1
0.52875,0.016682822580729284,0.014031891063916889,0.18500000000000022,0.1
0.53,0.01691407258072928,0.014211453475208786,0.18499999999999744,0.1
0.53125,0.01714532258072927,0.014390639104750802,0.18500000000000022,0.1
0.5325,0.017376572580729267,0.014569449137220438,0.18500000000000044,0.1
0.5337500000000001,0.017607822580729283,0.014747884752333922,0.18500000000000022,0.1
0.535,0.017839072580729278,0.014925947124872097,0.18499999999999744,0.1
0.53625,0.01807032258072927,0.015103637424706278,0.18500000000000022,0.1
0.5375,0.018301572580729265,0.015280956816823855,0.18500000000000044,0.1
0.5387500000000001,0.01853282258072928,0.015457906461353725,0.18500000000000022,0.1
0.54,0.018764072580729277,0.015634487513591578,0.18500000000000577,0.1
0.54125,0.01899532258072928,0.015810701124025113,0.18500000000000022,0.1
0.5425,0.019226572580729274,0.015986548438358953,0.18500000000000044,0.1
0.5437500000000001,0.01945782258072929,0.016162030597539533,0.18500000000000022,0.1
0.545,0.019689072580729286,0.016337148737779687,0.18499999999999744,0.1
0.54625,0.019920322580729278,0.016511903990583294,0.18500000000000022,0.1
0.5475,0.020151572580729273,0.016686297482769542,0.18499999999999744,0.1
0.54875,0.020382822580729265,0.01686033033649722,0.18500000000000044,0.1
0.55,0.02061407258072928,0.01703400366928874,0.18500000000000022,0.1
0.55125,0.020845322580729277,0.017207318594054055,0.18500000000000855,0.1
0.5525,0.021076572580729282,0.01738027621911448,0.18499999999999744,0.1
0.55375,0.021307822580729274,0.017552877648226255,0.18500000000000044,0.1
0.555,0.02153907258072929,0.01772512398060411,0.18500000000000022,0.1
0.55625,0.021770322580729286,0.017897016310944463,0.18500000000000022,0.1
0.5575,0.02200157258072928,0.01806855572944877,0.18499999999999744,0.1
0.55875,0.022232822580729273,0.018239743321846448,0.18500000000000044,0.1
0.56,0.02246407258072929,0.01841058016941788,0.18500000000000022,0.1
0.56125,0.022695322580729285,0.018581067349017055,0.18499999999999744,0.1
0.5625,0.022926572580729276,0.018751205933094338,0.18500000000000022,0.1
0.56375,0.023157822580729272,0.01892099698971886,0.18500000000000044,0.1
0.5650000000000001,0.023389072580729288,0.019090441582600925,0.18500000000000022,0.1
0.56625,0.023620322580729283,0.019259540771114147,0.18499999999999744,0.1
0.5675,0.023851572580729275,0.0194282956103176,0.18500000000000022,0.1
0.56875,0.02408282258072927,0.019596707150977766,0.18500000000000044,0.1
0.5700000000000001,0.024314072580729287,0.019764776439590293,0.18499999999999744,0.1
0.57125,0.02454532258072928,0.019932504518401666,0.18500000000000022,0.1
0.5725,0.024776572580729274,0.020099892425430817,0.18500000000000022,0.1
0.57375,0.02500782258072927,0.020266941194490493,0.18500000000000044,0.1
0.5750000000000001,0.025239072580729285,0.020433651855208557,0.18499999999999744,0.1
0.57625,0.025470322580729277,0.02060002543304908,0.18500000000000022,0.1
0.5775,0.025701572580729273,0.020766062949333485,0.18500000000000855,0.1
0.57875,0.02593282258072928,0.020931765421261347,0.18499999999999744,0.1
0.58,0.02616407258072927,0.021097133861931194,0.18500000000000044,0.1
0.58125,0.026395322580729286,0.021262169280361183,0.18500000000000022,0.1
0.5825,0.026626572580729282,0.02142687268150956,0.18499999999999744,0.1
0.58375,0.026857822580729274,0.021591245066295128,0.18500000000000022,0.1
0.585,0.02708907258072927,0.021755287431617483,0.18500000000000044,0.1
0.58625,0.027320322580729285,0.021919000770377187,0.19787843008326622,0.1
0.5875,0.027567670618333363,0.022095288532156566,0.22199999999999914,0.12
0.58875,0.027845170618333356,0.02229536580631261,0.22200000000000747,0.12
0.59,0.02812267061833336,0.022495042980941952,0.22199999999999054,0.12
0.59125,0.028400170618333366,0.02269432125497936,0.22200000000001024,0.12
0.5925,0.028677670618333373,0.022893201822574087,0.22199999999999914,0.12
0.59375,0.028955170618333366,0.02309168587311372,0.22199999999999914,0.12
0.595,0.02923267061833336,0.023289774591247932,0.22199999999999886,0.12
0.5962500000000001,0.029510170618333376,0.023487469156912008,0.22199999999999914,0.12
0.5975,0.02978767061833337,0.023684770745350248,0.22199999999999914,0.12
0.59875,0.030065170618333362,0.023881680527139317,0.22199999999999914,0.12
0.6,0.030342670618333355,0.024078199668211384,0.22200000000000164,0.12
0.6012500000000001,0.030620170618333376,0.024274329329877106,0.22199999999999914,0.12
0.6025,0.03089767061833337,0.02447007066884848,0.22199999999999637,0.12
0.60375,0.03117517061833336,0.024665424837261665,0.22199999999999914,0.12
0.605,0.03145267061833335,0.02486039298269953,0.22200000000000164,0.12
0.6062500000000001,0.03173017061833337,0.025054976248214154,0.22199999999999914,0.12
0.6075,0.032007670618333366,0.025249175772349072,0.22199999999999914,0.12
0.60875,0.03228517061833336,0.025442992689161645,0.22199999999999914,0.12
0.61,0.03256267061833335,0.025636428128244994,0.22199999999999914,0.12
0.61125,0.032840170618333345,0.025829483214750024,0.22200000000000164,0.12
0.6125,0.033117670618333366,0.026022159069407205,0.22199999999999914,0.12
0.61375,0.03339517061833336,0.026214456808548232,0.22199999999999914,0.12
0.615,0.03367267061833335,0.026406377544127658,0.22200000000001024,0.12
0.61625,0.03395017061833336,0.026597922383744293,0.221999999999985,0.12
0.6175,0.03422767061833336,0.02678909243066247,0.22200000000001024,0.12
0.61875,0.034505170618333365,0.02697988878383329,0.22199999999999914,0.12
0.62,0.03478267061833336,0.02717031253791564,0.22199999999999914,0.12
0.62125,0.03506017061833335,0.027360364783297137,0.22200000000000164,0.12
0.6225,0.03533767061833337,0.02755004660611499,0.22199999999999914,0.12
0.62375,0.035615170618333365,0.027739359088276554,0.22199999999999914,0.12
0.625,0.03589267061833336,0.02792830330748007,0.22199999999999914,0.12
0.62625,0.03617017061833335,0.028116880337235004,0.22200000000000164,0.12
0.6275000000000001,0.03644767061833337,0.028305091246882436,0.2219999999999936,0.12
0.62875,0.03672517061833336,0.028492937101615184,0.2220000000000047,0.12
0.63,0.03700267061833336,0.028680418962498025,0.2220000000000047,0.12
0.63125,0.03728017061833336,0.028867537886487597,0.22199999999999054,0.12
0.6325000000000001,0.037557670618333365,0.029054294926452253,0.22200000000001024,0.12
0.63375,0.03783517061833337,0.029240691131191845,0.22199999999999914,0.12
0.635,0.038112670618333365,0.02942672754545733,0.22199999999999914,0.12
0.63625,0.03839017061833336,0.029612405209970313,0.22200000000000164,0.12
0.6375000000000001,0.03866767061833338,0.02979772516144247,0.22199999999999914,0.12
0.63875,0.03894517061833337,0.02998268843259474,0.22199999999999914,0.12
0.64,0.039222670618333365,0.03016729605217666,0.22199999999999914,0.12
0.64125,0.03950017061833336,0.03035154904498531,0.22199999999999914,0.12
0.6425,0.03977767061833335,0.030535448431884372,0.22200000000000164,0.12
0.64375,0.04005517061833337,0.030718995229822906,0.2219999999999936,0.12
0.645,0.04033267061833336,0.030902190451854116,0.2220000000000047,0.12
0.64625,0.04061017061833336,0.031085035107154043,0.2219999999999936,0.12
0.6475,0.040887670618333344,0.03126753020104002,0.22200000000000164,0.12
0.64875,0.041165170618333365,0.03144967673498917,0.22199999999999914,0.12
0.65,0.04144267061833336,0.031631475706656614,0.22199999999999914,0.12
0.65125,0.04172017061833335,0.031812928109893834,0.22199999999999914,0.12
0.6525,0.041997670618333344,0.03199403493476665,0.22200000000000164,0.12
0.65375,0.042275170618333364,0.032174797167573356,0.22199999999999914,0.12
0.655,0.04255267061833336,0.03235521579086245,0.22200000000001024,0.12
0.65625,0.042830170618333364,0.03253529178345063,0.22199999999999914,0.12
0.6575,0.04310767061833336,0.03271502612044035,0.2219999999999961,0.12
0.6587500000000001,0.04338517061833337,0.03289441977323751,0.2220000000000047,0.12
0.66,0.04366267061833337,0.0330734737095689,0.2219999999999936,0.12
0.66125,0.04394017061833336,0.03325218889349961,0.2220000000000047,0.12
0.6625,0.04421767061833336,0.033430566285450394,0.2219999999999961,0.12
0.6637500000000001,0.04449517061833337,0.03360860684221478,0.22199999999999914,0.12
0.665,0.044772670618333364,0.03378631151697623,0.22199999999999914,0.12
0.66625,0.04505017061833336,0.033963681259325154,0.22199999999999914,0.12
0.6675,0.04532767061833335,0.034140717015275816,0.22200000000000164,0.12
0.6687500000000001,0.04560517061833337,0.034317419727283166,0.22199999999999914,0.12
0.67,0.045882670618333364,0.03449379033425947,0.22200000000001024,0.12
0.67125,0.04616017061833337,0.03466982977159114,0.2219999999999936,0.12
0.6725,0.04643767061833336,0.034845538971155006,0.2220000000000047,0.12
0.67375,0.04671517061833336,0.03502091886133506,0.2219999999999961,0.12
0.675,0.04699267061833337,0.03519597036703851,0.2219999999999936,0.12
0.67625,0.04727017061833336,0.035370694409712244,0.2220000000000047,0.12
0.6775,0.04754767061833336,0.035545091907358946,0.2219999999999936,0.12
0.67875,0.04782517061833334,0.0357191637745531,0.2220000000000072,0.12
0.68,0.04810267061833337,0.035892910922457125,0.22199999999999914,0.12
0.68125,0.048380170618333364,0.036066334258837054,0.22199999999999914,0.12
0.6825,0.04865767061833336,0.03623943468807861,0.22199999999999914,0.12
0.68375,0.04893517061833335,0.036412213111202685,0.22199999999999054,0.12
0.685,0.04921267061833336,0.03658467042588117,0.2220000000000158,0.12
0.68625,0.04949017061833337,0.03675680752645234,0.2219999999999936,0.12
0.6875,0.04976767061833336,0.03692862530393639,0.2220000000000047,0.12
0.68875,0.05004517061833336,0.03710012464605085,0.2219999999999961,0.12
0.6900000000000001,0.05032267061833337,0.03727130643722579,0.2219999999999936,0.12
0.69125,0.05060017061833336,0.03744217155861904,0.2220000000000047,0.12
0.6925,0.05087767061833336,0.03761272088813138,0.2219999999999936,0.12
0.69375,0.05115517061833334,0.03778295530042149,0.22200000000002384,0.12
0.6950000000000001,0.05143267061833339,0.03795287566692099,0.22199999999997694,0.12
0.69625,0.051710170618333356,0.038122482855849106,0.22200000000002135,0.12
0.6975,0.05198767061833338,0.03829177773222782,0.22199999999997694,0.12
0.69875,0.05226517061833334,0.03846076115789617,0.2219999999999961,0.12
0.7000000000000001,0.052542670618333356,0.038629433991525235,0.2220000000000047,0.12
0.70125,0.052820170618333356,0.038797797088632374,0.2219999999999936,0.12
0.7025,0.05309767061833334,0.03896585130159592,0.2220000000000047,0.12
0.70375,0.05337517061833334,0.039133597479669414,0.2219999999999936,0.12
0.705,0.05365267061833333,0.03930103646899602,0.22200000000002384,0.12
0.70625,0.05393017061833338,0.03946816911262269,0.22199999999997694,0.12
0.7075,0.05420767061833334,0.03963499625051425,0.22200000000002135,0.12
0.70875,0.05448517061833336,0.03980151871956768,0.22199999999997694,0.12
0.71,0.05476267061833333,0.03996773735362583,0.22200000000002384,0.12
0.71125,0.05504017061833338,0.04013365298349166,0.22199999999999914,0.12
0.7125,0.05531767061833337,0.040299266436941705,0.22199999999999914,0.12
0.71375,0.05559517061833336,0.04046457853874018,0.22199999999999914,0.12
0.715,0.055872670618333356,0.040629590110652467,0.2219999999999961,0.12
0.71625,0.05615017061833337,0.04079430197145886,0.2220000000000047,0.12
0.7175,0.05642767061833337,0.040958714936967976,0.2219999999999936,0.12
0.71875,0.056705170618333356,0.041122829820030314,0.2220000000000047,0.12
0.72,0.056982670618333356,0.041286647430551666,0.2219999999999961,0.12
0.7212500000000001,0.05726017061833337,0.04145016857550635,0.22199999999999914,0.12
0.7225,0.05753767061833336,0.04161339405895056,0.22199999999999914,0.12
0.72375,0.057815170618333356,0.041776324682035446,0.22199999999999914,0.12
0.725,0.05809267061833335,0.04193896124302034,0.22200000000000164,0.12
0.7262500000000001,0.05837017061833337,0.04210130453728567,0.22199999999999914,0.12
0.7275,0.05864767061833336,0.042263355357346,0.22199999999999914,0.12
0.72875,0.058925170618333356,0.04242511449286294,0.2219999999999936,0.12
0.73,0.05920267061833334,0.042586582730657886,0.2220000000000072,0.12
0.7312500000000001,0.05948017061833337,0.04274776085472491,0.2219999999999936,0.12
0.7325,0.059757670618333356,0.04290864964624327,0.2220000000000047,0.12
0.73375,0.060035170618333356,0.04306924988359023,0.2220000000000158,0.12
0.735,0.06031267061833337,0.043229562342353464,0.2220000000000047,0.12
0.73625,0.06059017061833337,0.043389587795343604,0.2219999999999961,0.12
0.7375,0.06086767061833338,0.04354932701260664,0.2219999999999825,0.12
0.73875,0.061145170618333355,0.04370878076143625,0.2220000000000158,0.12
0.74,0.06142267061833337,0.04386794980638622,0.2219999999999825,0.12
0.74125,0.06170017061833334,0.044026834909282414,0.2220000000000183,0.12
0.7425,0.06197767061833338,0.044185436829235224,0.2219999999999936,0.12
0.74375,0.06225517061833337,0.044343756322651334,0.2220000000000047,0.12
0.745,0.06253267061833337,0.04450179414324607,0.2219999999999936,0.12
0.74625,0.06281017061833336,0.044659551042055115,0.221999999999985,0.12
0.7475,0.06308767061833336,0.04481702776744657,0.2220000000000158,0.12
0.74875,0.06336517061833337,0.04497422506513267,0.2219999999999825,0.12
0.75,0.06364267061833334,0.04513114367818158,0.2220000000000158,0.12
0.75125,0.06392017061833336,0.045287784347029215,0.2220000000000072,0.12
0.7525000000000001,0.06419767061833338,0.04544414780949072,0.2219999999999936,0.12
0.75375,0.06447517061833337,0.045600234800772146,0.2219999999999936,0.12
0.755,0.06475267061833336,0.04575604605348195,0.2220000000000047,0.12
0.75625,0.06503017061833335,0.045911582297642535,0.2219999999999961,0.12
0.7575000000000001,0.06530767061833337,0.04606684426070149,0.2219999999999825,0.12
0.75875,0.06558517061833334,0.046221832667543046,0.222000000000038,0.12
0.76,0.06586267061833338,0.046376548240499416,0.22199999999996028,0.12
0.76125,0.06614017061833333,0.04653099169936176,0.2220000000000183,0.12
0.7625000000000001,0.06641767061833337,0.04668516376139175,0.2220000000000047,0.12
0.76375,0.06669517061833337,0.04683906514133223,0.2219999999999936,0.12
0.765,0.06697267061833335,0.04699269655141861,0.2220000000000047,0.12
0.76625,0.06725017061833335,0.047146058701389666,0.2219999999999961,0.12
0.7675000000000001,0.06752767061833337,0.04729915229849856,0.2220000000000158,0.12
0.76875,0.06780517061833338,0.04745197804752364,0.2219999999999825,0.12
0.77,0.06808267061833335,0.04760453665077927,0.2220000000000158,0.12
0.77125,0.06836017061833337,0.04775682880812669,0.2219999999999825,0.12
0.7725,0.06863767061833334,0.04790885521698454,0.2219999999999961,0.12
0.77375,0.06891517061833335,0.04806061657233971,0.2220000000000047,0.12
0.775,0.06919267061833335,0.04821211356675771,0.2219999999999936,0.12
0.77625,0.06947017061833334,0.0483633468903934,0.2220000000000047,0.12
0.7775,0.06974767061833334,0.048514317231001344,0.2219999999999961,0.12
0.77875,0.07002517061833335,0.048665025273946325,0.2220000000000269,0.12
0.78,0.07030267061833338,0.04881547170221363,0.2219999999999714,0.12
0.78125,0.07058017061833334,0.04896565719641936,0.2220000000000269,0.12
0.7825,0.07085767061833337,0.049115582434820906,0.22199999999997388,0.12
0.7837500000000001,0.07113517061833335,0.0492652480933268,0.2220000000000047,0.12
0.785,0.07141267061833335,0.04941465484550724,0.2220000000000158,0.12
0.78625,0.07169017061833337,0.049563803362603895,0.2219999999999936,0.12
0.7875,0.07196767061833335,0.04971269431354015,0.2220000000000072,0.12
0.7887500000000001,0.07224517061833338,0.049861328364931026,0.2219999999999714,0.12
0.79,0.07252267061833334,0.0500097061810931,0.2220000000000269,0.12
0.79125,0.07280017061833337,0.05015782842405458,0.2219999999999936,0.12
0.7925,0.07307767061833335,0.05030569575356484,0.2220000000000072,0.12
0.7937500000000001,0.07335517061833338,0.05045330882710455,0.2219999999999936,0.12
0.795,0.07363267061833337,0.05060066829989512,0.2220000000000047,0.12
0.79625,0.07391017061833337,0.050747774824908665,0.2219999999999936,0.12
0.7975,0.07418767061833335,0.05089462905287743,0.2219999999999961,0.12
0.7987500000000001,0.07446517061833337,0.05104123163230356,0.2220000000000047,0.12
0.8,0.07474267061833337,0.0511875832094685,0.2219999999999936,0.12
0.80125,0.07502017061833335,0.05133368442844256,0.2220000000000047,0.12
0.8025,0.07529767061833335,0.05147953593109439,0.2219999999999936,0.12
0.80375,0.07557517061833334,0.05162513835710033,0.2220000000000072,0.12
0.805,0.07585267061833337,0.05177049234395382,0.2219999999999936,0.12
0.80625,0.07613017061833335,0.05191559852697455,0.2220000000000047,0.12
0.8075,0.07640767061833335,0.052060457539317984,0.2219999999999936,0.12
0.80875,0.07668517061833334,0.05220507001198428,0.2220000000000072,0.12
0.81,0.07696267061833337,0.05234943657382772,0.2220000000000158,0.12
0.81125,0.07724017061833338,0.05249355785156557,0.2219999999999825,0.12
0.8125,0.07751767061833335,0.05263743446978731,0.2220000000000158,0.12
0.81375,0.07779517061833337,0.052781067050963686,0.22199999999997388,0.12
0.8150000000000001,0.07807267061833335,0.0529244562154555,0.2220000000000269,0.12
0.81625,0.07835017061833338,0.05306760258152282,0.2219999999999936,0.12
0.8175,0.07862767061833337,0.05321050676533351,0.2220000000000047,0.12
0.81875,0.07890517061833337,0.05335316938097244,0.2219999999999961,0.12
0.8200000000000001,0.07918267061833338,0.05349559104045002,0.2219999999999825,0.12
0.82125,0.07946017061833335,0.05363777235371105,0.2220000000000158,0.12
0.8225,0.07973767061833337,0.05377971392864347,0.2219999999999825,0.12
0.82375,0.08001517061833334,0.05392141637108689,0.2220000000000183,0.12
0.8250000000000001,0.08029267061833338,0.05406288028484141,0.2220000000000047,0.12
0.82625,0.08057017061833338,0.05420410627167592,0.2219999999999936,0.12
0.8275,0.08084767061833337,0.05434509493133692,0.2219999999999936,0.12
0.82875,0.08112517061833335,0.05448584686155681,0.221999999999985,0.12
0.8300000000000001,0.08140267061833335,0.05462636265806248,0.2220000000000158,0.12
0.83125,0.08168017061833337,0.05476664291458358,0.2219999999999825,0.12
0.8325,0.08195767061833334,0.054906688222860926,0.2220000000000158,0.12
0.83375,0.08223517061833335,0.05504649917265493,0.2219999999999825,0.12
0.835,0.08251267061833333,0.05518607635175369,0.2220000000000183,0.12
0.83625,0.08279017061833337,0.055325420345981424,0.2220000000000047,0.12
0.8375,0.08306767061833337,0.055464531739206444,0.2219999999999936,0.12
0.83875,0.08334517061833335,0.05560341111334954,0.2220000000000047,0.12
0.84,0.08362267061833335,0.05574205904839194,0.22199999999997388,0.12
0.84125,0.08390017061833334,0.05588047612238345,0.222000000000038,0.12
0.8425,0.08417767061833338,0.056018662911450495,0.2219999999999825,0.12
0.84375,0.08445517061833335,0.05615661998980398,0.2220000000000158,0.12
0.845,0.08473267061833337,0.05629434792974749,0.221999999999985,0.12
0.8462500000000001,0.08501017061833337,0.056431847301684955,0.2219999999999936,0.12
0.8475,0.08528767061833335,0.056569118674128706,0.2220000000000047,0.12
0.84875,0.08556517061833335,0.05670616261370719,0.2219999999999936,0.12
0.85,0.08584267061833334,0.05684297968517285,0.2220000000000294,0.12
0.8512500000000001,0.0861201706183334,0.056979570451409854,0.2219999999999714,0.12
0.8525,0.08639767061833335,0.057115935473441695,0.2220000000000269,0.12
0.85375,0.08667517061833338,0.057252075310439174,0.2219999999999714,0.12
0.855,0.08695267061833334,0.05738799051972767,0.2220000000000072,0.12
0.8562500000000001,0.08723017061833337,0.0575236816567951,0.2219999999999936,0.12
0.8575,0.08750767061833335,0.05765914927529914,0.2220000000000047,0.12
0.85875,0.08778517061833335,0.05779439392707508,0.2219999999999936,0.12
0.86,0.08806267061833334,0.05792941616214307,0.2219999999999961,0.12
0.8612500000000001,0.08834017061833335,0.05806421652871573,0.2220000000000269,0.12
0.8625,0.08861767061833338,0.05819879557320551,0.2219999999999714,0.12
0.86375,0.08889517061833334,0.05833315384023199,0.2220000000000269,0.12
0.865,0.08917267061833337,0.05846729187262946,0.2219999999999714,0.12
0.86625,0.08945017061833332,0.05860121021145394,0.2220000000000294,0.12
0.8675,0.08972767061833338,0.058734909395990756,0.2219999999999936,0.12
0.86875,0.09000517061833337,0.05886838996376142,0.2220000000000047,0.12
0.87,0.09028267061833337,0.05900165245053122,0.2219999999999936,0.12
0.87125,0.09056017061833335,0.05913469739031608,0.2220000000000072,0.12
0.8725,0.09083767061833338,0.059267525315389924,0.2219999999999936,0.12
0.87375,0.09111517061833337,0.059400136756291536,0.2220000000000047,0.12
0.875,0.09139267061833337,0.05953253224183187,0.2219999999999936,0.12
0.87625,0.09167017061833335,0.05966471229910089,0.2220000000000072,0.12
0.8775000000000001,0.09194767061833338,0.0597966774534747,0.2219999999999936,0.12
0.87875,0.09222517061833337,0.05992842822862238,0.2220000000000047,0.12
0.88,0.09250267061833337,0.06005996514651299,0.2219999999999936,0.12
0.88125,0.09278017061833335,0.06019128872742249,0.2219999999999961,0.12
0.8825000000000001,0.09305767061833337,0.06032239948994052,0.2220000000000047,0.12
0.88375,0.09333517061833337,0.06045329795097727,0.2219999999999936,0.12
0.885,0.09361267061833335,0.06058398462577026,0.2220000000000047,0.12
0.88625,0.09389017061833335,0.060714460027891146,0.2219999999999961,0.12
0.8875000000000001,0.09416767061833337,0.06084472466925237,0.2220000000000047,0.12
0.88875,0.09444517061833337,0.060974779060113886,0.2219999999999936,0.12
0.89,0.09472267061833335,0.06110462370908988,0.2220000000000047,0.12
0.89125,0.09500017061833335,0.0612342591231553,0.2219999999999961,0.12
0.8925000000000001,0.09527767061833337,0.06136368580765256,0.2220000000000158,0.12
0.89375,0.09555517061833338,0.061492904266297985,0.2219999999999825,0.12
0.895,0.09583267061833335,0.06162191500118844,0.2220000000000158,0.12
0.89625,0.09611017061833337,0.06175071851280785,0.2219999999999825,0.12
0.8975,0.09638767061833334,0.06187931530003354,0.2220000000000183,0.12
0.89875,0.09666517061833338,0.06200770586014288,0.2220000000000047,0.12
0.9,0.09694267061833338,0.06213589068881943,0.2219999999999936,0.12
0.90125,0.09722017061833337,0.0622638702801596,0.2220000000000047,0.12
0.9025,0.09749767061833337,0.06239164512667879,0.22199999999997388,0.12
0.90375,0.09777517061833335,0.06251921571931782,0.2220000000000269,0.12
0.905,0.09805267061833338,0.06264658254744918,0.2219999999999714,0.12
0.90625,0.09833017061833334,0.06277374609888321,0.2220000000000269,0.12
0.9075,0.09860767061833337,0.06290070685987459,0.2219999999999961,0.12
0.9087500000000001,0.09888517061833338,0.06302746531512812,0.2219999999999936,0.12
0.91,0.09916267061833337,0.06315402194780531,0.2220000000000047,0.12
0.91125,0.09944017061833337,0.06328037723953024,0.2219999999999936,0.12
0.9125,0.09971767061833335,0.06340653167039578,0.2220000000000072,0.12
0.9137500000000001,0.09999517061833338,0.06353248571896968,0.2219999999999714,0.12
0.915,0.10027267061833334,0.06365823986230051,0.2220000000000491,0.12
0.91625,0.10055017061833339,0.06378379457592392,0.22199999999994918,0.12
0.9175,0.10082767061833332,0.06390915033386825,0.2220000000000294,0.12
0.9187500000000001,0.10110517061833338,0.06403430760866102,0.2219999999999936,0.12
0.92,0.10138267061833336,0.06415926687133428,0.2220000000000047,0.12
0.92125,0.10166017061833336,0.06428402859143101,0.2219999999999936,0.12
0.9225,0.10193767061833335,0.06440859323701069,0.2219999999999961,0.12
0.9237500000000001,0.10221517061833336,0.06453296127465538,0.2220000000000269,0.12
0.925,0.10249267061833339,0.06465713316947534,0.2219999999999714,0.12
0.92625,0.10277017061833335,0.06478110938511489,0.2220000000000269,0.12
0.9275,0.10304767061833338,0.06490489038375837,0.2219999999999714,0.12
0.92875,0.10332517061833334,0.0650284766261355,0.2220000000000072,0.12
0.93,0.10360267061833336,0.06515186857152758,0.2219999999999936,0.12
0.93125,0.10388017061833335,0.06527506667777266,0.2220000000000047,0.12
0.9325,0.10415767061833335,0.06539807140127168,0.2219999999999936,0.12
0.93375,0.10443517061833334,0.06552088319699371,0.2220000000000072,0.12
0.935,0.10471267061833336,0.0656435025184819,0.2220000000000158,0.12
0.93625,0.10499017061833338,0.0657659298178588,0.2219999999999825,0.12
0.9375,0.10526767061833335,0.06588816554583198,0.2220000000000158,0.12
0.93875,0.10554517061833336,0.06601021015169974,0.22199999999997388,0.12
0.9400000000000001,0.10582267061833335,0.06613206408335633,0.2220000000000047,0.12
0.94125,0.10610017061833335,0.0662537277872977,0.2219999999999936,0.12
0.9425,0.10637767061833334,0.06637520170862671,0.2220000000000047,0.12
0.94375,0.10665517061833334,0.06649648629105877,0.2220000000000183,0.12
0.9450000000000001,0.10693267061833338,0.06661758197692709,0.2219999999999825,0.12
0.94625,0.10721017061833335,0.0667384892071881,0.2220000000000158,0.12
0.9475,0.10748767061833336,0.0668592084214269,0.2220000000000047,0.12
0.94875,0.10776517061833336,0.0669797400578624,0.22199999999997388,0.12
0.9500000000000001,0.10804267061833335,0.06710008455335281,0.2220000000000047,0.12
0.95125,0.10832017061833335,0.0672202423434008,0.2220000000000158,0.12
0.9525,0.10859767061833336,0.0673402138621588,0.2220000000000047,0.12
0.95375,0.10887517061833336,0.06745999954243416,0.2219999999999961,0.12
0.9550000000000001,0.10915267061833338,0.06757959981569452,0.2219999999999936,0.12
0.95625,0.10943017061833336,0.06769901511207277,0.2220000000000047,0.12
0.9575,0.10970767061833336,0.06781824586037241,0.2219999999999936,0.12
0.95875,0.10998517061833335,0.06793729248807252,0.2220000000000047,0.12
0.96,0.11026267061833335,0.068056155421333,0.2219999999999961,0.12
0.96125,0.11054017061833336,0.06817483508499957,0.2220000000000047,0.12
0.9625,0.11081767061833336,0.06829333190260879,0.2220000000000158,0.12
0.96375,0.11109517061833338,0.06841164629639333,0.2220000000000047,0.12
0.965,0.11137267061833338,0.06852977868728662,0.22199999999997388,0.12
0.96625,0.11165017061833336,0.06864772949492819,0.2220000000000158,0.12
0.9675,0.11192767061833338,0.06876549913766845,0.2219999999999825,0.12
0.96875,0.11220517061833335,0.06888308803257365,0.2220000000000158,0.12
0.97,0.11248267061833336,0.06900049659543085,0.2220000000000072,0.12
0.9712500000000001,0.11276017061833339,0.06911772524075283,0.2219999999999936,0.12
0.9725,0.11303767061833338,0.06923477438178288,0.2220000000000047,0.12
0.97375,0.11331517061833338,0.06935164443049974,0.2219999999999936,0.12
0.975,0.11359267061833336,0.06946833579762243,0.2220000000000072,0.12
0.9762500000000001,0.11387017061833339,0.06958484889261503,0.2219999999999714,0.12
0.9775,0.11414767061833335,0.06970118412369145,0.2220000000000269,0.12
0.97875,0.11442517061833338,0.06981734189782028,0.2219999999999714,0.12
0.98,0.11470267061833334,0.06993332262072942,0.2220000000000183,0.12
0.9812500000000001,0.11498017061833338,0.07004912669691095,0.2220000000000047,0.12
0.9825,0.11525767061833338,0.07016475452962563,0.2219999999999936,0.12
0.98375,0.11553517061833336,0.07028020652090781,0.2220000000000047,0.12
0.985,0.11581267061833336,0.07039548307156993,0.22199999999997388,0.12
0.9862500000000001,0.11609017061833335,0.0705105845812072,0.2220000000000269,0.12
0.9875,0.11636767061833338,0.07062551144820226,0.2219999999999714,0.12
0.98875,0.11664517061833334,0.07074026406972966,0.2220000000000269,0.12
0.99,0.11692267061833336,0.07085484284176068,0.2219999999999961,0.12
0.9912500000000001,0.11720017061833338,0.07096924815906751,0.12982138941930732,0.12
0.9925,0.11736244735510751,0.07101376103339341,0.12000000000002264,0.12
0.99375,0.11751244735510753,0.07105078382069534,0.11999999999997824,0.12
0.995,0.1176624473551075,0.07108775068814491,0.12000000000002264,0.12
0.99625,0.11781244735510753,0.07112466176233997,0.11999999999998978,0.12
0.9975,0.11796244735510752,0.07116151716949652,0.12000000000000044,0.12
0.99875,0.11811244735510752,0.07119831703545013,0.12000000000000044,0.12
1.0,0.11826244735510752,0.07123506148565739,0.12000000000000044,0.12
1.00125,0.11841244735510752,0.07127175064519735,0.12000000000000044,0.12
1.0025,0.11856244735510751,0.07130838463877288,0.12000000000000044,0.12
1.00375,0.11871244735510751,0.0713449635907122,0.12000000000000133,0.12
1.0050000000000001,0.11886244735510754,0.07138148762497011,0.12000000000000044,0.12
1.00625,0.11901244735510753,0.07141795686512957,0.12000000000000044,0.12
1.0075,0.11916244735510753,0.07145437143440299,0.12000000000000044,0.12
1.00875,0.11931244735510753,0.07149073145563362,0.12000000000000044,0.12
1.01,0.11946244735510753,0.07152703705129697,0.11999999999998934,0.12
1.01125,0.11961244735510751,0.07156328834350219,0.12000000000000044,0.12
1.0125,0.11976244735510751,0.0715994854539934,0.12000000000000044,0.12
1.01375,0.1199124473551075,0.07163562850415107,0.12000000000000133,0.12
1.0150000000000001,0.12006244735510753,0.07167171761499339,0.12000000000000044,0.12
1.01625,0.12021244735510753,0.07170775290717755,0.12000000000000044,0.12
1.0175,0.12036244735510752,0.07174373450100123,0.12000000000000044,0.12
1.01875,0.12051244735510752,0.07177966251640379,0.12000000000000044,0.12
1.02,0.12066244735510752,0.0718155370729677,0.12000000000000044,0.12
1.02125,0.12081244735510752,0.0718513582899198,0.12000000000000044,0.12
1.0225,0.12096244735510751,0.07188712628613268,0.12000000000000044,0.12
1.02375,0.12111244735510751,0.07192284118012594,0.12000000000000044,0.12
1.025,0.12126244735510751,0.07195850309006754,0.12000000000000133,0.12
1.02625,0.12141244735510753,0.07199411213377511,0.12000000000000044,0.12
1.0275,0.12156244735510753,0.07202966842871719,0.12000000000000044,0.12
1.02875,0.12171244735510753,0.07206517209201456,0.12000000000000044,0.12
1.03,0.12186244735510753,0.07210062324044154,0.12000000000000044,0.12
1.03125,0.12201244735510752,0.07213602199042725,0.12000000000000044,0.12
1.0325,0.12216244735510752,0.07217136845805691,0.12000000000000044,0.12
1.03375,0.12231244735510752,0.07220666275907305,0.12000000000000044,0.12
1.035,0.12246244735510751,0.07224190500887681,0.11999999999999023,0.12
1.0362500000000001,0.12261244735510753,0.07227709532252925,0.12000000000000044,0.12
1.0375,0.12276244735510752,0.07231223381475252,0.12000000000000044,0.12
1.03875,0.12291244735510752,0.0723473205999311,0.12000000000000044,0.12
1.04,0.12306244735510752,0.07238235579211315,0.12000000000000044,0.12
1.04125,0.12321244735510752,0.07241733950501163,0.12000000000000044,0.12
1.0425,0.12336244735510751,0.07245227185200556,0.12000000000000044,0.12
1.04375,0.12351244735510751,0.07248715294614132,0.12000000000000044,0.12
1.045,0.12366244735510751,0.07252198290013376,0.12000000000000133,0.12
1.0462500000000001,0.12381244735510753,0.07255676182636749,0.12000000000000044,0.12
1.0475,0.12396244735510753,0.07259148983689802,0.12000000000000044,0.12
1.04875,0.12411244735510753,0.07262616704345304,0.12000000000000044,0.12
1.05,0.12426244735510752,0.0726607935574336,0.12000000000000044,0.12
1.05125,0.12441244735510752,0.07269536948991526,0.12000000000000044,0.12
1.0525,0.12456244735510752,0.07272989495164929,0.12000000000000044,0.12
1.05375,0.12471244735510752,0.0727643700530639,0.12000000000000044,0.12
1.055,0.12486244735510751,0.07279879490426537,0.11999999999998934,0.12
1.05625,0.1250124473551075,0.07283316961503922,0.12000000000001243,0.12
1.0575,0.12516244735510754,0.07286749429485145,0.11999999999998934,0.12
1.05875,0.12531244735510752,0.07290176905284956,0.11999999999998934,0.12
1.06,0.1254624473551075,0.07293599399786387,0.12000000000001154,0.12
1.06125,0.12561244735510751,0.07297016923840856,0.11999999999998934,0.12
1.0625,0.1257624473551075,0.07300429488268283,0.12000000000001154,0.12
1.06375,0.1259124473551075,0.0730383710385721,0.11999999999998934,0.12
1.065,0.1260624473551075,0.07307239781364909,0.12000000000001154,0.12
1.06625,0.1262124473551075,0.073106375315175,0.11999999999999023,0.12
1.0675000000000001,0.12636244735510752,0.07314030365010056,0.12000000000001154,0.12
1.06875,0.12651244735510753,0.07317418292506724,0.11999999999998934,0.12
1.07,0.1266624473551075,0.0732080132464083,0.12000000000001154,0.12
1.07125,0.12681244735510752,0.07324179472014998,0.11999999999998934,0.12
1.0725,0.1269624473551075,0.07327552745201248,0.12000000000001154,0.12
1.07375,0.12711244735510752,0.07330921154741123,0.11999999999998934,0.12
1.075,0.1272624473551075,0.07334284711145782,0.12000000000001154,0.12
1.07625,0.1274124473551075,0.07337643424896123,0.11999999999999023,0.12
1.0775000000000001,0.12756244735510752,0.07340997306442884,0.12000000000001154,0.12
1.07875,0.12771244735510753,0.07344346366206754,0.11999999999998934,0.12
1.08,0.12786244735510752,0.07347690614578475,0.12000000000001154,0.12
1.08125,0.12801244735510753,0.07351030061918967,0.11999999999998934,0.12
1.0825,0.1281624473551075,0.07354364718559411,0.12000000000001154,0.12
1.08375,0.12831244735510752,0.07357694594801376,0.11999999999998934,0.12
1.085,0.1284624473551075,0.07361019700916907,0.18871298014775786,0.12
1.08625,0.1286983385802922,0.0736925817290035,0.220000000000008,0.22
1.0875000000000001,0.12897333858029225,0.07379722624086266,0.22000000000000267,0.22
1.08875,0.12924833858029225,0.07390172116840948,0.22000000000000267,0.22
1.09,0.12952333858029225,0.07400606683215033,0.21999999999998046,0.22
1.09125,0.12979833858029222,0.07411026355167652,0.22000000000000267,0.22
1.0925,0.1300733385802922,0.07421431164566772,0.22000000000000267,0.22
1.09375,0.1303483385802922,0.07431821143189501,0.22000000000000267,0.22
1.095,0.1306233385802922,0.07442196322722434,0.22000000000000267,0.22
1.09625,0.1308983385802922,0.07452556734761955,0.22000000000000267,0.22
1.0975,0.1311733385802922,0.07462902410814569,0.2199999999999858,0.22
1.0987500000000001,0.13144833858029223,0.07473233382297223,0.22000000000000267,0.22
1.1,0.13172333858029223,0.07483549680537614,0.22000000000000267,0.22
1.10125,0.13199833858029222,0.07493851336774518,0.22000000000000267,0.22
1.1025,0.13227333858029222,0.07504138382158093,0.22000000000000267,0.22
1.10375,0.13254833858029222,0.07514410847750204,0.22000000000000267,0.22
1.105,0.13282333858029222,0.07524668764524726,0.22000000000000267,0.22
1.10625,0.1330983385802922,0.07534912163367866,0.22000000000000267,0.22
1.1075,0.1333733385802922,0.07545141075078458,0.2199999999999858,0.22
1.1087500000000001,0.13364833858029224,0.07555355530368292,0.22000000000000267,0.22
1.11,0.13392333858029223,0.07565555559862398,0.22000000000000267,0.22
1.11125,0.13419833858029223,0.07575741194099374,0.22000000000000267,0.22
1.1125,0.13447333858029223,0.07585912463531674,0.22000000000000267,0.22
1.11375,0.13474833858029223,0.07596069398525922,0.22000000000000267,0.22
1.115,0.13502333858029222,0.0760621202936321,0.22000000000000267,0.22
1.11625,0.13529833858029222,0.076163403862394,0.21999999999998046,0.22
1.1175,0.1355733385802922,0.07626454499265416,0.220000000000008,0.22
1.1187500000000001,0.13584833858029224,0.07636554398467565,0.22000000000000267,0.22
1.12,0.13612333858029224,0.07646640113787803,0.22000000000000267,0.22
1.12125,0.13639833858029224,0.07656711675084052,0.22000000000000267,0.22
1.1225,0.13667333858029224,0.07666769112130492,0.22000000000000267,0.22
1.12375,0.13694833858029223,0.0767681245461785,0.21999999999998046,0.22
1.125,0.1372233385802922,0.07686841732153689,0.22000000000000267,0.22
1.12625,0.1374983385802922,0.07696856974262711,0.22000000000000267,0.22
1.1275,0.1377733385802922,0.07706858210387035,0.22000000000000267,0.22
1.12875,0.1380483385802922,0.07716845469886492,0.220000000000008,0.22
1.1300000000000001,0.13832333858029225,0.0772681878203891,0.22000000000000267,0.22
1.13125,0.13859833858029225,0.07736778176040396,0.21999999999998046,0.22
1.1325,0.13887333858029222,0.07746723681005627,0.22000000000000267,0.22
1.13375,0.1391483385802922,0.07756655325968138,0.22000000000000267,0.22
1.135,0.1394233385802922,0.07766573139880593,0.22000000000000267,0.22
1.13625,0.1396983385802922,0.0777647715161507,0.22000000000000267,0.22
1.1375,0.1399733385802922,0.07786367389963349,0.22000000000000267,0.22
1.13875,0.1402483385802922,0.07796243883637177,0.220000000000008,0.22
1.1400000000000001,0.14052333858029226,0.07806106661268564,0.21999999999998046,0.22
1.14125,0.14079833858029223,0.07815955751410036,0.22000000000000267,0.22
1.1425,0.14107333858029222,0.07825791182534937,0.22000000000000267,0.22
1.14375,0.14134833858029222,0.07835612983037682,0.22000000000000267,0.22
1.145,0.14162333858029222,0.07845421181234044,0.22000000000000267,0.22
1.14625,0.14189833858029222,0.07855215805361417,0.22000000000000267,0.22
1.1475,0.1421733385802922,0.0786499688357909,0.22000000000000267,0.22
1.14875,0.1424483385802922,0.07874764443968521,0.2199999999999858,0.22
1.1500000000000001,0.14272333858029224,0.07884518514533602,0.22000000000000267,0.22
1.15125,0.14299833858029223,0.07894259123200922,0.22000000000000267,0.22
1.1525,0.14327333858029223,0.07903986297820047,0.22000000000000267,0.22
1.15375,0.14354833858029223,0.07913700066163766,0.22000000000000267,0.22
1.155,0.14382333858029223,0.07923400455928375,0.22000000000000267,0.22
1.15625,0.14409833858029222,0.0793308749473393,0.22000000000000267,0.22
1.1575,0.14437333858029222,0.07942761210124506,0.21999999999998046,0.22
1.15875,0.1446483385802922,0.07952421629568465,0.22000000000000267,0.22
1.16,0.1449233385802922,0.07962068780458718,0.220000000000008,0.22
1.1612500000000001,0.14519833858029224,0.07971702690112975,0.22000000000000267,0.22
1.1625,0.14547333858029224,0.07981323385774004,0.22000000000000267,0.22
1.16375,0.14574833858029224,0.07990930894609899,0.22000000000000267,0.22
1.165,0.14602333858029223,0.08000525243714321,0.22000000000000267,0.22
1.16625,0.14629833858029223,0.08010106460106765,0.21999999999998046,0.22
1.1675,0.1465733385802922,0.08019674570732804,0.22000000000000267,0.22
1.16875,0.1468483385802922,0.0802922960246435,0.22000000000000267,0.22
1.17,0.1471233385802922,0.08038771582099898,0.220000000000008,0.22
1.1712500000000001,0.14739833858029225,0.08048300536364782,0.22000000000000267,0.22
1.1725,0.14767333858029225,0.08057816491911417,0.22000000000000267,0.22
1.17375,0.14794833858029224,0.0806731947531956,0.22000000000000267,0.22
1.175,0.14822333858029224,0.0807680951309655,0.21999999999998046,0.22
1.17625,0.1484983385802922,0.08086286631677549,0.22000000000000267,0.22
1.1775,0.1487733385802922,0.08095750857425799,0.22000000000000267,0.22
1.17875,0.1490483385802922,0.08105202216632856,0.22000000000000267,0.22
1.18,0.1493233385802922,0.08114640735518844,0.220000000000008,0.22
1.1812500000000001,0.14959833858029226,0.08124066440232688,0.21999999999998046,0.22
1.1825,0.14987333858029223,0.08133479356852356,0.22000000000000267,0.22
1.18375,0.15014833858029222,0.08142879511385111,0.22000000000000267,0.22
1.185,0.15042333858029222,0.08152266929767735,0.22000000000000267,0.22
1.18625,0.15069833858029222,0.08161641637866777,0.22000000000000267,0.22
1.1875,0.15097333858029222,0.0817100366147879,0.22000000000000267,0.22
1.18875,0.1512483385802922,0.08180353026330564,0.22000000000000267,0.22
1.19,0.1515233385802922,0.08189689758079363,0.22000000000000267,0.22
1.19125,0.1517983385802922,0.08199013882313162,0.2199999999999858,0.22
1.1925000000000001,0.15207333858029223,0.0820832542455088,0.22000000000000267,0.22
1.19375,0.15234833858029223,0.08217624410242608,0.22000000000000267,0.22
1.195,0.15262333858029223,0.08226910864769847,0.22000000000000267,0.22
1.19625,0.15289833858029223,0.08236184813445739,0.22000000000000267,0.22
1.1975,0.15317333858029222,0.08245446281515291,0.22000000000000267,0.22
1.19875,0.15344833858029222,0.08254695294155608,0.22000000000000267,0.22
1.2,0.15372333858029222,0.08263931876476123,0.22000000000000267,0.22
1.20125,0.15399833858029222,0.08273156053518821,0.2199999999999858,0.22
1.2025000000000001,0.15427333858029224,0.08282367850258467,0.22000000000000267,0.22
1.20375,0.15454833858029224,0.08291567291602829,0.22000000000000267,0.22
1.205,0.15482333858029224,0.08300754402392906,0.22000000000000267,0.22
1.20625,0.15509833858029223,0.08309929207403148,0.22000000000000267,0.22
1.2075,0.15537333858029223,0.08319091731341684,0.21999999999998046,0.22
1.20875,0.1556483385802922,0.08328241998850536,0.22000000000000267,0.22
1.21,0.1559233385802922,0.0833738003450585,0.22000000000000267,0.22
1.21125,0.1561983385802922,0.08346505862818104,0.220000000000008,0.22
1.2125000000000001,0.15647333858029225,0.0835561950823234,0.22000000000000267,0.22
1.21375,0.15674833858029225,0.08364720995128368,0.22000000000000267,0.22
1.215,0.15702333858029224,0.08373810347820995,0.22000000000000267,0.22
1.21625,0.15729833858029224,0.08382887590560241,0.21999999999998046,0.22
1.2175,0.1575733385802922,0.08391952747531546,0.22000000000000267,0.22
1.21875,0.1578483385802922,0.08401005842855994,0.22000000000000267,0.22
1.22,0.1581233385802922,0.0841004690059052,0.22000000000000267,0.22
1.22125,0.1583983385802922,0.08419075944728129,0.22000000000000267,0.22
1.2225,0.1586733385802922,0.08428092999198102,0.220000000000008,0.22
1.2237500000000001,0.15894833858029225,0.08437098087866214,0.22000000000000267,0.22
1.225,0.15922333858029225,0.0844609123453494,0.21999999999998046,0.22
1.22625,0.15949833858029222,0.08455072462943662,0.22000000000000267,0.22
1.2275,0.15977333858029222,0.08464041796768892,0.22000000000000267,0.22
1.22875,0.16004833858029222,0.08472999259624461,0.22000000000000267,0.22
1.23,0.1603233385802922,0.0848194487506174,0.22000000000000267,0.22
1.23125,0.1605983385802922,0.08490878666569837,0.22000000000000267,0.22
1.2325,0.1608733385802922,0.08499800657575812,0.2199999999999858,0.22
1.2337500000000001,0.16114833858029223,0.08508710871444874,0.22000000000000267,0.22
1.235,0.16142333858029223,0.08517609331480591,0.22000000000000267,0.22
1.23625,0.16169833858029223,0.08526496060925084,0.22000000000000267,0.22
1.2375,0.16197333858029223,0.08535371082959245,0.22000000000000267,0.22
1.23875,0.16224833858029222,0.08544234420702919,0.22000000000000267,0.22
1.24,0.16252333858029222,0.08553086097215121,0.22000000000000267,0.22
1.24125,0.16279833858029222,0.08561926135494229,0.22000000000000267,0.22
1.2425,0.16307333858029222,0.08570754558478182,0.2199999999999858,0.22
1.2437500000000001,0.16334833858029224,0.08579571389044682,0.22000000000000267,0.22
1.245,0.16362333858029224,0.0858837665001139,0.22000000000000267,0.22
1.24625,0.16389833858029224,0.08597170364136121,0.22000000000000267,0.22
1.2475,0.16417333858029223,0.08605952554117044,0.22000000000000267,0.22
1.24875,0.16444833858029223,0.08614723242592874,0.21999999999998046,0.22
1.25,0.1647233385802922,0.08623482452143065,0.22000000000002487,0.22
1.25125,0.16499833858029223,0.08632230205288016,0.21999999999998046,0.22
1.2525,0.1652733385802922,0.08640966524489241,0.22000000000000267,0.22
1.25375,0.1655483385802922,0.08649691432149587,0.220000000000008,0.22
1.2550000000000001,0.16582333858029225,0.08658404950613405,0.22000000000000267,0.22
1.25625,0.16609833858029224,0.0866710710216675,0.22000000000000267,0.22
1.2575,0.16637333858029224,0.08675797909037575,0.21999999999998046,0.22
1.25875,0.1666483385802922,0.08684477393395908,0.22000000000000267,0.22
1.26,0.1669233385802922,0.08693145577354054,0.22000000000000267,0.22
1.26125,0.1671983385802922,0.08701802482966775,0.22000000000000267,0.22
1.2625,0.1674733385802922,0.08710448132231474,0.22000000000000267,0.22
1.26375,0.1677483385802922,0.08719082547088393,0.220000000000008,0.22
1.2650000000000001,0.16802333858029225,0.08727705749420787,0.22000000000000267,0.22
1.26625,0.16829833858029225,0.08736317761055114,0.21999999999998046,0.22
1.2675,0.16857333858029222,0.08744918603761213,0.22000000000000267,0.22
1.26875,0.16884833858029222,0.08753508299252508,0.22000000000000267,0.22
1.27,0.16912333858029222,0.0876208686918616,0.22000000000000267,0.22
1.27125,0.1693983385802922,0.08770654335163272,0.22000000000000267,0.22
1.2725,0.1696733385802922,0.08779210718729064,0.22000000000000267,0.22
1.27375,0.1699483385802922,0.08787756041373047,0.220000000000008,0.22
1.2750000000000001,0.17022333858029226,0.08796290324529217,0.21999999999998046,0.22
1.27625,0.17049833858029223,0.08804813589576213,0.22000000000000267,0.22
1.2775,0.17077333858029223,0.08813325857837521,0.22000000000000267,0.22
1.27875,0.17104833858029223,0.08821827150581633,0.22000000000000267,0.22
1.28,0.17132333858029222,0.0883031748902223,0.22000000000000267,0.22
1.28125,0.17159833858029222,0.0883879689431836,0.22000000000000267,0.22
1.2825,0.17187333858029222,0.08847265387574613,0.22000000000000267,0.22
1.28375,0.17214833858029222,0.08855722989841291,0.21999999999998046,0.22
1.285,0.17242333858029218,0.08864169722114593,0.220000000000008,0.22
1.2862500000000001,0.17269833858029224,0.08872605605336781,0.22000000000000267,0.22
1.2875,0.17297333858029224,0.0888103066039635,0.22000000000000267,0.22
1.28875,0.17324833858029223,0.0888944490812821,0.22000000000000267,0.22
1.29,0.17352333858029223,0.08897848369313853,0.22000000000000267,0.22
1.29125,0.17379833858029223,0.08906241064681522,0.22000000000000267,0.22
1.2925,0.17407333858029223,0.08914623014906382,0.21999999999998046,0.22
1.29375,0.1743483385802922,0.08922994240610693,0.22000000000000267,0.22
1.295,0.1746233385802922,0.08931354762363981,0.220000000000008,0.22
1.2962500000000001,0.17489833858029225,0.08939704600683199,0.22000000000000267,0.22
1.2975,0.17517333858029224,0.08948043776032895,0.22000000000000267,0.22
1.29875,0.17544833858029224,0.08956372308825387,0.21999999999998046,0.22
1.3,0.1757233385802922,0.08964690219420925,0.22000000000002487,0.22
1.30125,0.17599833858029224,0.0897299752812786,0.21999999999998046,0.22
1.3025,0.1762733385802922,0.08981294255202799,0.22000000000000267,0.22
1.30375,0.1765483385802922,0.08989580420850785,0.22000000000000267,0.22
1.305,0.1768233385802922,0.0899785604522545,0.220000000000008,0.22
1.3062500000000001,0.17709833858029225,0.0900612114842918,0.22000000000000267,0.22
1.3075,0.17737333858029225,0.09014375750513282,0.21999999999998046,0.22
1.30875,0.17764833858029222,0.0902261987147814,0.22000000000000267,0.22
1.31,0.17792333858029222,0.09030853531273383,0.22000000000000267,0.22
1.31125,0.17819833858029221,0.09039076749798046,0.22000000000000267,0.22
1.3125,0.1784733385802922,0.09047289546900719,0.22000000000000267,0.22
1.31375,0.1787483385802922,0.09055491942379722,0.22000000000000267,0.22
1.315,0.1790233385802922,0.09063683955983252,0.22000000000000267,0.22
1.31625,0.1792983385802922,0.09071865607409553,0.2199999999999858,0.22
1.3175000000000001,0.17957333858029223,0.0908003691630706,0.22000000000000267,0.22
1.31875,0.17984833858029223,0.0908819790227457,0.22000000000000267,0.22
1.32,0.18012333858029222,0.09096348584861387,0.22000000000000267,0.22
1.32125,0.18039833858029222,0.09104488983567487,0.22000000000000267,0.22
1.3225,0.18067333858029222,0.09112619117843668,0.22000000000000267,0.22
1.32375,0.18094833858029222,0.0912073900709171,0.22000000000000267,0.22
1.325,0.18122333858029221,0.09128848670664523,0.21999999999998046,0.22
1.32625,0.18149833858029218,0.09136948127866304,0.220000000000008,0.22
1.3275000000000001,0.18177333858029224,0.09145037397952696,0.22000000000000267,0.22
1.32875,0.18204833858029223,0.09153116500130926,0.22000000000000267,0.22
1.33,0.18232333858029223,0.0916118545355997,0.22000000000000267,0.22
1.33125,0.18259833858029223,0.09169244277350701,0.22000000000000267,0.22
1.3325,0.18287333858029223,0.09177292990566038,0.22000000000000267,0.22
1.33375,0.18314833858029222,0.09185331612221101,0.21999999999998046,0.22
1.335,0.1834233385802922,0.09193360161283347,0.22000000000000267,0.22
1.33625,0.1836983385802922,0.09201378656672743,0.220000000000008,0.22
1.3375000000000001,0.18397333858029224,0.09209387117261894,0.22000000000000267,0.22
1.33875,0.18424833858029224,0.09217385561876194,0.22000000000000267,0.22
1.34,0.18452333858029224,0.09225374009293984,0.22000000000000267,0.22
1.34125,0.18479833858029224,0.09233352478246688,0.22000000000000267,0.22
1.3425,0.18507333858029223,0.09241320987418972,0.21999999999998046,0.22
1.34375,0.1853483385802922,0.09249279555448871,0.22000000000000267,0.22
1.345,0.1856233385802922,0.0925722820092795,0.22000000000000267,0.22
1.34625,0.1858983385802922,0.09265166942401445,0.22000000000000267,0.22
1.3475,0.1861733385802922,0.0927309579836841,0.220000000000008,0.22
1.3487500000000001,0.18644833858029225,0.09281014787281847,0.21999999999998046,0.22
1.35,0.18672333858029222,0.0928892392754886,0.22000000000002487,0.22
1.35125,0.18699833858029224,0.0929682323753081,0.21999999999998046,0.22
1.3525,0.18727333858029221,0.09304712735543424,0.22000000000000267,0.22
1.35375,0.1875483385802922,0.09312592439856972,0.22000000000000267,0.22
1.355,0.1878233385802922,0.09320462368696383,0.22000000000000267,0.22
1.35625,0.1880983385802922,0.09328322540241403,0.22000000000000267,0.22
1.3575,0.1883733385802922,0.09336172972626719,0.2199999999999858,0.22
1.3587500000000001,0.18864833858029223,0.09344013683942105,0.22000000000000267,0.22
1.36,0.18892333858029223,0.09351844692232573,0.22000000000000267,0.22
1.36125,0.18919833858029222,0.0935966601549849,0.22000000000000267,0.22
1.3625,0.18947333858029222,0.09367477671695729,0.22000000000000267,0.22
1.36375,0.18974833858029222,0.09375279678735805,0.22000000000000267,0.22
1.365,0.19002333858029222,0.09383072054486016,0.22000000000000267,0.22
1.36625,0.19029833858029221,0.09390854816769566,0.22000000000000267,0.22
1.3675,0.1905733385802922,0.09398627983365708,0.2199999999999858,0.22
1.3687500000000001,0.19084833858029224,0.0940639157200989,0.22000000000000267,0.22
1.37,0.19112333858029223,0.09414145600393874,0.22000000000000267,0.22
1.37125,0.19139833858029223,0.09421890086165874,0.22000000000000267,0.22
1.3725,0.19167333858029223,0.09429625046930698,0.22000000000000267,0.22
1.37375,0.19194833858029223,0.09437350500249878,0.22000000000000267,0.22
1.375,0.19222333858029222,0.09445066463641794,0.21999999999998046,0.22
1.37625,0.1924983385802922,0.09452772954581813,0.22000000000002487,0.22
1.3775,0.19277333858029222,0.09460469990502432,0.21999999999998046,0.22
1.37875,0.1930483385802922,0.09468157588793387,0.220000000000008,0.22
1.3800000000000001,0.19332333858029224,0.09475835766801803,0.22000000000000267,0.22
1.38125,0.19359833858029224,0.09483504541832309,0.21999999999998046,0.22
1.3825,0.1938733385802922,0.09491163931147187,0.22000000000002487,0.22
1.38375,0.19414833858029223,0.09498813951966485,0.21999999999998046,0.22
1.385,0.1944233385802922,0.09506454621468147,0.22000000000002487,0.22
1.38625,0.19469833858029223,0.09514085956788156,0.21999999999998046,0.22
1.3875,0.1949733385802922,0.09521707975020645,0.22000000000000267,0.22
1.38875,0.1952483385802922,0.09529320693218038,0.220000000000008,0.22
1.3900000000000001,0.19552333858029225,0.09536924128391164,0.21999999999998046,0.22
1.39125,0.19579833858029222,0.09544518297509397,0.22000000000002487,0.22
1.3925,0.19607333858029224,0.09552103217500775,0.21999999999998046,0.22
1.39375,0.19634833858029221,0.0955967890525212,0.22000000000002487,0.22
1.395,0.19662333858029224,0.09567245377609183,0.21999999999998046,0.22
1.39625,0.1968983385802922,0.09574802651376747,0.22000000000000267,0.22
1.3975,0.1971733385802922,0.09582350743318764,0.22000000000000267,0.22
1.39875,0.1974483385802922,0.09589889670158472,0.2199999999999858,0.22
1.4000000000000001,0.19772333858029223,0.09597419448578526,0.22000000000002487,0.22
1.40125,0.19799833858029225,0.09604940095221116,0.21999999999998046,0.22
1.4025,0.19827333858029222,0.09612451626688086,0.22000000000000267,0.22
1.40375,0.19854833858029222,0.09619954059541068,0.22000000000000267,0.22
1.405,0.19882333858029222,0.09627447410301596,0.22000000000000267,0.22
1.40625,0.19909833858029222,0.09634931695451221,0.22000000000000267,0.22
1.4075,0.19937333858029221,0.09642406931431644,0.21999999999998046,0.22
1.40875,0.19964833858029218,0.09649873134644829,0.22000000000002487,0.22
1.41,0.1999233385802922,0.09657330321453131,0.2199999999999858,0.22
1.4112500000000001,0.20019833858029223,0.096647785081794,0.22000000000000267,0.22
1.4125,0.20047333858029223,0.09672217711107113,0.22000000000000267,0.22
1.41375,0.20074833858029223,0.09679647946480496,0.22000000000000267,0.22
1.415,0.20102333858029223,0.09687069230504625,0.22000000000000267,0.22
1.41625,0.20129833858029222,0.0969448157934556,0.21999999999998046,0.22
1.4175,0.2015733385802922,0.09701885009130455,0.22000000000002487,0.22
1.41875,0.20184833858029222,0.09709279535947685,0.21999999999998046,0.22
1.42,0.2021233385802922,0.09716665175846939,0.220000000000008,0.22
1.4212500000000001,0.20239833858029224,0.09724041944839362,0.22000000000000267,0.22
1.4225,0.20267333858029224,0.09731409858897659,0.22000000000000267,0.22
1.42375,0.20294833858029224,0.09738768933956209,0.22000000000000267,0.22
1.425,0.20322333858029223,0.0974611918591118,0.21999999999998046,0.22
1.42625,0.2034983385802922,0.0975346063062065,0.22000000000002487,0.22
1.4275,0.20377333858029223,0.0976079328390472,0.21999999999998046,0.22
1.42875,0.2040483385802922,0.09768117161545616,0.22000000000000267,0.22
1.43,0.2043233385802922,0.09775432279287811,0.220000000000008,0.22
1.4312500000000001,0.20459833858029225,0.09782738652838148,0.21999999999998046,0.22
1.4325,0.20487333858029222,0.09790036297865928,0.22000000000002487,0.22
1.43375,0.20514833858029224,0.09797325230003047,0.21999999999998046,0.22
1.435,0.20542333858029221,0.09804605464844086,0.22000000000002487,0.22
1.43625,0.20569833858029224,0.09811877017946448,0.21999999999998046,0.22
1.4375,0.2059733385802922,0.09819139904830435,0.22000000000000267,0.22
1.43875,0.2062483385802922,0.09826394140979387,0.22000000000004707,0.22
1.44,0.20652333858029226,0.09833639741839786,0.21999999999995826,0.22
1.44125,0.2067983385802922,0.0984087672282135,0.220000000000008,0.22
1.4425000000000001,0.20707333858029225,0.09848105099297165,0.22000000000002487,0.22
1.44375,0.20734833858029228,0.09855324886603775,0.21999999999998046,0.22
1.445,0.20762333858029225,0.09862536100041301,0.21999999999993605,0.22
1.44625,0.20789833858029216,0.09869738754873544,0.22000000000004707,0.22
1.4475,0.20817333858029222,0.09876932866328104,0.22000000000004707,0.22
1.44875,0.20844833858029227,0.09884118449596467,0.21999999999995826,0.22
1.45,0.2087233385802922,0.09891295519834124,0.21999999999995826,0.22
1.45125,0.20899833858029215,0.09898464092160683,0.2200000000000746,0.22
1.4525000000000001,0.2092733385802923,0.09905624181659972,0.21999999999995826,0.22
1.45375,0.20954833858029223,0.09912775803380124,0.21999999999995826,0.22
1.455,0.20982333858029217,0.09919918972333716,0.22000000000004707,0.22
1.45625,0.21009833858029223,0.0992705370349786,0.22000000000004707,0.22
1.4575,0.21037333858029228,0.09934180011814292,0.21999999999993605,0.22
1.45875,0.2106483385802922,0.09941297912189496,0.21999999999998046,0.22
1.46,0.21092333858029216,0.09948407419494812,0.22000000000002487,0.22
1.46125,0.2111983385802922,0.09955508548566518,0.220000000000008,0.22
1.4625000000000001,0.21147333858029224,0.09962601314205947,0.21999999999995826,0.22
1.46375,0.21174833858029218,0.09969685731179587,0.22000000000004707,0.22
1.465,0.21202333858029224,0.0997676181421919,0.22000000000004707,0.22
1.46625,0.2122983385802923,0.09983829578021863,0.21999999999993605,0.22
1.4675,0.2125733385802922,0.0999088903725017,0.21999999999998046,0.22
1.46875,0.21284833858029217,0.09997940206532253,0.22000000000002487,0.22
1.47,0.2131233385802922,0.10004983100461907,0.22000000000004707,0.22
1.47125,0.21339833858029225,0.10012017733598697,0.21999999999995826,0.22
1.4725,0.2136733385802922,0.10019044120468046,0.220000000000008,0.22
1.4737500000000001,0.21394833858029225,0.10026062275561354,0.22000000000004707,0.22
1.475,0.2142233385802923,0.10033072213336078,0.21999999999993605,0.22
1.47625,0.2144983385802922,0.10040073948215834,0.21999999999998046,0.22
1.4775,0.21477333858029218,0.1004706749459052,0.22000000000002487,0.22
1.47875,0.2150483385802922,0.10054052866816379,0.22000000000004707,0.22
1.48,0.21532333858029226,0.10061030079216123,0.21999999999995826,0.22
1.48125,0.2155983385802922,0.1006799914607901,0.21999999999995826,0.22
1.4825,0.21587333858029215,0.10074960081660968,0.2200000000000968,0.22
1.4837500000000001,0.2161483385802923,0.10081912900184678,0.21999999999993605,0.22
1.485,0.21642333858029222,0.10088857615839648,0.21999999999998046,0.22
1.48625,0.2166983385802922,0.1009579424278236,0.22000000000002487,0.22
1.4875,0.21697333858029222,0.10102722795136325,0.22000000000004707,0.22
1.48875,0.21724833858029227,0.10109643286992193,0.21999999999995826,0.22
1.49,0.2175233385802922,0.10116555732407845,0.21999999999995826,0.22
1.49125,0.21779833858029216,0.10123460145408496,0.22000000000004707,0.22
1.4925,0.2180733385802922,0.10130356539986787,0.2199999999999858,0.22
1.4937500000000001,0.21834833858029223,0.10137244930102869,0.21999999999998046,0.22
1.495,0.2186233385802922,0.1014412532968451,0.22000000000002487,0.22
1.49625,0.21889833858029223,0.10150997752627185,0.22000000000004707,0.22
1.4975,0.21917333858029228,0.10157862212794168,0.21999999999995826,0.22
1.49875,0.21944833858029222,0.10164718724016622,0.21999999999995826,0.22
1.5,0.21972333858029217,0.10171567300093702,0.22000000000004707,0.22
1.50125,0.21999833858029222,0.10178407954792643,0.22000000000002487,0.22
1.5025,0.22027333858029224,0.10185240701848843,0.21999999999994138,0.22
1.5037500000000001,0.2205483385802922,0.10192065554965966,0.22000000000002487,0.22
1.5050000000000001,0.22082333858029224,0.10198882527816035,0.22000000000002487,0.22
1.50625,0.22109833858029226,0.10205691634039511,0.21999999999998046,0.22
1.5075,0.22137333858029223,0.10212492887245397,0.21999999999995826,0.22
1.50875,0.22164833858029218,0.1021928630101132,0.22000000000004707,0.22
1.51,0.22192333858029223,0.1022607188888363,0.22000000000002487,0.22
1.51125,0.22219833858029225,0.10232849664377477,0.21999999999998046,0.22
1.5125,0.22247333858029222,0.10239619640976913,0.21999999999993605,0.22
1.51375,0.22274833858029214,0.10246381832134975,0.2200000000000746,0.22
1.5150000000000001,0.22302333858029227,0.10253136251273784,0.21999999999998046,0.22
1.51625,0.22329833858029224,0.1025988291178461,0.21999999999995826,0.22
1.5175,0.22357333858029219,0.10266621827027987,0.22000000000004707,0.22
1.51875,0.22384833858029224,0.10273353010333793,0.22000000000002487,0.22
1.52,0.22412333858029226,0.10280076475001323,0.21999999999998046,0.22
1.52125,0.22439833858029223,0.10286792234299404,0.21999999999993605,0.22
1.5225,0.22467333858029215,0.10293500301466452,0.22000000000004707,0.22
1.52375,0.2249483385802922,0.10300200689710591,0.220000000000008,0.22
1.5250000000000001,0.22522333858029225,0.1030689341220971,0.21999999999995826,0.22
1.52625,0.2254983385802922,0.1031357848211156,0.22000000000004707,0.22
1.5275,0.22577333858029225,0.10320255912533857,0.22000000000002487,0.22
1.52875,0.22604833858029227,0.1032692571656434,0.21999999999995826,0.22
1.53,0.22632333858029222,0.10333587907260874,0.21999999999995826,0.22
1.53125,0.22659833858029216,0.10340242497651532,0.22000000000004707,0.22
1.5325,0.2268733385802922,0.10346889500734681,0.22000000000004707,0.22
1.53375,0.22714833858029226,0.10353528929479057,0.21999999999989697,0.22
1.5350000000000001,0.22742333858029218,0.10360160796823858,0.22000000000006928,0.22
1.5362500000000001,0.22769833858029226,0.1036678511567884,0.22000000000002487,0.22
1.5375,0.22797333858029228,0.10373401898924367,0.21999999999995826,0.22
1.53875,0.22824833858029223,0.1038001115941153,0.21999999999995826,0.22
1.54,0.22852333858029217,0.10386612909962209,0.22000000000004707,0.22
1.54125,0.22879833858029222,0.1039320716336917,0.22000000000004707,0.22
1.5425,0.22907333858029227,0.10399793932396127,0.21999999999993605,0.22
1.54375,0.2293483385802922,0.10406373229777842,0.21999999999998046,0.22
1.545,0.22962333858029216,0.10412945068220211,0.2200000000000746,0.22
1.5462500000000001,0.2298983385802923,0.10419509460400331,0.21999999999995826,0.22
1.5475,0.23017333858029224,0.10426066418966579,0.21999999999995826,0.22
1.54875,0.23044833858029218,0.10432615956538711,0.22000000000004707,0.22
1.55,0.23072333858029223,0.10439158085707939,0.22000000000004707,0.22
1.55125,0.23099833858029228,0.10445692819036995,0.21999999999993605,0.22
1.5525,0.2312733385802922,0.10452220169060222,0.21999999999998046,0.22
1.55375,0.23154833858029217,0.1045874014828367,0.22000000000002487,0.22
1.555,0.2318233385802922,0.10465252769185147,0.220000000000008,0.22
1.5562500000000001,0.23209833858029225,0.10471758044214319,0.21999999999995826,0.22
1.5575,0.2323733385802922,0.10478255985792775,0.22000000000002487,0.22
1.55875,0.2326483385802922,0.10484746606314126,0.22000000000006928,0.22
1.56,0.2329233385802923,0.10491229918144064,0.21999999999993605,0.22
1.56125,0.2331983385802922,0.10497705933620442,0.21999999999998046,0.22
1.5625,0.23347333858029218,0.10504174665053373,0.22000000000002487,0.22
1.56375,0.2337483385802922,0.10510636124725284,0.22000000000004707,0.22
1.565,0.23402333858029226,0.10517090324891007,0.21999999999991918,0.22
1.5662500000000001,0.2342983385802922,0.10523537277777845,0.22000000000002487,0.22
1.5675000000000001,0.23457333858029222,0.10529976995585669,0.22000000000006928,0.22
1.56875,0.2348483385802923,0.10536409490486977,0.21999999999993605,0.22
1.57,0.23512333858029222,0.10542834774626968,0.21999999999998046,0.22
1.57125,0.2353983385802922,0.10549252860123642,0.22000000000002487,0.22
1.5725,0.2356733385802922,0.10555663759067853,0.22000000000004707,0.22
1.57375,0.23594833858029227,0.10562067483523395,0.21999999999995826,0.22
1.575,0.2362233385802922,0.1056846404552707,0.21999999999995826,0.22
1.57625,0.23649833858029215,0.10574853457088777,0.2200000000000746,0.22
1.5775000000000001,0.2367733385802923,0.10581235730191582,0.21999999999995826,0.22
1.57875,0.23704833858029223,0.10587610876791775,0.21999999999998046,0.22
1.58,0.2373233385802922,0.10593978908818975,0.22000000000002487,0.22
1.58125,0.23759833858029222,0.10600339838176183,0.22000000000002487,0.22
1.5825,0.23787333858029225,0.10606693676739862,0.21999999999998046,0.22
1.58375,0.23814833858029222,0.10613040436360012,0.21999999999995826,0.22
1.585,0.23842333858029216,0.10619380128860245,0.22000000000004707,0.22
1.58625,0.2386983385802922,0.10625712766037856,0.2199999999999858,0.22
1.5875000000000001,0.23897333858029224,0.10632038359663895,0.21999999999998046,0.22
1.58875,0.2392483385802922,0.1063835692148324,0.22000000000002487,0.22
1.59,0.23952333858029223,0.10644668463214677,0.22000000000002487,0.22
1.59125,0.23979833858029226,0.1065097299655096,0.21999999999998046,0.22
1.5925,0.24007333858029223,0.10657270533158894,0.21999999999995826,0.22
1.59375,0.24034833858029217,0.10663561084679403,0.22000000000004707,0.22
1.595,0.24062333858029222,0.10669844662727601,0.22000000000002487,0.22
1.59625,0.24089833858029225,0.10676121278892862,0.21999999999994138,0.22
1.5975000000000001,0.24117333858029222,0.10682390944738897,0.22000000000002487,0.22
1.5987500000000001,0.24144833858029224,0.10688653671803819,0.22000000000002487,0.22
1.6,0.24172333858029227,0.10694909471600214,0.21999999999998046,0.22
1.60125,0.24199833858029224,0.10701158355615219,0.21999999999995826,0.22
1.6025,0.24227333858029218,0.10707400335310582,0.22000000000004707,0.22
1.60375,0.24254833858029223,0.10713635422122744,0.22000000000002487,0.22
1.605,0.24282333858029226,0.10719863627462892,0.21999999999995826,0.22
1.60625,0.2430983385802922,0.10726084962717045,0.21999999999995826,0.22
1.6075,0.24337333858029214,0.10732299439246117,0.2200000000000746,0.22
1.6087500000000001,0.24364833858029228,0.10738507068385987,0.21999999999998046,0.22
1.61,0.24392333858029225,0.1074470786144756,0.21999999999993605,0.22
1.61125,0.24419833858029216,0.10750901829716847,0.22000000000006928,0.22
1.6125,0.24447333858029224,0.10757088984455036,0.22000000000002487,0.22
1.61375,0.24474833858029227,0.10763269336898543,0.21999999999995826,0.22
1.615,0.2450233385802922,0.10769442898259092,0.21999999999995826,0.22
1.61625,0.24529833858029215,0.10775609679723785,0.22000000000004707,0.22
1.6175,0.2455733385802922,0.10781769692455172,0.220000000000008,0.22
1.6187500000000001,0.24584833858029226,0.10787922947591295,0.21999999999993605,0.22
1.62,0.24612333858029217,0.10794069456245785,0.22000000000006928,0.22
1.62125,0.24639833858029225,0.10800209229507916,0.22000000000002487,0.22
1.6225,0.24667333858029228,0.10806342278442667,0.21999999999995826,0.22
1.62375,0.24694833858029222,0.10812468614090792,0.21999999999995826,0.22
1.625,0.24722333858029216,0.10818588247468895,0.22000000000004707,0.22
1.62625,0.24749833858029222,0.10824701189569487,0.22000000000004707,0.22
1.6275,0.24777333858029227,0.10830807451361048,0.21999999999989697,0.22
1.6287500000000001,0.24804833858029218,0.10836907043788097,0.22000000000004707,0.22
1.6300000000000001,0.24832333858029224,0.10842999977771271,0.22000000000004707,0.22
1.63125,0.2485983385802923,0.10849086264207365,0.21999999999995826,0.22
1.6325,0.24887333858029223,0.10855165913969413,0.21999999999995826,0.22
1.63375,0.24914833858029217,0.1086123893790675,0.22000000000002487,0.22
1.635,0.2494233385802922,0.1086730534684508,0.22000000000006928,0.22
1.63625,0.24969833858029228,0.10873365151586532,0.21999999999993605,0.22
1.6375,0.2499733385802922,0.10879418362909721,0.21999999999998046,0.22
1.63875,0.25024833858029216,0.10885464991569835,0.2200000000000746,0.22
1.6400000000000001,0.2505233385802923,0.10891505048298675,0.21999999999993605,0.22
1.64125,0.2507983385802922,0.10897538543804718,0.21999999999998046,0.22
1.6425,0.2510733385802922,0.10903565488773204,0.22000000000002487,0.22
1.64375,0.2513483385802922,0.10909585893866175,0.22000000000006928,0.22
1.645,0.2516233385802923,0.1091559976972255,0.21999999999993605,0.22
1.64625,0.2518983385802922,0.10921607126958177,0.21999999999998046,0.22
1.6475,0.2521733385802922,0.10927607976165914,0.22000000000002487,0.22
1.64875,0.2524483385802922,0.10933602327915672,0.2200000000000302,0.22
1.6500000000000001,0.2527233385802923,0.1093959019275449,0.21999999999993605,0.22
1.65125,0.2529983385802922,0.10945571581206584,0.22000000000002487,0.22
1.6525,0.2532733385802922,0.10951546503773428,0.22000000000002487,0.22
1.65375,0.25354833858029224,0.10957514970933795,0.21999999999998046,0.22
1.655,0.2538233385802922,0.10963476993143831,0.21999999999998046,0.22
1.65625,0.2540983385802922,0.10969432580837113,0.22000000000002487,0.22
1.6575,0.2543733385802922,0.10975381744424706,0.22000000000002487,0.22
1.65875,0.25464833858029223,0.10981324494295232,0.21999999999994138,0.22
1.6600000000000001,0.2549233385802922,0.1098726084081492,0.22000000000006928,0.22
1.6612500000000001,0.2551983385802923,0.10993190794327679,0.22000000000002487,0.22
1.6625,0.2554733385802923,0.10999114365155138,0.21999999999993605,0.22
1.66375,0.2557483385802922,0.11005031563596729,0.21999999999993605,0.22
1.665,0.25602333858029214,0.11010942399929735,0.22000000000006928,0.22
1.66625,0.2562983385802922,0.11016846884409355,0.22000000000006928,0.22
1.6675,0.2565733385802923,0.11022745027268749,0.21999999999993605,0.22
1.66875,0.2568483385802922,0.11028636838719107,0.21999999999993605,0.22
1.67,0.2571233385802921,0.11034522328949718,0.2200000000000746,0.22
1.6712500000000001,0.25739833858029226,0.1104040150812802,0.21999999999998046,0.22
1.6725,0.25767333858029223,0.11046274386399643,0.21999999999998046,0.22
1.67375,0.2579483385802922,0.11052140973888494,0.22000000000002487,0.22
1.675,0.2582233385802922,0.110580012806968,0.22000000000002487,0.22
1.67625,0.25849833858029225,0.11063855316905166,0.21999999999998046,0.22
1.6775,0.2587733385802922,0.11069703092572641,0.21999999999998046,0.22
1.67875,0.2590483385802922,0.11075544617736766,0.22000000000002487,0.22
1.68,0.2593233385802922,0.11081379902413638,0.2199999999999858,0.22
1.6812500000000001,0.25959833858029224,0.11087208956597965,0.21999999999993605,0.22
1.6825,0.25987333858029216,0.11093031790263118,0.22000000000006928,0.22
1.68375,0.26014833858029224,0.11098848413361209,0.22000000000006928,0.22
1.685,0.2604233385802923,0.11104658835823113,0.21999999999993605,0.22
1.68625,0.26069833858029223,0.11110463067558544,0.21999999999993605,0.22
1.6875,0.26097333858029215,0.11116261118456128,0.22000000000002487,0.22
1.68875,0.26124833858029217,0.11122052998383428,0.22000000000006928,0.22
1.69,0.26152333858029225,0.11127838717187018,0.21999999999994138,0.22
1.6912500000000001,0.2617983385802922,0.1113361828469253,0.22000000000002487,0.22
1.6925000000000001,0.26207333858029225,0.11139391710704719,0.22000000000002487,0.22
1.69375,0.2623483385802923,0.11145159005007511,0.21999999999998046,0.22
1.695,0.26262333858029224,0.11150920177364064,0.21999999999998046,0.22
1.69625,0.2628983385802922,0.11156675237516815,0.22000000000002487,0.22
1.6975,0.26317333858029224,0.11162424195187545,0.22000000000002487,0.22
1.69875,0.26344833858029226,0.11168167060077426,0.21999999999993605,0.22
1.7,0.2637233385802922,0.11173903841867074,0.21999999999998046,0.22
1.70125,0.26399833858029215,0.11179634550216618,0.2200000000000746,0.22
1.7025000000000001,0.2642733385802923,0.11185359194765739,0.21999999999998046,0.22
1.70375,0.26454833858029225,0.1119107778513372,0.21999999999993605,0.22
1.705,0.26482333858029217,0.11196790330919518,0.22000000000002487,0.22
1.70625,0.2650983385802922,0.1120249684170181,0.22000000000006928,0.22
1.7075,0.2653733385802923,0.11208197327039045,0.21999999999998046,0.22
1.70875,0.26564833858029224,0.11213891796469486,0.21999999999993605,0.22
1.71,0.26592333858029216,0.11219580259511283,0.22000000000002487,0.22
1.71125,0.2661983385802922,0.11225262725662523,0.2199999999999858,0.22
1.7125000000000001,0.2664733385802922,0.11230939204401269,0.22000000000002487,0.22
1.71375,0.26674833858029223,0.11236609705185624,0.22000000000002487,0.22
1.715,0.26702333858029226,0.11242274237453778,0.22000000000002487,0.22
1.71625,0.2672983385802923,0.11247932810624066,0.21999999999993605,0.22
1.7175,0.2675733385802922,0.11253585434095015,0.21999999999998046,0.22
1.71875,0.26784833858029217,0.11259232117245403,0.22000000000006928,0.22
1.72,0.26812333858029225,0.11264872869434304,0.22000000000002487,0.22
1.72125,0.2683983385802923,0.11270507700001137,0.21999999999989697,0.22
1.7225000000000001,0.2686733385802922,0.11276136618265722,0.22000000000002487,0.22
1.7237500000000001,0.2689483385802922,0.11281759633528346,0.22000000000006928,0.22
1.725,0.2692233385802923,0.11287376755069786,0.21999999999998046,0.22
1.72625,0.26949833858029226,0.11292987992151374,0.21999999999993605,0.22
1.7275,0.2697733385802922,0.1129859335401505,0.22000000000002487,0.22
1.72875,0.2700483385802922,0.11304192849883421,0.22000000000002487,0.22
1.73,0.2703233385802922,0.11309786488959786,0.21999999999998046,0.22
1.73125,0.2705983385802922,0.11315374280428211,0.21999999999998046,0.22
1.7325,0.27087333858029217,0.11320956233453566,0.2200000000000746,0.22
1.7337500000000001,0.2711483385802923,0.11326532357181583,0.21999999999993605,0.22
1.735,0.2714233385802922,0.11332102660738892,0.21999999999998046,0.22
1.73625,0.2716983385802922,0.11337667153233096,0.22000000000006928,0.22
1.7375,0.27197333858029227,0.11343225843752795,0.22000000000002487,0.22
1.73875,0.2722483385802923,0.11348778741367647,0.21999999999993605,0.22
1.74,0.2725233385802922,0.11354325855128415,0.21999999999993605,0.22
1.74125,0.2727983385802921,0.11359867194067022,0.22000000000006928,0.22
1.7425,0.2730733385802922,0.113654027671966,0.2200000000000302,0.22
1.7437500000000001,0.2733483385802923,0.11370932583511523,0.21999999999993605,0.22
1.745,0.2736233385802922,0.11376456651987465,0.22000000000002487,0.22
1.74625,0.2738983385802922,0.11381974981581466,0.22000000000002487,0.22
1.7475,0.27417333858029225,0.11387487581231955,0.21999999999998046,0.22
1.74875,0.2744483385802922,0.11392994459858805,0.21999999999998046,0.22
1.75,0.2747233385802922,0.11398495626363393,0.22000000000002487,0.22
1.75125,0.2749983385802922,0.11403991089628633,0.22000000000002487,0.22
1.7525,0.27527333858029224,0.11409480858519033,0.21999999999994138,0.22
1.7537500000000001,0.2755483385802922,0.1141496494188074,0.22000000000002487,0.22
1.7550000000000001,0.27582333858029223,0.11420443348541585,0.22000000000006928,0.22
1.75625,0.2760983385802923,0.11425916087311136,0.21999999999993605,0.22
1.7575,0.2763733385802922,0.11431383166980734,0.21999999999993605,0.22
1.75875,0.27664833858029214,0.11436844596323559,0.22000000000006928,0.22
1.76,0.2769233385802922,0.11442300384094664,0.22000000000006928,0.22
1.76125,0.2771983385802923,0.11447750539031015,0.21999999999993605,0.22
1.7625,0.2774733385802922,0.1145319506985155,0.21999999999993605,0.22
1.76375,0.27774833858029213,0.11458633985257227,0.2200000000000746,0.22
1.7650000000000001,0.27802333858029227,0.11464067293931066,0.21999999999998046,0.22
1.76625,0.27829833858029224,0.11469495004538181,0.21999999999998046,0.22
1.7675,0.2785733385802922,0.11474917125725854,0.22000000000002487,0.22
1.76875,0.27884833858029223,0.11480333666123561,0.22000000000002487,0.22
1.77,0.27912333858029226,0.1148574463434302,0.21999999999998046,0.22
1.77125,0.2793983385802922,0.11491150038978246,0.21999999999998046,0.22
1.7725,0.2796733385802922,0.11496549888605585,0.22000000000002487,0.22
1.77375,0.2799483385802922,0.11501944191783768,0.2199999999999858,0.22
1.7750000000000001,0.28022333858029225,0.11507332957053949,0.21999999999993605,0.22
1.77625,0.28049833858029216,0.11512716192939758,0.22000000000006928,0.22
1.7775,0.28077333858029224,0.11518093907947344,0.22000000000002487,0.22
1.77875,0.28104833858029227,0.11523466110565408,0.21999999999998046,0.22
1.78,0.28132333858029224,0.11528832809265267,0.21999999999993605,0.22
1.78125,0.28159833858029215,0.11534194012500881,0.22000000000002487,0.22
1.7825,0.2818733385802922,0.11539549728708916,0.22000000000006928,0.22
1.78375,0.28214833858029226,0.11544899966308768,0.21999999999994138,0.22
1.7850000000000001,0.2824233385802922,0.11550244733702617,0.22000000000002487,0.22
1.7862500000000001,0.28269833858029225,0.11555584039275475,0.22000000000002487,0.22
1.7875,0.2829733385802923,0.11560917891395224,0.21999999999993605,0.22
1.78875,0.2832483385802922,0.11566246298412658,0.22000000000002487,0.22
1.79,0.2835233385802922,0.1157156926866154,0.22000000000002487,0.22
1.79125,0.28379833858029224,0.1157688681045862,0.22000000000002487,0.22
1.7925,0.28407333858029227,0.11582198932103704,0.21999999999993605,0.22
1.79375,0.2843483385802922,0.11587505641879683,0.21999999999998046,0.22
1.795,0.28462333858029215,0.11592806948052584,0.2200000000000746,0.22
1.7962500000000001,0.2848983385802923,0.11598102858871605,0.21999999999998046,0.22
1.7975,0.28517333858029226,0.11603393382569156,0.21999999999993605,0.22
1.79875,0.28544833858029217,0.11608678527360917,0.22000000000002487,0.22
1.8,0.2857233385802922,0.11613958301445867,0.22000000000006928,0.22
1.80125,0.2859983385802923,0.11619232713006333,0.21999999999998046,0.22
1.8025,0.28627333858029225,0.11624501770208019,0.21999999999993605,0.22
1.80375,0.28654833858029216,0.11629765481200066,0.22000000000002487,0.22
1.805,0.2868233385802922,0.11635023854115091,0.2199999999999858,0.22
1.8062500000000001,0.2870983385802922,0.11640276897069216,0.21999999999998046,0.22
1.8075,0.2873733385802922,0.11645524618162122,0.22000000000006928,0.22
1.80875,0.28764833858029226,0.11650767025477088,0.22000000000002487,0.22
1.81,0.2879233385802923,0.11656004127081024,0.21999999999993605,0.22
1.81125,0.2881983385802922,0.11661235931024526,0.21999999999998046,0.22
1.8125,0.28847333858029217,0.11666462445341913,0.22000000000006928,0.22
1.81375,0.28874833858029225,0.11671683678051263,0.22000000000002487,0.22
1.815,0.2890233385802923,0.11676899637154453,0.21999999999989697,0.22
1.8162500000000001,0.2892983385802922,0.11682110330637208,0.22000000000002487,0.22
1.8175000000000001,0.2895733385802922,0.11687315766469139,0.22000000000006928,0.22
1.81875,0.2898483385802923,0.11692515952603783,0.21999999999998046,0.22
1.82,0.29012333858029227,0.11697710896978634,0.21999999999993605,0.22
1.82125,0.2903983385802922,0.11702900607515199,0.22000000000002487,0.22
1.8225,0.2906733385802922,0.11708085092119036,0.22000000000002487,0.22
1.82375,0.29094833858029223,0.1171326435867978,0.21999999999998046,0.22
1.825,0.2912233385802922,0.11718438415071199,0.21999999999998046,0.22
1.82625,0.29149833858029217,0.11723607269151223,0.2200000000000746,0.22
1.8275000000000001,0.2917733385802923,0.11728770928761996,0.21999999999993605,0.22
1.82875,0.2920483385802922,0.11733929401729892,0.21999999999998046,0.22
1.83,0.2923233385802922,0.11739082695865591,0.22000000000002487,0.22
1.83125,0.2925983385802922,0.11744230818964084,0.22000000000006928,0.22
1.8325,0.2928733385802923,0.11749373778804731,0.21999999999993605,0.22
1.83375,0.2931483385802922,0.1175451158315129,0.21999999999993605,0.22
1.835,0.2934233385802921,0.1175964423975197,0.22000000000006928,0.22
1.83625,0.2936983385802922,0.11764771756339458,0.2200000000000302,0.22
1.8375000000000001,0.2939733385802923,0.11769894140630961,0.21999999999993605,0.22
1.83875,0.2942483385802922,0.11775011400328236,0.22000000000002487,0.22
1.84,0.2945233385802922,0.11780123543117656,0.22000000000002487,0.22
1.84125,0.29479833858029225,0.11785230576670214,0.21999999999998046,0.22
1.8425,0.2950733385802922,0.11790332508641585,0.21999999999998046,0.22
1.84375,0.2953483385802922,0.11795429346672155,0.22000000000002487,0.22
1.845,0.2956233385802922,0.11800521098387061,0.22000000000002487,0.22
1.84625,0.29589833858029224,0.11805607771396226,0.21999999999994138,0.22
1.8475000000000001,0.2961733385802922,0.11810689373294406,0.22000000000002487,0.22
1.8487500000000001,0.29644833858029224,0.11815765911661213,0.22000000000006928,0.22
1.85,0.2967233385802923,0.11820837394061172,0.21999999999993605,0.22
1.85125,0.29699833858029223,0.11825903828043734,0.21999999999993605,0.22
1.8525,0.29727333858029215,0.11830965221143339,0.22000000000006928,0.22
1.85375,0.2975483385802922,0.1183602158087944,0.22000000000002487,0.22
1.855,0.29782333858029225,0.11841072914756536,0.21999999999998046,0.22
1.85625,0.2980983385802922,0.11846119230264217,0.21999999999993605,0.22
1.8575,0.29837333858029214,0.118511605348772,0.2200000000000746,0.22
1.8587500000000001,0.29864833858029227,0.11856196836055373,0.21999999999998046,0.22
1.86,0.29892333858029224,0.11861228141243806,0.21999999999998046,0.22
1.86125,0.2991983385802922,0.11866254457872819,0.22000000000002487,0.22
1.8625,0.29947333858029224,0.11871275793358,0.22000000000002487,0.22
1.86375,0.29974833858029226,0.11876292155100246,0.21999999999993605,0.22
1.865,0.3000233385802922,0.11881303550485803,0.22000000000002487,0.22
1.86625,0.3002983385802922,0.11886309986886301,0.22000000000002487,0.22
1.8675,0.3005733385802922,0.11891311471658776,0.2199999999999858,0.22
1.8687500000000001,0.30084833858029225,0.11896308012145733,0.21999999999993605,0.22
1.87,0.30112333858029217,0.11901299615675155,0.22000000000006928,0.22
1.87125,0.30139833858029225,0.11906286289560564,0.22000000000002487,0.22
1.8725,0.30167333858029227,0.1191126804110103,0.21999999999998046,0.22
1.87375,0.30194833858029224,0.11916244877581228,0.21999999999993605,0.22
1.875,0.30222333858029216,0.11921216806271462,0.22000000000002487,0.22
1.87625,0.3024983385802922,0.1192618383442771,0.22000000000006928,0.22
1.8775,0.30277333858029226,0.11931145969291652,0.21999999999994138,0.22
1.8787500000000001,0.30304833858029223,0.11936103218090699,0.22000000000002487,0.22
1.8800000000000001,0.30332333858029226,0.11941055588038044,0.22000000000002487,0.22
1.88125,0.3035983385802923,0.11946003086332685,0.21999999999993605,0.22
1.8825,0.3038733385802922,0.11950945720159463,0.21999999999998046,0.22
1.88375,0.30414833858029217,0.11955883496689103,0.22000000000006928,0.22
1.885,0.30442333858029225,0.11960816423078241,0.22000000000002487,0.22
1.88625,0.30469833858029227,0.11965744506469453,0.21999999999993605,0.22
1.8875,0.3049733385802922,0.11970667753991303,0.21999999999998046,0.22
1.88875,0.30524833858029216,0.11975586172758376,0.2200000000000746,0.22
1.8900000000000001,0.3055233385802923,0.11980499769871304,0.21999999999998046,0.22
1.89125,0.30579833858029226,0.11985408552416799,0.21999999999993605,0.22
1.8925,0.3060733385802922,0.11990312527467695,0.22000000000002487,0.22
1.89375,0.3063483385802922,0.11995211702082985,0.22000000000006928,0.22
1.895,0.3066233385802923,0.12000106083307845,0.21999999999998046,0.22
1.89625,0.30689833858029225,0.12004995678173665,0.21999999999993605,0.22
1.8975,0.30717333858029217,0.12009880493698097,0.22000000000002487,0.22
1.89875,0.3074483385802922,0.12014760536885082,0.2199999999999858,0.22
1.9000000000000001,0.3077233385802922,0.12019635814724876,0.21999999999998046,0.22
1.90125,0.3079983385802922,0.12024506334194096,0.22000000000006928,0.22
1.9025,0.30827333858029227,0.12029372102255743,0.22000000000002487,0.22
1.90375,0.3085483385802923,0.1203423312585924,0.21999999999993605,0.22
1.905,0.3088233385802922,0.1203908941194046,0.21999999999998046,0.22
1.90625,0.3090983385802922,0.12043940967421775,0.22000000000002487,0.22
1.9075,0.3093733385802922,0.12048787799212066,0.22000000000006928,0.22
1.90875,0.3096483385802923,0.12053629914206775,0.21999999999989697,0.22
1.9100000000000001,0.3099233385802922,0.12058467319287916,0.22000000000002487,0.22
1.9112500000000001,0.3101983385802922,0.1206330002132414,0.22000000000002487,0.22
1.9125,0.31047333858029225,0.12068128027170738,0.22000000000002487,0.22
1.91375,0.31074833858029227,0.12072951343669684,0.21999999999993605,0.22
1.915,0.3110233385802922,0.12077769977649667,0.22000000000002487,0.22
1.91625,0.3112983385802922,0.12082583935926129,0.22000000000002487,0.22
1.9175,0.31157333858029224,0.12087393225301289,0.21999999999998046,0.22
1.91875,0.3118483385802922,0.12092197852564177,0.21999999999998046,0.22
1.92,0.3121233385802922,0.12096997824490667,0.2200000000000746,0.22
1.9212500000000001,0.3123983385802923,0.12101793147843512,0.21999999999993605,0.22
1.9225,0.3126733385802922,0.12106583829372362,0.21999999999998046,0.22
1.92375,0.3129483385802922,0.12111369875813821,0.22000000000002487,0.22
1.925,0.3132233385802922,0.12116151293891456,0.22000000000006928,0.22
1.92625,0.3134983385802923,0.12120928090315836,0.21999999999993605,0.22
1.9275,0.3137733385802922,0.12125700271784559,0.21999999999993605,0.22
1.92875,0.31404833858029213,0.12130467844982297,0.22000000000006928,0.22
1.93,0.3143233385802922,0.1213523081658082,0.2199999999999858,0.22
1.9312500000000001,0.31459833858029224,0.12139989193239012,0.21999999999998046,0.22
1.9325,0.3148733385802922,0.12144742981602924,0.22000000000002487,0.22
1.93375,0.31514833858029223,0.12149492188305797,0.22000000000002487,0.22
1.935,0.31542333858029226,0.12154236819968087,0.21999999999998046,0.22
1.93625,0.3156983385802922,0.12158976883197506,0.21999999999998046,0.22
1.9375,0.3159733385802922,0.12163712384589044,0.22000000000002487,0.22
1.93875,0.3162483385802922,0.12168443330725005,0.22000000000002487,0.22
1.94,0.31652333858029225,0.12173169728175035,0.21999999999989697,0.22
1.9412500000000001,0.31679833858029216,0.12177891583496149,0.22000000000006928,0.22
1.9425000000000001,0.31707333858029224,0.12182608903232778,0.22000000000006928,0.22
1.94375,0.3173483385802923,0.12187321693916771,0.21999999999993605,0.22
1.945,0.31762333858029224,0.12192029962067444,0.21999999999993605,0.22
1.94625,0.31789833858029215,0.12196733714191614,0.22000000000006928,0.22
1.9475,0.31817333858029223,0.12201432956783623,0.22000000000002487,0.22
1.94875,0.31844833858029226,0.12206127696325353,0.21999999999998046,0.22
1.95,0.3187233385802922,0.12210817939286281,0.2199999999999858,0.22
1.9512500000000002,0.31899833858029225,0.12215503692123494,0.22000000000002487,0.22
1.9525000000000001,0.3192733385802923,0.12220184961281723,0.21999999999998046,0.22
1.95375,0.31954833858029225,0.12224861753193367,0.21999999999998046,0.22
1.955,0.3198233385802922,0.12229534074278531,0.22000000000002487,0.22
1.95625,0.32009833858029224,0.1223420193094505,0.22000000000002487,0.22
1.9575,0.32037333858029227,0.12238865329588519,0.21999999999993605,0.22
1.95875,0.3206483385802922,0.12243524276592321,0.21999999999998046,0.22
1.96,0.32092333858029215,0.12248178778327663,0.22000000000006928,0.22
1.96125,0.32119833858029223,0.12252828841153598,0.2199999999999858,0.22
1.9625000000000001,0.32147333858029226,0.12257474471417049,0.21999999999993605,0.22
1.96375,0.32174833858029217,0.1226211567545285,0.22000000000002487,0.22
1.965,0.3220233385802922,0.12266752459583773,0.22000000000006928,0.22
1.96625,0.3222983385802923,0.1227138483012055,0.21999999999998046,0.22
1.9675,0.32257333858029225,0.12276012793361901,0.21999999999993605,0.22
1.96875,0.32284833858029216,0.12280636355594567,0.22000000000002487,0.22
1.97,0.3231233385802922,0.12285255523093347,0.22000000000006928,0.22
1.97125,0.32339833858029227,0.1228987030212111,0.21999999999994138,0.22
1.9725000000000001,0.32367333858029224,0.12294480698928825,0.22000000000002487,0.22
1.9737500000000001,0.32394833858029226,0.12299086719755606,0.22000000000002487,0.22
1.975,0.3242233385802923,0.1230368837082872,0.21999999999993605,0.22
1.97625,0.3244983385802922,0.1230828565836363,0.21999999999998046,0.22
1.9775,0.32477333858029217,0.12312878588564015,0.22000000000006928,0.22
1.97875,0.32504833858029225,0.123174671676218,0.22000000000002487,0.22
1.98,0.3253233385802923,0.12322051401717178,0.21999999999993605,0.22
1.98125,0.3255983385802922,0.1232663129701865,0.2199999999999858,0.22
1.9825000000000002,0.3258733385802922,0.12331206859683048,0.22000000000006928,0.22
1.9837500000000001,0.3261483385802923,0.12335778095855555,0.21999999999998046,0.22
1.985,0.32642333858029227,0.1234034501166974,0.21999999999993605,0.22
1.98625,0.3266983385802922,0.1234490761324758,0.22000000000002487,0.22
1.9875,0.3269733385802922,0.123494659066995,0.22000000000002487,0.22
1.98875,0.32724833858029223,0.12354019898124383,0.22000000000002487,0.22
1.99,0.32752333858029226,0.12358569593609611,0.21999999999993605,0.22
1.99125,0.32779833858029217,0.12363114999231078,0.22000000000002487,0.22
1.9925,0.3280733385802922,0.12367656121053237,0.2199999999999858,0.22
1.9937500000000001,0.3283483385802922,0.12372192965129108,0.21999999999998046,0.22
1.995,0.3286233385802922,0.12376725537500316,0.22000000000006928,0.22
1.99625,0.32889833858029227,0.12381253844197111,0.22000000000002487,0.22
1.9975,0.3291733385802923,0.12385777891238398,0.21999999999993605,0.22
1.99875,0.3294483385802922,0.12390297684631765,0.21999999999998046,0.22
2.0,0.3297233385802922,0.12394813230373512,0.2200000000000746,0.22
2.00125,0.3299983385802923,0.12399324534448672,0.22000000000001954,0.22
2.0025,0.3302733385802923,0.12403831602831031,0.21999999999989697,0.22
2.00375,0.3305483385802922,0.12408334441483172,0.21999999999997513,0.22
2.005,0.3308233385802921,0.12412833056356488,0.2200000000000746,0.22
2.00625,0.33109833858029225,0.1241732745339122,0.22000000000001954,0.22
2.0075,0.3313733385802922,0.12421817638516462,0.21999999999994138,0.22
2.00875,0.3316483385802922,0.12426303617650208,0.2200000000000746,0.22
2.0100000000000002,0.3319233385802923,0.12430785396699372,0.21999999999997513,0.22
2.01125,0.33219833858029224,0.12435262981559803,0.21999999999994138,0.22
2.0125,0.3324733385802922,0.12439736378116331,0.22000000000001954,0.22
2.01375,0.3327483385802922,0.12444205592242777,0.2200000000000746,0.22
2.015,0.3330233385802923,0.12448670629801986,0.21999999999997513,0.22
2.01625,0.33329833858029223,0.12453131496645842,0.21999999999989697,0.22
2.0175,0.33357333858029214,0.1245758819861531,0.22000000000006395,0.22
2.01875,0.33384833858029217,0.12462040741540459,0.2200000000000746,0.22
2.02,0.3341233385802923,0.12466489131240469,0.21999999999989697,0.22
2.02125,0.3343983385802922,0.12470933373523668,0.21999999999997513,0.22
2.0225,0.33467333858029213,0.1247537347418757,0.2200000000000746,0.22
2.02375,0.33494833858029227,0.12479809439018887,0.22000000000001954,0.22
2.025,0.33522333858029224,0.12484241273793545,0.21999999999994138,0.22
2.02625,0.3354983385802922,0.1248866898427673,0.21999999999997513,0.22
2.0275,0.3357733385802921,0.12493092576222896,0.2200000000000746,0.22
2.02875,0.33604833858029226,0.12497512055375806,0.21999999999994138,0.22
2.0300000000000002,0.33632333858029223,0.12501927427468534,0.22000000000001954,0.22
2.03125,0.3365983385802922,0.12506338698223518,0.2200000000000746,0.22
2.0325,0.33687333858029234,0.12510745873352558,0.21999999999997513,0.22
2.03375,0.33714833858029225,0.12515148958556857,0.21999999999989697,0.22
2.035,0.33742333858029216,0.12519547959527044,0.22000000000001954,0.22
2.03625,0.33769833858029213,0.12523942881943195,0.22000000000011902,0.22
2.0375,0.3379733385802923,0.1252833373147486,0.21999999999997513,0.22
2.03875,0.33824833858029224,0.12532720513781073,0.21999999999989697,0.22
2.04,0.33852333858029215,0.12537103234510402,0.2200000000000746,0.22
2.0412500000000002,0.3387983385802923,0.12541481899300966,0.22000000000001954,0.22
2.0425,0.33907333858029226,0.12545856513780432,0.21999999999994138,0.22
2.04375,0.33934833858029223,0.1255022708356608,0.21999999999997513,0.22
2.045,0.33962333858029214,0.12554593614264795,0.2200000000000746,0.22
2.04625,0.3398983385802923,0.12558956111473113,0.22000000000001954,0.22
2.0475,0.34017333858029225,0.1256331458077723,0.21999999999994138,0.22
2.04875,0.3404483385802922,0.1256766902775303,0.21999999999997513,0.22
2.05,0.34072333858029213,0.12572019457966116,0.2200000000000746,0.22
2.05125,0.34099833858029227,0.12576365876971826,0.21999999999989697,0.22
2.0525,0.3412733385802922,0.12580708290315248,0.22000000000001954,0.22
2.05375,0.34154833858029215,0.1258504670353127,0.2200000000000746,0.22
2.055,0.3418233385802923,0.1258938112214458,0.22000000000001954,0.22
2.05625,0.34209833858029226,0.12593711551669692,0.21999999999989697,0.22
2.0575,0.3423733385802922,0.1259803799761098,0.22000000000001954,0.22
2.05875,0.34264833858029214,0.126023604654627,0.2200000000000746,0.22
2.06,0.3429233385802923,0.12606678960709006,0.21999999999994138,0.22
2.0612500000000002,0.34319833858029225,0.12610993488823963,0.21999999999997513,0.22
2.0625,0.34347333858029216,0.126153040552716,0.2200000000000746,0.22
2.06375,0.3437483385802923,0.12619610665505915,0.21999999999997513,0.22
2.065,0.3440233385802922,0.12623913324970884,0.2199999999999858,0.22
2.06625,0.34429833858029224,0.12628212039100525,0.21999999999997513,0.22
2.0675,0.34457333858029215,0.12632506813318867,0.2200000000000746,0.22
2.06875,0.3448483385802923,0.12636797653040022,0.21999999999997513,0.22
2.07,0.3451233385802922,0.1264108456366817,0.21999999999994138,0.22
2.07125,0.3453983385802922,0.1264536755059762,0.2200000000000746,0.22
2.0725000000000002,0.3456733385802923,0.1264964661921279,0.22000000000001954,0.22
2.07375,0.3459483385802923,0.12653921774888258,0.21999999999989697,0.22
2.075,0.3462233385802922,0.12658193022988778,0.22000000000001954,0.22
2.07625,0.34649833858029216,0.12662460368869308,0.2200000000000746,0.22
2.0775,0.3467733385802923,0.12666723817875014,0.22000000000001954,0.22
2.07875,0.34704833858029227,0.12670983375341308,0.21999999999989697,0.22
2.08,0.3473233385802922,0.12675239046593867,0.21999999999997513,0.22
2.08125,0.3475983385802921,0.1267949083694866,0.2200000000000746,0.22
2.0825,0.34787333858029224,0.1268373875171196,0.21999999999994138,0.22
2.08375,0.3481483385802922,0.1268798279618037,0.22000000000001954,0.22
2.085,0.3484233385802922,0.12692222975640846,0.2200000000000746,0.22
2.08625,0.3486983385802923,0.1269645929537072,0.21999999999997513,0.22
2.0875,0.3489733385802922,0.1270069176063772,0.21999999999994138,0.22
2.08875,0.3492483385802922,0.12704920376699996,0.22000000000001954,0.22
2.09,0.34952333858029216,0.12709145148806134,0.2200000000000746,0.22
2.09125,0.3497983385802923,0.12713366082195182,0.21999999999989697,0.22
2.0925000000000002,0.3500733385802922,0.12717583182096673,0.21999999999997513,0.22
2.09375,0.35034833858029213,0.12721796453730647,0.22000000000011902,0.22
2.095,0.3506233385802923,0.12726005902307674,0.22000000000001954,0.22
2.09625,0.3508983385802923,0.1273021153302886,0.21999999999989697,0.22
2.0975,0.3511733385802922,0.12734413351085888,0.21999999999997513,0.22
2.09875,0.3514483385802921,0.12738611361661034,0.2200000000000746,0.22
2.1,0.35172333858029226,0.12742805569927193,0.22000000000001954,0.22
2.10125,0.3519983385802922,0.12746995981047876,0.21999999999994138,0.22
2.1025,0.3522733385802922,0.12751182600177263,0.2200000000000746,0.22
2.1037500000000002,0.35254833858029233,0.12755365432460206,0.21999999999997513,0.22
2.105,0.35282333858029225,0.12759544483032245,0.21999999999994138,0.22
2.10625,0.3530983385802922,0.12763719757019656,0.22000000000001954,0.22
2.1075,0.3533733385802922,0.1276789125953944,0.2200000000000746,0.22
2.10875,0.3536483385802923,0.12772058995699367,0.21999999999997513,0.22
2.11,0.35392333858029223,0.12776222970597978,0.21999999999989697,0.22
2.11125,0.35419833858029215,0.1278038318932462,0.22000000000001954,0.22
2.1125,0.3544733385802921,0.12784539656959468,0.22000000000011902,0.22
2.11375,0.3547483385802923,0.12788692378573538,0.21999999999989697,0.22
2.115,0.3550233385802922,0.12792841359228693,0.21999999999997513,0.22
2.11625,0.35529833858029214,0.12796986603977706,0.2200000000000746,0.22
2.1175,0.3555733385802923,0.1280112811786424,0.22000000000001954,0.22
2.11875,0.35584833858029224,0.12805265905922883,0.21999999999994138,0.22
2.12,0.3561233385802922,0.12809399973179175,0.21999999999997513,0.22
2.12125,0.35639833858029213,0.12813530324649614,0.2200000000000746,0.22
2.1225,0.35667333858029227,0.12817656965341692,0.21999999999994138,0.22
2.1237500000000002,0.35694833858029223,0.12821779900253902,0.22000000000001954,0.22
2.125,0.3572233385802922,0.12825899134375765,0.2200000000000746,0.22
2.12625,0.35749833858029234,0.1283001467268785,0.21999999999997513,0.22
2.1275,0.35777333858029225,0.12834126520161787,0.21999999999989697,0.22
2.12875,0.35804833858029217,0.12838234681760302,0.22000000000001954,0.22
2.13,0.35832333858029214,0.12842339162437227,0.2200000000000746,0.22
2.13125,0.3585983385802923,0.12846439967137513,0.22000000000001954,0.22
2.1325,0.35887333858029224,0.12850537100797263,0.21999999999989697,0.22
2.13375,0.35914833858029216,0.1285463056834374,0.2200000000000746,0.22
2.1350000000000002,0.3594233385802923,0.12858720374695404,0.22000000000001954,0.22
2.13625,0.35969833858029227,0.12862806524761913,0.21999999999994138,0.22
2.1375,0.35997333858029223,0.12866889023444153,0.21999999999997513,0.22
2.13875,0.36024833858029215,0.1287096787563425,0.2200000000000746,0.22
2.14,0.3605233385802923,0.1287504308621561,0.21999999999997513,0.22
2.14125,0.3607983385802922,0.128791146600629,0.2199999999999858,0.22
2.1425,0.3610733385802922,0.1288318260204211,0.2200000000000746,0.22
2.1437500000000003,0.36134833858029236,0.12887246917010542,0.21999999999997513,0.22
2.145,0.3616233385802923,0.12891307609816843,0.21999999999989697,0.22
2.14625,0.3618983385802922,0.12895364685301022,0.22000000000001954,0.22
2.1475,0.36217333858029216,0.12899418148294475,0.2200000000000746,0.22
2.14875,0.3624483385802923,0.1290346800361999,0.22000000000001954,0.22
2.15,0.36272333858029226,0.12907514256091773,0.21999999999989697,0.22
2.15125,0.3629983385802922,0.12911556910515468,0.22000000000001954,0.22
2.1525,0.36327333858029215,0.12915595971688185,0.2200000000000746,0.22
2.15375,0.3635483385802923,0.12919631444398505,0.21999999999994138,0.22
2.1550000000000002,0.36382333858029225,0.12923663333426502,0.21999999999997513,0.22
2.15625,0.36409833858029217,0.1292769164354376,0.2200000000000746,0.22
2.1575,0.3643733385802923,0.12931716379513408,0.21999999999997513,0.22
2.15875,0.3646483385802922,0.12935737546090118,0.21999999999994138,0.22
2.16,0.3649233385802922,0.1293975514802013,0.22000000000001954,0.22
2.16125,0.36519833858029216,0.12943769190041282,0.2200000000000746,0.22
2.1625,0.3654733385802923,0.12947779676883014,0.21999999999997513,0.22
2.16375,0.3657483385802922,0.12951786613266386,0.21999999999994138,0.22
2.165,0.3660233385802922,0.12955790003904116,0.2200000000000746,0.22
2.1662500000000002,0.3662983385802923,0.12959789853500578,0.22000000000001954,0.22
2.1675,0.3665733385802923,0.12963786166751823,0.21999999999989697,0.22
2.16875,0.3668483385802922,0.12967778948345607,0.21999999999997513,0.22
2.17,0.3671233385802921,0.12971768202961406,0.22000000000011902,0.22
2.17125,0.3673983385802923,0.12975753935270434,0.22000000000001954,0.22
2.1725,0.3676733385802923,0.12979736149935653,0.21999999999989697,0.22
2.17375,0.3679483385802922,0.12983714851611794,0.2200000000000746,0.22
2.1750000000000003,0.3682233385802923,0.129876900449454,0.21999999999997513,0.22
2.17625,0.36849833858029224,0.12991661734574797,0.21999999999994138,0.22
2.1775,0.3687733385802922,0.1299562992513016,0.22000000000001954,0.22
2.17875,0.3690483385802922,0.1299959462123349,0.2200000000000746,0.22
2.18,0.3693233385802923,0.13003555827498672,0.21999999999997513,0.22
2.18125,0.36959833858029223,0.13007513548531452,0.21999999999994138,0.22
2.1825,0.3698733385802922,0.1301146778892949,0.22000000000001954,0.22
2.18375,0.37014833858029217,0.1301541855328235,0.2200000000000746,0.22
2.185,0.3704233385802923,0.13019365846171546,0.21999999999989697,0.22
2.1862500000000002,0.3706983385802922,0.13023309672170527,0.21999999999997513,0.22
2.1875,0.37097333858029213,0.1302725003584472,0.2200000000000746,0.22
2.18875,0.37124833858029227,0.1303118694175155,0.22000000000006395,0.22
2.19,0.3715233385802923,0.13035120394440428,0.21999999999989697,0.22
2.19125,0.3717983385802922,0.13039050398452792,0.21999999999997513,0.22
2.1925,0.3720733385802921,0.1304297695832213,0.2200000000000746,0.22
2.19375,0.37234833858029226,0.13046900078573986,0.22000000000001954,0.22
2.195,0.37262333858029223,0.13050819763725965,0.21999999999994138,0.22
2.19625,0.3728983385802922,0.1305473601828778,0.2200000000000746,0.22
2.1975000000000002,0.37317333858029234,0.13058648846761245,0.21999999999997513,0.22
2.19875,0.37344833858029225,0.130625582536403,0.21999999999994138,0.22
2.2,0.3737233385802922,0.13066464243411036,0.22000000000001954,0.22
2.20125,0.3739983385802922,0.130703668205517,0.2200000000000746,0.22
2.2025,0.3742733385802923,0.13074265989532716,0.21999999999997513,0.22
2.20375,0.37454833858029224,0.13078161754816703,0.21999999999989697,0.22
2.205,0.37482333858029215,0.13082054120858497,0.2200000000000746,0.22
2.2062500000000003,0.3750983385802923,0.13085943092105168,0.22000000000001954,0.22
2.2075,0.37537333858029226,0.13089828672996015,0.21999999999994138,0.22
2.20875,0.37564833858029223,0.13093710867962613,0.21999999999997513,0.22
2.21,0.37592333858029214,0.13097589681428815,0.2200000000000746,0.22
2.21125,0.3761983385802923,0.1310146511781077,0.22000000000001954,0.22
2.2125,0.37647333858029225,0.1310533718151694,0.21999999999994138,0.22
2.21375,0.3767483385802922,0.13109205876948116,0.21999999999997513,0.22
2.215,0.37702333858029213,0.1311307120849744,0.2200000000000746,0.22
2.21625,0.37729833858029227,0.13116933180550414,0.21999999999989697,0.22
2.2175000000000002,0.3775733385802922,0.1312079179748492,0.22000000000006395,0.22
2.21875,0.3778483385802922,0.1312464706367124,0.2200000000000746,0.22
2.22,0.37812333858029235,0.1312849898347207,0.21999999999997513,0.22
2.22125,0.37839833858029226,0.13132347561242522,0.21999999999989697,0.22
2.2225,0.3786733385802922,0.1313619280133017,0.22000000000001954,0.22
2.22375,0.37894833858029214,0.13140034708075052,0.2200000000000746,0.22
2.225,0.3792233385802923,0.1314387328580967,0.22000000000001954,0.22
2.22625,0.37949833858029225,0.13147708538859032,0.21999999999989697,0.22
2.2275,0.37977333858029216,0.1315154047154065,0.2200000000000746,0.22
2.2287500000000002,0.3800483385802923,0.13155369088164573,0.22000000000001954,0.22
2.23,0.38032333858029227,0.13159194393033383,0.21999999999989697,0.22
2.23125,0.3805983385802922,0.13163016390442228,0.22000000000001954,0.22
2.2325,0.38087333858029215,0.13166835084678832,0.2200000000000746,0.22
2.23375,0.3811483385802923,0.13170650480023513,0.22000000000001954,0.22
2.235,0.38142333858029226,0.13174462580749188,0.21999999999989697,0.22
2.23625,0.3816983385802922,0.13178271391121402,0.2200000000000746,0.22
2.2375000000000003,0.3819733385802923,0.13182076915398347,0.22000000000001954,0.22
2.23875,0.3822483385802923,0.1318587915783086,0.21999999999989697,0.22
2.24,0.3825233385802922,0.13189678122662454,0.22000000000001954,0.22
2.24125,0.38279833858029216,0.1319347381412933,0.2200000000000746,0.22
2.2425,0.3830733385802923,0.13197266236460395,0.22000000000001954,0.22
2.24375,0.38334833858029227,0.13201055393877262,0.21999999999989697,0.22
2.245,0.3836233385802922,0.1320484129059429,0.22000000000001954,0.22
2.24625,0.38389833858029215,0.1320862393081859,0.2200000000000746,0.22
2.2475,0.3841733385802923,0.13212403318750027,0.21999999999989697,0.22
2.2487500000000002,0.3844483385802922,0.13216179458581254,0.22000000000001954,0.22
2.25,0.3847233385802922,0.13219952354497724,0.2200000000000746,0.22
2.25125,0.3849983385802923,0.13223722010677696,0.22000000000001954,0.22
2.2525,0.3852733385802923,0.13227488431292259,0.21999999999989697,0.22
2.25375,0.3855483385802922,0.13231251620505338,0.22000000000001954,0.22
2.255,0.38582333858029216,0.13235011582473732,0.2200000000000746,0.22
2.25625,0.3860983385802923,0.132387683213471,0.21999999999997513,0.22
2.2575,0.3863733385802922,0.13242521841267987,0.21999999999994138,0.22
2.25875,0.3866483385802922,0.1324627214637186,0.2200000000000746,0.22
2.2600000000000002,0.3869233385802923,0.13250019240787086,0.22000000000001954,0.22
2.26125,0.3871983385802923,0.13253763128634977,0.21999999999989697,0.22
2.2625,0.3874733385802922,0.1325750381402979,0.22000000000001954,0.22
2.26375,0.3877483385802922,0.13261241301078747,0.2200000000000746,0.22
2.265,0.3880233385802923,0.13264975593882053,0.21999999999997513,0.22
2.26625,0.3882983385802922,0.13268706696532903,0.21999999999994138,0.22
2.2675,0.3885733385802922,0.13272434613117506,0.2200000000000746,0.22
2.2687500000000003,0.38884833858029233,0.1327615934771509,0.21999999999997513,0.22
2.27,0.38912333858029224,0.13279880904397925,0.21999999999994138,0.22
2.27125,0.3893983385802922,0.1328359928723134,0.22000000000001954,0.22
2.2725,0.3896733385802922,0.13287314500273723,0.2200000000000746,0.22
2.27375,0.3899483385802923,0.1329102654757655,0.21999999999997513,0.22
2.275,0.39022333858029223,0.132947354331844,0.21999999999994138,0.22
2.27625,0.3904983385802922,0.13298441161134958,0.21999999999997513,0.22
2.2775,0.3907733385802921,0.1330214373545904,0.2200000000000746,0.22
2.27875,0.39104833858029225,0.1330584316018061,0.21999999999994138,0.22
2.2800000000000002,0.3913233385802922,0.13309539439316778,0.22000000000001954,0.22
2.28125,0.3915983385802922,0.13313232576877831,0.2200000000000746,0.22
2.2825,0.39187333858029233,0.13316922576867246,0.21999999999997513,0.22
2.28375,0.39214833858029224,0.1332060944328169,0.21999999999994138,0.22
2.285,0.3924233385802922,0.13324293180111052,0.21999999999997513,0.22
2.28625,0.39269833858029213,0.13327973791338452,0.2200000000000746,0.22
2.2875,0.39297333858029226,0.13331651280940252,0.22000000000001954,0.22
2.28875,0.39324833858029223,0.13335325652886065,0.21999999999994138,0.22
2.29,0.3935233385802922,0.1333899691113879,0.2200000000000746,0.22
2.2912500000000002,0.39379833858029234,0.13342665059654601,0.21999999999997513,0.22
2.2925,0.39407333858029225,0.13346330102382972,0.21999999999994138,0.22
2.29375,0.3943483385802922,0.133499920432667,0.21999999999997513,0.22
2.295,0.39462333858029214,0.13353650886241908,0.2200000000000746,0.22
2.29625,0.3948983385802923,0.13357306635238064,0.22000000000001954,0.22
2.2975,0.39517333858029224,0.13360959294177982,0.21999999999989697,0.22
2.29875,0.39544833858029216,0.1336460886697786,0.22000000000011902,0.22
2.3000000000000003,0.39572333858029235,0.13368255357547282,0.21999999999997513,0.22
2.30125,0.39599833858029226,0.13371898769789214,0.21999999999994138,0.22
2.3025,0.39627333858029223,0.13375539107600057,0.21999999999997513,0.22
2.30375,0.39654833858029215,0.13379176374869625,0.2200000000000746,0.22
2.305,0.3968233385802923,0.1338281057548118,0.22000000000001954,0.22
2.30625,0.39709833858029225,0.1338644171331143,0.21999999999989697,0.22
2.3075,0.39737333858029217,0.13390069792230558,0.22000000000001954,0.22
2.30875,0.39764833858029214,0.13393694816102233,0.2200000000000746,0.22
2.31,0.3979233385802923,0.13397316788783611,0.21999999999994138,0.22
2.3112500000000002,0.39819833858029224,0.13400935714125362,0.21999999999997513,0.22
2.3125,0.39847333858029216,0.13404551595971678,0.2200000000000746,0.22
2.31375,0.3987483385802923,0.13408164438160292,0.22000000000001954,0.22
2.315,0.39902333858029226,0.13411774244522479,0.21999999999989697,0.22
2.31625,0.3992983385802922,0.13415381018883082,0.22000000000001954,0.22
2.3175,0.39957333858029215,0.1341898476506053,0.2200000000000746,0.22
2.31875,0.3998483385802923,0.13422585486866828,0.22000000000001954,0.22
2.32,0.40012333858029225,0.13426183188107596,0.21999999999989697,0.22
2.32125,0.40039833858029217,0.1342977787258207,0.2200000000000746,0.22
2.3225000000000002,0.4006733385802923,0.13433369544083112,0.22000000000001954,0.22
2.32375,0.4009483385802923,0.13436958206397231,0.21999999999989697,0.22
2.325,0.4012233385802922,0.134405438633046,0.22000000000001954,0.22
2.32625,0.40149833858029216,0.13444126518579053,0.2200000000000746,0.22
2.3275,0.4017733385802923,0.1344770617598812,0.22000000000001954,0.22
2.32875,0.40204833858029226,0.13451282839293016,0.21999999999989697,0.22
2.33,0.4023233385802922,0.1345485651224867,0.2200000000000746,0.22
2.3312500000000003,0.4025983385802923,0.13458427198603745,0.22000000000001954,0.22
2.3325,0.4028733385802923,0.1346199490210063,0.21999999999989697,0.22
2.33375,0.4031483385802922,0.13465559626475462,0.22000000000001954,0.22
2.335,0.40342333858029217,0.13469121375458154,0.2200000000000746,0.22
2.33625,0.4036983385802923,0.13472680152772387,0.22000000000001954,0.22
2.3375,0.4039733385802923,0.13476235962135627,0.21999999999989697,0.22
2.33875,0.4042483385802922,0.13479788807259147,0.22000000000001954,0.22
2.34,0.40452333858029216,0.13483338691848037,0.2200000000000746,0.22
2.34125,0.4047983385802923,0.1348688561960121,0.21999999999989697,0.22
2.3425000000000002,0.4050733385802922,0.13490429594211423,0.22000000000001954,0.22
2.34375,0.4053483385802922,0.13493970619365286,0.2200000000000746,0.22
2.345,0.4056233385802923,0.13497508698743274,0.21999999999997513,0.22
2.34625,0.40589833858029223,0.13501043836019738,0.21999999999994138,0.22
2.3475,0.4061733385802922,0.13504576034862928,0.22000000000001954,0.22
2.34875,0.40644833858029217,0.13508105298934994,0.2276542599303077,0.22
2.35,0.4067329064052051,0.13511949481677046,0.2400000000000213,0.24
2.35125,0.40703290640520506,0.135163029278511,0.23999999999989163,0.24
2.3525,0.407332906405205,0.13520652761412894,0.24000000000011368,0.24
2.3537500000000002,0.40763290640520516,0.13524998986857337,0.2399999999999769,0.24
2.355,0.4079329064052051,0.13529341608671877,0.23999999999993604,0.24
2.35625,0.40823290640520504,0.13533680631336534,0.2399999999999769,0.24
2.3575,0.40853290640520495,0.13538016059323896,0.24000000000011368,0.24
2.35875,0.40883290640520514,0.13542347897099147,0.2399999999999769,0.24
2.36,0.40913290640520505,0.13546676149120077,0.23999999999993604,0.24
2.36125,0.409432906405205,0.13551000819837097,0.24000000000006927,0.24
2.3625000000000003,0.40973290640520516,0.1355532191369327,0.2400000000000213,0.24
2.36375,0.4100329064052051,0.1355963943512429,0.23999999999989163,0.24
2.365,0.41033290640520503,0.13563953388558536,0.2400000000000213,0.24
2.36625,0.410632906405205,0.13568263778417067,0.24000000000006927,0.24
2.3675,0.41093290640520513,0.13572570609113643,0.2400000000000213,0.24
2.36875,0.4112329064052051,0.13576873885054733,0.23999999999989163,0.24
2.37,0.411532906405205,0.13581173610639533,0.2400000000000213,0.24
2.37125,0.411832906405205,0.1358546979025999,0.24000000000006927,0.24
2.3725,0.4121329064052051,0.13589762428300814,0.23999999999993604,0.24
2.3737500000000002,0.4124329064052051,0.13594051529139473,0.2399999999999769,0.24
2.375,0.412732906405205,0.13598337097146235,0.24000000000006927,0.24
2.37625,0.4130329064052051,0.13602619136684174,0.2400000000000213,0.24
2.3775,0.4133329064052051,0.13606897652109173,0.23999999999989163,0.24
2.37875,0.413632906405205,0.13611172647769954,0.2400000000000213,0.24
2.38,0.41393290640520497,0.13615444128008086,0.24000000000006927,0.24
2.38125,0.4142329064052051,0.13619712097158002,0.2400000000000213,0.24
2.3825,0.41453290640520507,0.1362397655954701,0.23999999999989163,0.24
2.38375,0.414832906405205,0.13628237519495306,0.24000000000011368,0.24
2.3850000000000002,0.41513290640520517,0.1363249498131601,0.2399999999999769,0.24
2.38625,0.4154329064052051,0.13636748949315133,0.23999999999993604,0.24
2.3875,0.41573290640520505,0.13640999427791653,0.2399999999999769,0.24
2.38875,0.41603290640520496,0.13645246421037474,0.24000000000011368,0.24
2.39,0.41633290640520515,0.13649489933337483,0.2399999999999769,0.24
2.39125,0.41663290640520506,0.1365372996896953,0.23999999999993604,0.24
2.3925,0.41693290640520503,0.13657966532204469,0.24000000000006927,0.24
2.3937500000000003,0.41723290640520516,0.13662199627306154,0.2400000000000213,0.24
2.395,0.41753290640520513,0.1366642925853147,0.23999999999989163,0.24
2.39625,0.41783290640520504,0.1367065543013033,0.2400000000000213,0.24
2.3975,0.418132906405205,0.13674878146345698,0.24000000000006927,0.24
2.39875,0.41843290640520514,0.13679097411413613,0.2399999999999769,0.24
2.4,0.41873290640520505,0.13683313229563177,0.23999999999993604,0.24
2.40125,0.419032906405205,0.13687525605016596,0.2399999999999769,0.24
2.4025,0.41933290640520493,0.13691734541989176,0.24000000000011368,0.24
2.40375,0.4196329064052051,0.1369594004468936,0.23999999999989163,0.24
2.4050000000000002,0.41993290640520503,0.13700142117318695,0.2400000000000213,0.24
2.40625,0.420232906405205,0.1370434076407191,0.24000000000006927,0.24
2.4075,0.42053290640520513,0.1370853598913688,0.2400000000000213,0.24
2.40875,0.4208329064052051,0.13712727796694657,0.23999999999989163,0.24
2.41,0.421132906405205,0.13716916190919487,0.2400000000000213,0.24
2.41125,0.421432906405205,0.13721101175978823,0.24000000000006927,0.24
2.4125,0.4217329064052051,0.13725282756033333,0.2400000000000213,0.24
2.41375,0.4220329064052051,0.13729460935236917,0.23999999999989163,0.24
2.415,0.422332906405205,0.13733635717736722,0.24000000000011368,0.24
2.4162500000000002,0.4226329064052052,0.1373780710767316,0.2399999999999769,0.24
2.4175,0.4229329064052051,0.13741975109179907,0.23999999999993604,0.24
2.41875,0.42323290640520506,0.13746139726383932,0.2399999999999769,0.24
2.42,0.42353290640520497,0.13750300963405498,0.24000000000006927,0.24
2.42125,0.4238329064052051,0.137544588243582,0.2400000000000213,0.24
2.4225,0.42413290640520507,0.13758613313348939,0.23999999999993604,0.24
2.42375,0.42443290640520503,0.1376276443447797,0.24000000000006927,0.24
2.4250000000000003,0.42473290640520517,0.137669121918389,0.2399999999999769,0.24
2.42625,0.4250329064052051,0.13771056589518704,0.23999999999993604,0.24
2.4275,0.42533290640520505,0.1377519763159774,0.2399999999999769,0.24
2.42875,0.42563290640520496,0.13779335322149758,0.24000000000011368,0.24
2.43,0.42593290640520515,0.13783469665241926,0.2399999999999769,0.24
2.43125,0.42623290640520506,0.13787600664934818,0.23999999999993604,0.24
2.4325,0.426532906405205,0.13791728325282454,0.2399999999999769,0.24
2.43375,0.42683290640520494,0.13795852650332302,0.24000000000011368,0.24
2.435,0.4271329064052051,0.13799973644125296,0.23999999999989163,0.24
2.4362500000000002,0.42743290640520504,0.13804091310695826,0.2400000000000213,0.24
2.4375,0.427732906405205,0.1380820565407179,0.24000000000006927,0.24
2.43875,0.42803290640520514,0.13812316678274583,0.2400000000000213,0.24
2.44,0.4283329064052051,0.13816424387319104,0.23999999999989163,0.24
2.44125,0.428632906405205,0.1382052878521379,0.2400000000000213,0.24
2.4425,0.428932906405205,0.13824629875960617,0.24000000000006927,0.24
2.44375,0.4292329064052051,0.1382872766355511,0.2400000000000213,0.24
2.445,0.4295329064052051,0.13832822151986363,0.23999999999989163,0.24
2.44625,0.429832906405205,0.13836913345237045,0.24000000000006927,0.24
2.4475000000000002,0.43013290640520513,0.1384100124728343,0.2400000000000213,0.24
2.44875,0.4304329064052051,0.1384508586209538,0.23999999999989163,0.24
2.45,0.430732906405205,0.13849167193636386,0.2400000000000213,0.24
2.45125,0.431032906405205,0.13853245245863566,0.24000000000006927,0.24
2.4525,0.4313329064052051,0.13857320022727684,0.2400000000000213,0.24
2.45375,0.4316329064052051,0.1386139152817316,0.23999999999989163,0.24
2.455,0.431932906405205,0.13865459766138072,0.24000000000011368,0.24
2.4562500000000003,0.4322329064052052,0.13869524740554204,0.2399999999999769,0.24
2.4575,0.4325329064052051,0.13873586455347006,0.23999999999993604,0.24
2.45875,0.43283290640520505,0.1387764491443566,0.2399999999999769,0.24
2.46,0.43313290640520496,0.13881700121733048,0.24000000000011368,0.24
2.46125,0.43343290640520515,0.138857520811458,0.2399999999999769,0.24
2.4625,0.43373290640520507,0.13889800796574273,0.23999999999993604,0.24
2.46375,0.43403290640520503,0.13893846271912602,0.2399999999999769,0.24
2.465,0.43433290640520494,0.13897888511048676,0.24000000000011368,0.24
2.46625,0.43463290640520513,0.13901927517864174,0.23999999999989163,0.24
2.4675000000000002,0.43493290640520504,0.13905963296234564,0.2400000000000213,0.24
2.46875,0.435232906405205,0.13909995850029125,0.24000000000006927,0.24
2.47,0.43553290640520514,0.1391402518311096,0.2400000000000213,0.24
2.47125,0.4358329064052051,0.1391805129933699,0.23999999999989163,0.24
2.4725,0.436132906405205,0.1392207420255799,0.2400000000000213,0.24
2.47375,0.436432906405205,0.13926093896618594,0.24000000000006927,0.24
2.475,0.4367329064052051,0.139301103853573,0.2399999999999769,0.24
2.47625,0.43703290640520503,0.1393412367260648,0.23999999999993604,0.24
2.4775,0.437332906405205,0.13938133762192412,0.24000000000006927,0.24
2.4787500000000002,0.43763290640520514,0.13942140657935276,0.2400000000000213,0.24
2.48,0.4379329064052051,0.13946144363649157,0.23999999999989163,0.24
2.48125,0.438232906405205,0.13950144883142082,0.2400000000000213,0.24
2.4825,0.438532906405205,0.1395414222021602,0.24000000000006927,0.24
2.48375,0.4388329064052051,0.13958136378666886,0.2400000000000213,0.24
2.485,0.4391329064052051,0.13962127362284565,0.23999999999989163,0.24
2.48625,0.439432906405205,0.13966115174852917,0.24000000000011368,0.24
2.4875000000000003,0.4397329064052052,0.13970099820149798,0.2399999999999769,0.24
2.48875,0.4400329064052051,0.1397408130194705,0.23999999999993604,0.24
2.49,0.44033290640520506,0.13978059624010547,0.2399999999999769,0.24
2.49125,0.44063290640520497,0.13982034790100178,0.24000000000011368,0.24
2.4925,0.44093290640520516,0.13986006803969872,0.2399999999999769,0.24
2.49375,0.44123290640520507,0.139899756693676,0.23999999999993604,0.24
2.495,0.44153290640520504,0.13993941390035403,0.2399999999999769,0.24
2.49625,0.44183290640520495,0.13997903969709388,0.24000000000006927,0.24
2.4975,0.4421329064052051,0.14001863412119753,0.23999999999993604,0.24
2.4987500000000002,0.44243290640520505,0.1400581972099078,0.2400000000000213,0.24
2.5,0.442732906405205,0.14009772900040873,0.2400000000000213,0.24
