year,iso,tier,dom_eq,intl_eq,bond,bill,inflation,real_exchange_rate,available,provenance,country
1890,AUS,A,0.0139999995008111,-0.0162913842499971,,0.0430000014603138,0.0,1.0,False,JST/JKKST empirical 1900-2020; inflation 100% empirical,Australia
1890,BEL,A,-0.018470527728398745,-0.04169867110796954,0.05925083110729856,-0.0016459036618471368,0.034482758620689724,1.0,True,JST/JKKST empirical 1890-2020; inflation 100% empirical,Belgium
1890,CHE,A,,-0.05651162438607349,,-0.007041347218202709,0.04385011053559862,1.0,False,JST/JKKST empirical 1900-2020; inflation 100% empirical,Switzerland
1890,DEU,A,-0.06751788264413017,-0.039660438669735454,-0.024289222806008093,0.011636975958505769,0.02586206690849413,1.0,True,JST/JKKST empirical 1890-2020; inflation 100% empirical,Germany
1890,DNK,A,-0.0013518513053215608,-0.028838456756871134,0.0006343374932784585,0.028705765479174028,0.012048375771494424,1.0,True,JST/JKKST empirical 1890-2020; inflation 100% empirical,Denmark
1890,ESP,A,,-0.051379547203553866,,-0.010883071873577399,0.051442928063004656,1.0,False,JST/JKKST empirical 1900-2020; inflation 100% empirical,Spain
1890,FIN,A,,-0.04692240289880456,-0.05351281771794547,0.005999999135159362,0.03379721669980129,1.0,False,JST/JKKST empirical 1896-2020; inflation 100% empirical,Finland
1890,FRA,A,0.09971122443675995,-0.025326068628625853,0.12223191559314728,0.026200000196695328,0.0,1.0,True,JST/JKKST empirical 1890-2020; inflation 100% empirical,France
1890,GBR,A,0.04011975957485947,-0.021841080829995252,0.009811651883665284,0.0345309392777744,0.002000000000000224,1.0,True,JST/JKKST empirical 1890-2020; inflation 100% empirical,United Kingdom
1890,ITA,A,-0.06649165593687922,-0.03868185877068708,0.008390193472286533,0.01636239578305032,0.03555582411132008,1.0,True,JST/JKKST empirical 1890-2020; inflation 100% empirical,Italy
1890,JPN,A,-0.23524003460717424,-0.07976858959668032,-0.030607928434829068,-0.023135731308657648,0.06626891114425737,1.0,True,JST/JKKST empirical 1890-2020; inflation 100% empirical,Japan
1890,NLD,A,,-0.031876661695148245,0.03235208652978572,0.0077765738760320335,0.017983576221243247,1.0,False,JST/JKKST empirical 1900-2020; inflation 100% empirical,Netherlands
1890,NOR,A,0.09579825197141756,-0.03834660115651589,0.021676286686385104,0.014905423415092267,0.01447876447876495,1.0,True,JST/JKKST empirical 1890-2020; inflation 100% empirical,Norway
1890,PRT,A,-0.2333938015061755,-0.12064744188003906,-0.18302286398965262,-0.054418604387793446,0.13157894736842102,1.0,True,JST/JKKST empirical 1890-2020; inflation 100% empirical,Portugal
1890,SWE,A,-0.00346851915277846,-0.036674835576768317,-0.011276937220107364,0.017139852272881395,0.02149178255372952,1.0,True,JST/JKKST empirical 1890-2020; inflation 100% empirical,Sweden
1890,USA,A,-0.0772994252699859,0.009177411672518954,0.0013229903838150037,0.059153064815093526,-0.018083378451543175,1.0,True,JST/JKKST empirical 1890-2020; inflation 100% empirical,United States
1891,AUS,A,-0.09042412843299186,0.012705131463355501,,0.0588031582097126,-0.01492549075516525,0.9767964790675326,False,JST/JKKST empirical 1900-2020; inflation 100% empirical,Australia
1891,BEL,A,-0.01920868083834648,-0.00957237706164027,0.05984026566147804,0.032783009111881256,0.0,0.991095125975985,True,JST/JKKST empirical 1890-2020; inflation 100% empirical,Belgium
1891,CHE,A,,-0.03664693266896468,,0.009316336976510353,0.026932747931613488,1.0181232078993263,False,JST/JKKST empirical 1900-2020; inflation 100% empirical,Switzerland
1891,DEU,A,-0.058233545642731976,-0.02652888916909213,0.01676489224434019,0.013171894050932442,0.016806730330162445,1.0102830246612182,True,JST/JKKST empirical 1890-2020; inflation 100% empirical,Germany
1891,DNK,A,-0.05441736676107434,-0.10375302287095811,-0.08221319927094961,-0.04687366262765258,0.09523780936743842,1.0893575758359053,True,JST/JKKST empirical 1890-2020; inflation 100% empirical,Denmark
1891,ESP,A,,0.08578665114131034,,0.11733331025131877,-0.06921239207304586,0.9033193714619362,False,JST/JKKST empirical 1900-2020; inflation 100% empirical,Spain
1891,FIN,A,,-0.12523608838675326,-0.1541095550963496,-0.07047781622857363,0.12692307692307692,1.1212306569002233,False,JST/JKKST empirical 1896-2020; inflation 100% empirical,Finland
1891,FRA,A,0.011637461521933012,-0.025727402976103764,0.02486263471905903,0.014077419555315274,0.010869565217391353,1.003505041346928,True,JST/JKKST empirical 1890-2020; inflation 100% empirical,France
1891,GBR,A,-0.011022841063991096,-0.019867110796168097,0.01797874968835611,0.01916583915275294,0.006999999999999895,0.9999410763546767,True,JST/JKKST empirical 1890-2020; inflation 100% empirical,United Kingdom
1891,ITA,A,-0.14123683302545598,0.00495211357484715,0.024669067753730678,0.04586518162577491,-0.0032176051348309365,0.9879553273119963,True,JST/JKKST empirical 1890-2020; inflation 100% empirical,Italy
1891,JPN,A,0.08367703443810393,0.022465931861398003,0.2166978346092978,0.08605797145893335,-0.04196642685851315,0.9544995622392564,True,JST/JKKST empirical 1890-2020; inflation 100% empirical,Japan
1891,NLD,A,,-0.03211447922084376,-0.013240696502846205,0.008185397856084409,0.01915778787907141,1.0133554993788594,False,JST/JKKST empirical 1900-2020; inflation 100% empirical,Netherlands
1891,NOR,A,-0.04221510403678941,-0.060738467848335365,-0.04278692340590129,-0.008375294093758368,0.04757373929591058,1.0425241822141305,True,JST/JKKST empirical 1890-2020; inflation 100% empirical,Norway
1891,PRT,A,-0.11979033214500145,0.1172120211918195,-0.15027889681149675,0.10867469910397598,-0.03488372093023262,0.8937095512901863,True,JST/JKKST empirical 1890-2020; inflation 100% empirical,Portugal
1891,SWE,A,0.013967299411276946,-0.04928462727711802,-0.03799695799760017,0.009757504099700665,0.030940594059405857,1.025968726651499,True,JST/JKKST empirical 1890-2020; inflation 100% empirical,Sweden
1891,USA,A,0.2239130437374115,-0.03373463917981878,0.01893402636051178,0.03999999910593033,0.0,0.9929901453373158,True,JST/JKKST empirical 1890-2020; inflation 100% empirical,United States
1892,AUS,A,0.0793539800262808,0.05807623521655825,,0.059046285673092225,-0.015151636363636367,1.0008896400757477,False,JST/JKKST empirical 1900-2020; inflation 100% empirical,Australia
1892,BEL,A,0.06409069664519418,0.09769202340052208,0.041960652339561255,0.06842115007597838,-0.03333333333333344,0.983038102215057,True,JST/JKKST empirical 1890-2020; inflation 100% empirical,Belgium
1892,CHE,A,,0.053921270275247624,,0.05037247312979165,-0.013683217189314645,1.04910371888345,False,JST/JKKST empirical 1900-2020; inflation 100% empirical,Switzerland
1892,DEU,A,0.06567000649417731,0.05390055290277895,0.05492986133845634,0.026483339927610983,-0.00826446993583907,1.0400775069628871,True,JST/JKKST empirical 1890-2020; inflation 100% empirical,Germany
1892,DNK,A,0.11865298095635213,0.10158949369687709,0.0999969708027153,0.10273109097405442,-0.054347872898964256,1.0725478972329983,True,JST/JKKST empirical 1890-2020; inflation 100% empirical,Denmark
1892,ESP,A,,0.09443271559527511,,0.016334181758493216,0.02820511259401659,0.8963518428662961,False,JST/JKKST empirical 1900-2020; inflation 100% empirical,Spain
1892,FIN,A,,-0.009051640987885357,-0.04451499978661155,-0.0059773821702682195,0.056313993174061494,1.2287688688062965,False,JST/JKKST empirical 1896-2020; inflation 100% empirical,Finland
1892,FRA,A,0.011659945612494838,0.05611953915273227,0.08067025843521813,0.029166305275714954,-0.010752688172043001,1.0355211277763483,True,JST/JKKST empirical 1890-2020; inflation 100% empirical,France
1892,GBR,A,0.0002988049263261683,0.043294244642472446,0.04699312779770426,0.010258964066248932,0.0040000000000000036,1.0444506089345595,True,JST/JKKST empirical 1890-2020; inflation 100% empirical,United Kingdom
1892,ITA,A,-0.017537506359513122,0.07498715358138353,0.0696261348744498,0.043992484270796606,-0.008613552546851921,1.005278770895098,True,JST/JKKST empirical 1890-2020; inflation 100% empirical,Italy
1892,JPN,A,0.68090176166304,0.24904363276586805,0.1410217727090688,0.11109261578761487,-0.06758448060075084,0.8066555271739717,True,JST/JKKST empirical 1890-2020; inflation 100% empirical,Japan
1892,NLD,A,,0.136477442184322,0.13572913581242263,0.10911096664192765,-0.08034450092831114,0.9683386526411235,False,JST/JKKST empirical 1900-2020; inflation 100% empirical,Netherlands
1892,NOR,A,-0.0220587238002673,0.06644734596843449,0.06685794686479518,0.05966171494090777,-0.015440508628521421,1.0690228194403673,True,JST/JKKST empirical 1890-2020; inflation 100% empirical,Norway
1892,PRT,A,0.004209399223327637,0.22848566761617617,-0.22420081741669606,0.03505882221986267,0.024096385542168752,0.802251470242301,True,JST/JKKST empirical 1890-2020; inflation 100% empirical,Portugal
1892,SWE,A,0.12875953281166197,0.05448066786007244,0.05096213157063301,0.0621259183575078,-0.01800720288115243,1.050460826886182,True,JST/JKKST empirical 1890-2020; inflation 100% empirical,Sweden
1892,USA,A,0.0628465786576271,0.04491977981190254,0.012937572784721851,0.03999999910593033,0.0,1.0305469654657748,True,JST/JKKST empirical 1890-2020; inflation 100% empirical,United States
1893,AUS,A,-0.01880964709279931,0.029330351234555074,,0.07507923217768475,-0.030769111479275302,1.0129500498645696,False,JST/JKKST empirical 1900-2020; inflation 100% empirical,Australia
1893,BEL,A,0.04438768313931574,0.08052642975963553,0.108235468289682,0.0696444302531225,-0.034482758620689724,0.9466899961444836,True,JST/JKKST empirical 1890-2020; inflation 100% empirical,Belgium
1893,CHE,A,,0.01604694170172216,,0.058226422785625065,-0.021003467553605493,1.0714338461627322,False,JST/JKKST empirical 1900-2020; inflation 100% empirical,Switzerland
1893,DEU,A,0.11003638971989527,0.05047255949822027,0.10078414140916125,0.09561061518744496,-0.058333329501026876,1.022573235421534,True,JST/JKKST empirical 1890-2020; inflation 100% empirical,Germany
1893,DNK,A,0.1427184019001666,0.04713659282961369,0.10636451304966599,0.10426299246219828,-0.05747090269543387,1.0548314330707311,True,JST/JKKST empirical 1890-2020; inflation 100% empirical,Denmark
1893,ESP,A,,0.053411070214820056,,0.07823305040248973,-0.02618455226065708,0.8829606425188797,False,JST/JKKST empirical 1900-2020; inflation 100% empirical,Spain
1893,FIN,A,,0.04546939718575116,0.22215524842206125,0.10912969361977987,-0.05331179321486268,1.2196060862881855,False,JST/JKKST empirical 1896-2020; inflation 100% empirical,Finland
1893,FRA,A,0.0960690857289912,-0.003452429693866943,0.04245753135982455,0.03343296656896788,-0.010869565217391353,1.0693560039462102,True,JST/JKKST empirical 1890-2020; inflation 100% empirical,France
1893,GBR,A,0.006143000377820229,0.00014733958940182923,0.042599869518721745,0.028499495676997055,-0.006999999999999895,1.083097933421072,True,JST/JKKST empirical 1890-2020; inflation 100% empirical,United Kingdom
1893,ITA,A,0.06829541118912297,0.0636455283518651,0.07469557090559431,0.08352610339308808,-0.02171254080591145,0.9803747431968228,True,JST/JKKST empirical 1890-2020; inflation 100% empirical,Italy
1893,JPN,A,0.06080607666735327,0.18826587668085804,0.07717611429229687,0.021183552591016674,0.01208053691275146,0.7107792068721333,True,JST/JKKST empirical 1890-2020; inflation 100% empirical,Japan
1893,NLD,A,,0.009931508249202636,0.092430923954822,0.04583852959851109,-0.016291740656916298,0.9949380813815513,False,JST/JKKST empirical 1900-2020; inflation 100% empirical,Netherlands
1893,NOR,A,0.028906852072140277,0.05074735330177749,0.08767814668989748,0.0966536955552797,-0.05166051660516524,1.0575533617690935,True,JST/JKKST empirical 1890-2020; inflation 100% empirical,Norway
1893,PRT,A,-0.01627944343477139,-0.055304289066908874,0.1285208662350974,0.035632182597771456,0.0235294117647058,0.8781866182593502,True,JST/JKKST empirical 1890-2020; inflation 100% empirical,Portugal
1893,SWE,A,0.105466627818384,0.030291665842134163,0.11482657118208106,0.08059363107013096,-0.04034229828850866,1.0515930242870555,True,JST/JKKST empirical 1890-2020; inflation 100% empirical,Sweden
1893,USA,A,-0.14645239427876466,0.014263298923044232,0.03895734381977545,0.049607122080420174,-0.009153065725628462,1.0684413414962766,True,JST/JKKST empirical 1890-2020; inflation 100% empirical,United States
1894,AUS,A,0.18098321759992153,0.177086755787633,,0.10944082925797272,-0.06349219047619048,0.9718479083490483,False,JST/JKKST empirical 1900-2020; inflation 100% empirical,Australia
1894,BEL,A,0.15673950605276166,0.15155108394961414,0.08895092548393624,0.057622538834083414,-0.023809523809523836,0.9283250725046971,True,JST/JKKST empirical 1890-2020; inflation 100% empirical,Belgium
1894,CHE,A,,0.106222435512626,,0.04221068274612527,-0.005959144728282184,1.0941111206666905,False,JST/JKKST empirical 1900-2020; inflation 100% empirical,Switzerland
1894,DEU,A,0.1908406925448023,0.11660546205282274,0.10434307163208056,0.03573153447321009,-0.017699117598224734,1.0288066170040675,True,JST/JKKST empirical 1890-2020; inflation 100% empirical,Germany
1894,DNK,A,0.13060649658508305,0.1272936442169077,0.13949510793484254,0.06600039710141337,-0.024390608170673622,1.0567644453543283,True,JST/JKKST empirical 1890-2020; inflation 100% empirical,Denmark
1894,ESP,A,,0.1496669662338752,,0.09049200908460375,-0.037131870753950746,0.8675765919694527,False,JST/JKKST empirical 1900-2020; inflation 100% empirical,Spain
1894,FIN,A,,0.21907743556736325,0.2377794090037546,0.1597916686512304,-0.0989761092150171,1.1301258873701625,False,JST/JKKST empirical 1896-2020; inflation 100% empirical,Finland
1894,FRA,A,-0.02025737854368659,0.09866499550367958,0.0493162047198934,0.006835868966806213,0.01098901098901095,1.1095088313705896,True,JST/JKKST empirical 1890-2020; inflation 100% empirical,France
1894,GBR,A,0.1301020426409587,0.12338183257356405,0.10170263416913095,0.030306122740920927,-0.02000000000000013,1.0885851805222397,True,JST/JKKST empirical 1890-2020; inflation 100% empirical,United Kingdom
1894,ITA,A,-0.04967999710833215,0.14529490463084582,-0.01996363418345526,0.044638835062448035,-0.004440612200905303,0.980886207119016,True,JST/JKKST empirical 1890-2020; inflation 100% empirical,Italy
1894,JPN,A,0.20609410179917798,0.002190458548405161,-0.09387845145706031,0.009468380572480228,0.03183023872679036,0.7878096929504701,True,JST/JKKST empirical 1890-2020; inflation 100% empirical,Japan
1894,NLD,A,,0.10859053782062977,0.1172386729730861,0.0249326575803408,-0.0072518496223762385,1.0138259878618225,False,JST/JKKST empirical 1900-2020; inflation 100% empirical,Netherlands
1894,NOR,A,0.07340947866439773,0.1362961256510018,0.10732912805676431,0.06274639841914142,-0.027237354085602794,1.0562260628874058,True,JST/JKKST empirical 1890-2020; inflation 100% empirical,Norway
1894,PRT,A,0.21890624922313018,0.10363648918687485,0.13511983648444814,0.02640449511033749,0.02298850574712663,0.8911188843969304,True,JST/JKKST empirical 1890-2020; inflation 100% empirical,Portugal
1894,SWE,A,0.19403950369998113,0.1568642242150191,0.134683540303435,0.09057046995566997,-0.05095541401273884,1.0241000941279492,True,JST/JKKST empirical 1890-2020; inflation 100% empirical,Sweden
1894,USA,A,0.07232366517044397,0.16613363256735503,0.10653855965151782,0.09048897093789021,-0.04629938786866972,1.0419865447697032,True,JST/JKKST empirical 1890-2020; inflation 100% empirical,United States
1895,AUS,A,0.28834509782981455,0.1877428308857534,,0.11134514054191569,-0.06779634817577607,0.9198678876861809,False,JST/JKKST empirical 1900-2020; inflation 100% empirical,Australia
1895,BEL,A,0.059857149980962365,0.0949362655631747,0.02581954862980651,0.05738605400547381,-0.024390243902439046,0.9624462438855639,True,JST/JKKST empirical 1890-2020; inflation 100% empirical,Belgium
1895,CHE,A,,0.14986448939372687,,0.06252862111545321,-0.026379168920923513,1.0772561516225432,False,JST/JKKST empirical 1900-2020; inflation 100% empirical,Switzerland
1895,DEU,A,0.11182625988397854,0.0961973641917202,0.02825470845340261,0.002045129532061596,0.018018020664859247,1.0612886574534057,True,JST/JKKST empirical 1890-2020; inflation 100% empirical,Germany
1895,DNK,A,0.14051744465338656,0.1473407016400985,0.0510281070133809,0.0658460804932397,-0.02499993246303689,1.0432905857978925,True,JST/JKKST empirical 1890-2020; inflation 100% empirical,Denmark
1895,ESP,A,,0.013376616523922635,,-0.011522009202341144,0.0571808492618735,0.9692619400303151,False,JST/JKKST empirical 1900-2020; inflation 100% empirical,Spain
1895,FIN,A,,0.15373609551818213,0.12204894283786416,0.07249999907799065,-0.030303030303030276,1.1089821498352104,False,JST/JKKST empirical 1896-2020; inflation 100% empirical,Finland
1895,FRA,A,0.04058557879793767,0.14087010924897014,0.03228165340292577,0.027468132121222233,-0.010869565217391242,1.1091537584677695,True,JST/JKKST empirical 1890-2020; inflation 100% empirical,France
1895,GBR,A,0.13454545387113903,0.12723237368311158,0.07193143304550254,0.01818181856563572,-0.009999999999999787,1.0927440367594643,True,JST/JKKST empirical 1890-2020; inflation 100% empirical,United Kingdom
1895,ITA,A,0.16529461081542896,0.06220822813232796,0.20749526501713178,0.03577273233880196,-0.005573358738957368,1.037086499320445,True,JST/JKKST empirical 1890-2020; inflation 100% empirical,Italy
1895,JPN,A,0.22886506746743485,0.2538393527485572,-0.033403743594377255,-0.046408642610590634,0.09447300771208211,0.7125331930553949,True,JST/JKKST empirical 1890-2020; inflation 100% empirical,Japan
1895,NLD,A,,0.18073966461729918,0.13536437230996046,0.0705686769546765,-0.051532123277747144,0.972105677000306,False,JST/JKKST empirical 1900-2020; inflation 100% empirical,Netherlands
1895,NOR,A,0.0631561130285263,0.1234352558277223,0.03868473693728447,0.028300000354647636,0.0,1.0692008036264997,True,JST/JKKST empirical 1890-2020; inflation 100% empirical,Norway
1895,PRT,A,0.21650661013665662,0.15947522824335736,0.2852280835310619,0.12309523667430589,-0.0561797752808989,0.8665664648367187,True,JST/JKKST empirical 1890-2020; inflation 100% empirical,Portugal
1895,SWE,A,0.1164518839364308,0.09608421729403238,0.0225518027440752,0.015909091055353874,0.01879194630872494,1.0561623991538722,True,JST/JKKST empirical 1890-2020; inflation 100% empirical,Sweden
1895,USA,A,0.06955682839362609,0.14732788474396963,0.027153835284503547,0.06054504252513593,-0.01937215544404247,1.0340437947841559,True,JST/JKKST empirical 1890-2020; inflation 100% empirical,United States
1896,AUS,A,0.017000000923871994,0.12374795880897227,,0.032999999821186066,0.0,0.9198735440440888,False,JST/JKKST empirical 1900-2020; inflation 100% empirical,Australia
1896,BEL,A,0.14996838105189347,0.18146845149129942,0.0659045697032632,0.07194259569242423,-0.03750000000000009,0.9106100739651566,True,JST/JKKST empirical 1890-2020; inflation 100% empirical,Belgium
1896,CHE,A,,0.12789292018736642,,0.046892994577739655,-0.012315482859063365,1.0654610986352142,False,JST/JKKST empirical 1900-2020; inflation 100% empirical,Switzerland
1896,DEU,A,0.07941993350460352,0.1038093098722519,0.015255124573679613,0.0213614036922416,0.008849557842780964,1.0743968801966561,True,JST/JKKST empirical 1890-2020; inflation 100% empirical,Germany
1896,DNK,A,0.0994514978112897,0.14708029512944298,0.05710518539151166,0.0659315027488303,-0.025640954596230725,1.0178582551644944,True,JST/JKKST empirical 1890-2020; inflation 100% empirical,Denmark
1896,ESP,A,,0.22894607164051606,,0.09076517818855678,-0.04654088716595495,0.8798220042878896,False,JST/JKKST empirical 1900-2020; inflation 100% empirical,Spain
1896,FIN,A,0.038033107610849326,0.09932421845001249,0.03933335084181566,0.02399999911968531,0.015625,1.1301909393840401,True,JST/JKKST empirical 1896-2020; inflation 100% empirical,Finland
1896,FRA,A,0.08523831516504288,0.11362614636041579,0.04569881036877632,0.017100000753998756,0.0,1.1132462835930266,True,JST/JKKST empirical 1890-2020; inflation 100% empirical,France
1896,GBR,A,0.1254764323607609,0.11658179816924363,0.07175657299600369,0.01775325995420607,-0.0029999999999998916,1.0910592800914998,True,JST/JKKST empirical 1890-2020; inflation 100% empirical,United Kingdom
1896,ITA,A,-0.015182682875465647,0.154375179313347,0.04860342277456953,0.0446858518684885,-0.004485418036606181,1.013653141604724,True,JST/JKKST empirical 1890-2020; inflation 100% empirical,Italy
1896,JPN,A,0.40320806842985135,-0.08736209717353005,-0.06071458159565224,-0.05046390698131331,0.10041103934233697,0.8363672292043891,True,JST/JKKST empirical 1890-2020; inflation 100% empirical,Japan
1896,NLD,A,,0.10213431609004431,-0.016773604187210633,0.013650476377623288,0.010604763083537971,0.9839328040097544,False,JST/JKKST empirical 1900-2020; inflation 100% empirical,Netherlands
1896,NOR,A,0.09538024693143066,0.09310079102625557,0.022996753454207708,0.009803920911222619,0.020000000000000684,1.0909777524945374,True,JST/JKKST empirical 1890-2020; inflation 100% empirical,Norway
1896,PRT,A,0.10874128937721261,0.13258852857759718,0.012526448947541846,0.04752941043937908,0.011904761904761862,0.8549095782183534,True,JST/JKKST empirical 1890-2020; inflation 100% empirical,Portugal
1896,SWE,A,0.12334763065752297,0.1227435450545058,0.05522536753539553,0.03619123593091511,-0.007905138339921125,1.0493458428824456,True,JST/JKKST empirical 1890-2020; inflation 100% empirical,Sweden
1896,USA,A,0.018518518656492233,0.11774928751387503,0.048862989991903305,0.03999999910593033,0.0,1.0390991675184638,True,JST/JKKST empirical 1890-2020; inflation 100% empirical,United States
1897,AUS,A,0.08500000089406967,0.05218896187069011,,0.03099999949336052,0.0,0.910383280923284,False,JST/JKKST empirical 1900-2020; inflation 100% empirical,Australia
1897,BEL,A,0.11586619703433443,0.01062970420619247,0.03286459860511304,0.018609050088203682,0.012987012987013102,0.933052243108895,True,JST/JKKST empirical 1890-2020; inflation 100% empirical,Belgium
1897,CHE,A,,0.040567501996428,,0.0187568814844985,0.014962471066731542,1.0688031794333053,False,JST/JKKST empirical 1900-2020; inflation 100% empirical,Switzerland
1897,DEU,A,0.05907370694212699,0.03606233566912276,0.0030836377775855794,0.013125864485469707,0.017543856889677745,1.0806072929812247,True,JST/JKKST empirical 1890-2020; inflation 100% empirical,Germany
1897,DNK,A,0.03643586486577988,0.05706966272198599,0.0477386936545372,0.04619999974966049,0.0,1.006622620450393,True,JST/JKKST empirical 1890-2020; inflation 100% empirical,Denmark
1897,ESP,A,,0.042845216987591694,,-0.04330096761391322,0.08707123546689921,0.8806541044309534,False,JST/JKKST empirical 1900-2020; inflation 100% empirical,Spain
1897,FIN,A,0.10907310520837066,-0.0017099671324638521,-0.012763303901077494,-0.0077064228714059935,0.04807692307692313,1.1717471847248153,True,JST/JKKST empirical 1896-2020; inflation 100% empirical,Finland
1897,FRA,A,0.12770834096362083,0.07439545871200726,0.05842760787083856,0.04108089964125261,-0.0219780219780219,1.0774644052961908,True,JST/JKKST empirical 1890-2020; inflation 100% empirical,France
1897,GBR,A,0.0525123165746042,0.039887410074382235,0.022859358141575026,0.0027586202609715116,0.014999999999999902,1.0941756065510064,True,JST/JKKST empirical 1890-2020; inflation 100% empirical,United Kingdom
1897,ITA,A,0.020699446237139707,0.03405458950211515,0.08907568567297508,0.03232563680118972,-0.002252813830089684,1.0242547385507126,True,JST/JKKST empirical 1890-2020; inflation 100% empirical,Italy
1897,JPN,A,-0.4112090921721696,0.008614776908149713,-0.07707010693955174,-0.05761494186003879,0.11419423692636066,0.8942005607916347,True,JST/JKKST empirical 1890-2020; inflation 100% empirical,Japan
1897,NLD,A,,0.06293294612254052,0.004175786481538379,0.032015678173785256,-0.008542194324439034,0.9662510287170554,False,JST/JKKST empirical 1900-2020; inflation 100% empirical,Netherlands
1897,NOR,A,0.10333594911826482,0.07184372030658204,0.049946212393794154,0.054916167464440946,-0.017647058823528572,1.0600696011431945,True,JST/JKKST empirical 1890-2020; inflation 100% empirical,Norway
1897,PRT,A,-0.05617230257991224,0.10921572942934299,-0.09154486265438422,-0.0206521751521076,0.08235294117647074,0.8138502290220474,True,JST/JKKST empirical 1890-2020; inflation 100% empirical,Portugal
1897,SWE,A,0.15436304559118508,0.011740577565876986,0.004581591049676703,0.003999998498147139,0.031872509960159334,1.0710158277775337,True,JST/JKKST empirical 1890-2020; inflation 100% empirical,Sweden
1897,USA,A,0.18004266172378802,0.056043509608050934,0.06051233701281622,0.050501261267836606,-0.009996429846483412,1.0178893189466085,True,JST/JKKST empirical 1890-2020; inflation 100% empirical,United States
1898,AUS,A,0.17638906121416897,0.07505639579797685,,0.049074225983696707,-0.018181960991714763,0.8849310076325047,False,JST/JKKST empirical 1900-2020; inflation 100% empirical,Australia
1898,BEL,A,0.1487068384885788,0.08289478772227565,0.0032150717452168465,0.030935190618038177,0.0,0.9027095927729998,True,JST/JKKST empirical 1890-2020; inflation 100% empirical,Belgium
1898,CHE,A,,0.02454336653159439,,-0.003452341296777295,0.03808381877279832,1.0980479852689824,False,JST/JKKST empirical 1900-2020; inflation 100% empirical,Switzerland
1898,DEU,A,0.08969160169363022,0.05819079128852933,0.008858573623001575,0.03550000116229057,0.0,1.0724189892263354,True,JST/JKKST empirical 1890-2020; inflation 100% empirical,Germany
1898,DNK,A,0.012904529495169736,0.007862924429888452,-0.033498622240746734,-0.0064898583319924485,0.05263142928098974,1.0508774286895533,True,JST/JKKST empirical 1890-2020; inflation 100% empirical,Denmark
1898,ESP,A,,0.1594679467952962,,-0.043977918238862546,0.09830099197164888,0.799467004910609,False,JST/JKKST empirical 1900-2020; inflation 100% empirical,Spain
1898,FIN,A,-0.062443122453655575,0.04006202512762225,0.031057589958005227,0.01519608016851337,0.029357798165137616,1.1949057848261515,True,JST/JKKST empirical 1896-2020; inflation 100% empirical,Finland
1898,FRA,A,0.031393275120191966,0.05274594522732046,0.00517948820359182,0.00856777750369564,0.011235955056179803,1.0789750589629623,True,JST/JKKST empirical 1890-2020; inflation 100% empirical,France
1898,GBR,A,0.04925224737655132,0.05560670236039811,-0.00022769812958778335,0.023529411283352397,0.0029999999999998916,1.091540782228932,True,JST/JKKST empirical 1890-2020; inflation 100% empirical,United Kingdom
1898,ITA,A,0.18775451201436733,0.0728569708260689,0.05932224041198797,0.028036388646177857,0.006773701378415264,0.9966828608124207,True,JST/JKKST empirical 1890-2020; inflation 100% empirical,Italy
1898,JPN,A,-0.3187346383687991,-0.011466886242971652,-0.02567546461780934,-0.025640976992220454,0.08461047254150689,0.9754563722976455,True,JST/JKKST empirical 1890-2020; inflation 100% empirical,Japan
1898,NLD,A,,0.04591035058225046,-0.00692019827926571,0.013588927929370387,0.011159427950874434,0.9724100452333309,False,JST/JKKST empirical 1900-2020; inflation 100% empirical,Netherlands
1898,NOR,A,0.012129797388628294,0.03649355169020585,-0.012667451688603282,0.00482116685185674,0.027944111776446512,1.0784690453725523,True,JST/JKKST empirical 1890-2020; inflation 100% empirical,Norway
1898,PRT,A,0.05336143169552088,0.0999896994701448,-0.06002978514879942,0.015833332048108106,0.04347826086956519,0.7813187359883372,True,JST/JKKST empirical 1890-2020; inflation 100% empirical,Portugal
1898,SWE,A,0.04599890756336111,0.012020803586495932,-0.030929226682267497,-0.006318180737170387,0.04761904761904767,1.1110668503310255,True,JST/JKKST empirical 1890-2020; inflation 100% empirical,Sweden
1898,USA,A,0.23157894611358643,0.03995182537378117,0.029604105278849602,0.03999999910593033,0.0,1.015847883014716,True,JST/JKKST empirical 1890-2020; inflation 100% empirical,United States
1899,AUS,A,0.062000006437301636,0.033777548692346615,,-0.023263158374711157,0.05555555555555558,0.9041136094263632,False,JST/JKKST empirical 1900-2020; inflation 100% empirical,Australia
1899,BEL,A,0.02635320191141921,0.07782221797653599,-0.037921095290515905,0.017865986952298796,0.012820512820512775,0.8897150065359302,True,JST/JKKST empirical 1890-2020; inflation 100% empirical,Belgium
1899,CHE,A,,0.12525752653186117,,0.0694054111094804,-0.030769819662483044,1.0328117152652858,False,JST/JKKST empirical 1900-2020; inflation 100% empirical,Switzerland
1899,DEU,A,0.011113255363442098,0.06910757729811179,-0.03983125326947301,0.018168070023812266,0.02586206690849413,1.066131652194454,True,JST/JKKST empirical 1890-2020; inflation 100% empirical,Germany
1899,DNK,A,-0.04947711618159423,0.07630420929449389,-0.03917256818486592,0.030926443055100172,0.025000382709456925,1.0427748599742728,True,JST/JKKST empirical 1890-2020; inflation 100% empirical,Denmark
1899,ESP,A,,-0.1409723892516811,,0.021932687688155372,0.017679551339772948,0.9850203072414347,False,JST/JKKST empirical 1900-2020; inflation 100% empirical,Spain
1899,FIN,A,-0.055486722685612944,0.06165802929897346,-0.08595206025263158,0.0052047788702687114,0.04456327985739761,1.20144173095633,True,JST/JKKST empirical 1896-2020; inflation 100% empirical,Finland
1899,FRA,A,0.035471394658088684,0.09433365136101446,0.008621372282505035,0.0284000001847744,0.0,1.0478860512119783,True,JST/JKKST empirical 1890-2020; inflation 100% empirical,France
1899,GBR,A,0.03942403253519333,0.087937052657731,-0.06996632403626546,0.024627608599468997,0.006999999999999673,1.0655656461693672,True,JST/JKKST empirical 1890-2020; inflation 100% empirical,United Kingdom
1899,ITA,A,0.2458531637134871,0.07234440248523333,0.07015575013394493,0.06674210022205074,-0.01569460835332903,0.9716333722069024,True,JST/JKKST empirical 1890-2020; inflation 100% empirical,Italy
1899,JPN,A,0.4109904005382088,0.12097014428426389,0.11910139199278302,0.11103253754768394,-0.05637327053282304,0.9030405171432283,True,JST/JKKST empirical 1890-2020; inflation 100% empirical,Japan
1899,NLD,A,,0.09369013567072715,-0.0026721555501985073,0.03077546424711719,0.001576033432746593,0.9410374432544852,False,JST/JKKST empirical 1900-2020; inflation 100% empirical,Netherlands
1899,NOR,A,-0.058981590891415414,0.04871201488527377,-0.06133924001475455,-0.0032258057443178556,0.053398058252422054,1.0971031471024428,True,JST/JKKST empirical 1890-2020; inflation 100% empirical,Norway
1899,PRT,A,0.15550513977700087,-0.005948413782808193,0.32579112560191037,0.07234042629282511,-0.02083333333333326,0.8216345563789387,True,JST/JKKST empirical 1890-2020; inflation 100% empirical,Portugal
1899,SWE,A,-0.023513982624692065,0.054418018768574106,-0.04862262148957919,0.004571763478657731,0.04422604422604426,1.1216447029310983,True,JST/JKKST empirical 1890-2020; inflation 100% empirical,Sweden
1899,USA,A,0.10265486687421799,0.0949166730951887,0.052182797342538834,0.03500000014901161,0.0,0.9814390537708847,True,JST/JKKST empirical 1890-2020; inflation 100% empirical,United States
1900,AUS,A,0.10265502167071583,0.011503491243727293,0.0023820814131194634,0.0132239976780959,0.017544000000000004,0.8915540610354967,True,JST/JKKST empirical 1900-2020; inflation 100% empirical,Australia
1900,BEL,A,-0.195712344030316,-0.08246651443796604,-0.1097043020169387,-0.08469711549663816,0.12658227848101267,0.9802195470723113,True,JST/JKKST empirical 1890-2020; inflation 100% empirical,Belgium
1900,CHE,A,0.10775468252779374,0.0693665016752576,0.05159591169252087,0.0785051111038102,-0.03662950679827148,0.9666127081527652,True,JST/JKKST empirical 1900-2020; inflation 100% empirical,Switzerland
1900,DEU,A,-0.0901932111050805,0.017538268013935987,0.0016581531603054867,0.018425402722010764,0.025210092623102698,1.0579731807658812,True,JST/JKKST empirical 1890-2020; inflation 100% empirical,Germany
1900,DNK,A,0.021958305591255556,0.010849040771230944,-0.008231943641321071,0.03690959840166608,0.024390168906037735,1.0340398336193066,True,JST/JKKST empirical 1890-2020; inflation 100% empirical,Denmark
1900,ESP,A,-0.0076173667061072425,0.02355770330505047,0.031213377368499717,-0.014234743344701872,0.049945707825783,0.9671449919186003,True,JST/JKKST empirical 1900-2020; inflation 100% empirical,Spain
1900,FIN,A,-0.03749023325841638,0.019067003499174673,-0.091367189907265,0.03585858659360941,0.013651877133105783,1.1866981057952597,True,JST/JKKST empirical 1896-2020; inflation 100% empirical,Finland
1900,FRA,A,0.028274236717722,0.020713718991104857,0.029166815454488404,0.019076923583890126,0.011111111111111072,1.0292960944542981,True,JST/JKKST empirical 1890-2020; inflation 100% empirical,France
1900,GBR,A,0.04148430017830651,-0.01892406444569006,-0.052664632337446005,-0.013701235817002666,0.050999999999999934,1.0852772586043786,True,JST/JKKST empirical 1890-2020; inflation 100% empirical,United Kingdom
1900,ITA,A,0.043151039873913666,0.017697872238021883,0.028669870883782256,0.040264185380701534,0.004552513173088579,0.9561729204541342,True,JST/JKKST empirical 1890-2020; inflation 100% empirical,Italy
1900,JPN,A,-0.2539535958237671,-0.06203725679905414,-0.09893526255724483,-0.05726347353677119,0.12353766963032298,0.978233419982812,True,JST/JKKST empirical 1890-2020; inflation 100% empirical,Japan
1900,NLD,A,0.002083728741493429,-0.03203133731624597,-0.06801941605456296,-0.02917222553751453,0.06548249687331342,0.9730188227765034,True,JST/JKKST empirical 1900-2020; inflation 100% empirical,Netherlands
1900,NOR,A,-0.03934527761404294,-0.01238489763711681,-0.014765307542755624,0.010939877885400628,0.04239631336406102,1.1161757152312737,True,JST/JKKST empirical 1890-2020; inflation 100% empirical,Norway
1900,PRT,A,0.1422911201204573,0.04726520216177499,0.20741584536793467,0.08461538538500513,-0.03191489361702127,0.7825233194999325,True,JST/JKKST empirical 1890-2020; inflation 100% empirical,Portugal
1900,SWE,A,0.05193299826147957,0.01574149149144577,0.00041787654464675583,0.03779069841081317,0.0117647058823529,1.1051908481449042,True,JST/JKKST empirical 1890-2020; inflation 100% empirical,Sweden
1900,USA,A,0.1791238446175647,0.014438985593115294,0.03260609882483734,0.02465369525641181,0.010097367472051921,0.9606923913238604,True,JST/JKKST empirical 1890-2020; inflation 100% empirical,United States
1901,AUS,A,-0.0484065208713127,0.00330838000992828,-0.015044884309933115,0.011362988010342745,0.017241101070192943,0.9078235749732019,True,JST/JKKST empirical 1900-2020; inflation 100% empirical,Australia
1901,BEL,A,-0.12599306127854737,-0.019208004543356028,0.04576674030049843,0.008679347133243587,0.022471910112359383,1.0247046034489833,True,JST/JKKST empirical 1890-2020; inflation 100% empirical,Belgium
1901,CHE,A,0.018894261618576547,-0.00041652903499822536,0.08628952339248497,0.025502591844318356,0.012674183420336549,0.9835495346546544,True,JST/JKKST empirical 1900-2020; inflation 100% empirical,Switzerland
1901,DEU,A,0.038567397743463516,0.012889656793422688,0.06220318749547005,0.03060000017285347,0.0,1.0619689538178274,True,JST/JKKST empirical 1890-2020; inflation 100% empirical,Germany
1901,DNK,A,0.0142215859810777,-0.024947370567033444,0.06259403153563037,0.021034800812027132,0.03571396410979677,1.0772265835515116,True,JST/JKKST empirical 1890-2020; inflation 100% empirical,Denmark
1901,ESP,A,0.020158112130976402,0.09138972413614788,0.07519732193675988,0.0378534370149346,0.002068270927704008,0.906095098422811,True,JST/JKKST empirical 1900-2020; inflation 100% empirical,Spain
1901,FIN,A,0.013651877133105783,0.029615423946772967,0.1461755925274546,0.06433447174499074,-0.013468013468013518,1.1748248398961423,True,JST/JKKST empirical 1896-2020; inflation 100% empirical,Finland
1901,FRA,A,-0.05437985435128212,0.021385678412936038,0.029814645648002625,0.02410000003874302,0.0,1.0309926834641108,True,JST/JKKST empirical 1890-2020; inflation 100% empirical,France
1901,GBR,A,0.043880593717394945,0.009139495604653991,-0.020941505458817455,0.02646766017325497,0.004999999999999893,1.0928056125958399,True,JST/JKKST empirical 1890-2020; inflation 100% empirical,United Kingdom
1901,ITA,A,0.03861984318805756,-0.00786557552159084,0.054501797872839486,0.03881961585191673,0.0011362735512512323,0.9785496576791928,True,JST/JKKST empirical 1890-2020; inflation 100% empirical,Italy
1901,JPN,A,-0.06418639724096575,0.045229095764205196,0.026070819262410394,0.08280124895384633,-0.021796473691517604,0.9593312720913221,True,JST/JKKST empirical 1890-2020; inflation 100% empirical,Japan
1901,NLD,A,0.02673000091748734,0.03435056055923025,0.08031732520363133,0.04826195765499586,-0.0174211781627569,0.9583858159966241,True,JST/JKKST empirical 1900-2020; inflation 100% empirical,Netherlands
1901,NOR,A,0.03755952736465473,0.03402846587278585,0.10928176738476525,0.06705617820684706,-0.01945181255526285,1.0989913118009635,True,JST/JKKST empirical 1890-2020; inflation 100% empirical,Norway
1901,PRT,A,0.11058421408136687,0.0328856572763816,0.16550573574172134,0.06166666742000326,-0.010989010989011061,0.7678826173079363,True,JST/JKKST empirical 1890-2020; inflation 100% empirical,Portugal
1901,SWE,A,0.032255586476483744,0.041221078732498695,0.09671887769602483,0.07423122807964244,-0.024418604651162745,1.0814712451894528,True,JST/JKKST empirical 1890-2020; inflation 100% empirical,Sweden
1901,USA,A,0.1920105606078708,-0.0038531716647020042,-0.010933117400361625,0.029827951035485745,0.009877424729263451,0.9701601093477172,True,JST/JKKST empirical 1890-2020; inflation 100% empirical,United States
1902,AUS,A,0.08260303082381548,0.012272740877436128,-0.058843707533817624,-0.03652076602521248,0.06779675495549209,0.9540577974796314,True,JST/JKKST empirical 1900-2020; inflation 100% empirical,Australia
1902,BEL,A,0.040712601264541126,0.07868213489843101,0.08522724682527993,0.05454755001021239,-0.02197802197802201,1.0172184921425018,True,JST/JKKST empirical 1890-2020; inflation 100% empirical,Belgium
1902,CHE,A,0.07789999859348473,0.0804083613980513,0.03312077908551725,0.030650311780752615,0.0062578806699455924,0.9728006912522876,True,JST/JKKST empirical 1900-2020; inflation 100% empirical,Switzerland
1902,DEU,A,0.07797149425687455,0.07847527046429104,0.032302327629306404,0.013591870616799229,0.008196720667075885,1.0521238264179194,True,JST/JKKST empirical 1890-2020; inflation 100% empirical,Germany
1902,DNK,A,0.084967240691185,0.08714485443394393,0.040920715779066086,0.044599998742341995,0.0,1.0588308048125177,True,JST/JKKST empirical 1890-2020; inflation 100% empirical,Denmark
1902,ESP,A,0.06808928146756599,0.08666344158418493,0.10253481242856788,0.0641605275464101,-0.022703838203983806,0.8918575176199668,True,JST/JKKST empirical 1900-2020; inflation 100% empirical,Spain
1902,FIN,A,0.0015480522997677326,0.09306961725070817,0.046036530286073685,0.04500000178813934,0.0,1.1544004850432423,True,JST/JKKST empirical 1896-2020; inflation 100% empirical,Finland
1902,FRA,A,0.007407220080494881,0.09029707657886754,0.01478710025548935,0.023900000378489494,0.0,1.01515364598709,True,JST/JKKST empirical 1890-2020; inflation 100% empirical,France
1902,GBR,A,0.05889999866485596,0.08741675433729834,0.019486257806420326,0.02969999983906746,0.0,1.0755035415815333,True,JST/JKKST empirical 1890-2020; inflation 100% empirical,United Kingdom
1902,ITA,A,-0.009669011601539768,0.06475117361310079,0.07043709493634465,0.052151163818527246,-0.006796705907195388,0.9862536372135806,True,JST/JKKST empirical 1890-2020; inflation 100% empirical,Italy
1902,JPN,A,0.3636153828399007,0.017723506315101778,0.062142042453081414,0.012760214176736895,0.03874538745387457,0.9861949543302364,True,JST/JKKST empirical 1890-2020; inflation 100% empirical,Japan
1902,NLD,A,0.01655365307139678,0.0846072752535807,0.01948212966496099,0.01626774190428626,0.00829728095281479,0.9478221876725866,True,JST/JKKST empirical 1900-2020; inflation 100% empirical,Netherlands
1902,NOR,A,0.005914662458614828,0.08313117025967376,0.05923303691428905,0.026543519801732085,0.009017132551848883,1.0889429593185886,True,JST/JKKST empirical 1890-2020; inflation 100% empirical,Norway
1902,PRT,A,0.15851218073532491,-0.003178819334627825,0.11130183369948954,0.08620689732247389,-0.033333333333333326,0.8147970614321021,True,JST/JKKST empirical 1890-2020; inflation 100% empirical,Portugal
1902,SWE,A,-0.006290780047634947,0.08344595153584544,0.05204487393387813,0.03238652594581293,0.008343265792610133,1.0720481016757288,True,JST/JKKST empirical 1890-2020; inflation 100% empirical,Sweden
1902,USA,A,0.0438780698719623,0.07664304653107457,0.00958180112277529,0.029926478283688107,0.00978081546075904,0.9646084228704394,True,JST/JKKST empirical 1890-2020; inflation 100% empirical,United States
1903,AUS,A,0.19995297183751926,0.04930054677508333,-0.03025054506847502,0.015185811434934804,0.015873142857142808,0.9528849544340147,True,JST/JKKST empirical 1900-2020; inflation 100% empirical,Australia
1903,BEL,A,0.11917615681886673,0.05867956100116478,0.012097341008484364,0.03101206012070179,0.0,1.0123875765126527,True,JST/JKKST empirical 1890-2020; inflation 100% empirical,Belgium
1903,CHE,A,0.05550043143241923,0.052107707868491504,0.008857071156855634,0.016471903441211078,0.019900299864776816,0.9775107482066991,True,JST/JKKST empirical 1900-2020; inflation 100% empirical,Switzerland
1903,DEU,A,0.10097536444664001,0.0738859888776342,0.03314999118447304,0.03009999915957451,0.0,1.0343556824543785,True,JST/JKKST empirical 1890-2020; inflation 100% empirical,Germany
1903,DNK,A,0.117976286151519,0.11502424184468985,0.07788043221017271,0.08273537922862206,-0.03448245881332035,1.0039585788486187,True,JST/JKKST empirical 1890-2020; inflation 100% empirical,Denmark
1903,ESP,A,0.021678850702047336,0.041640492226711956,0.04142110317201442,0.0032190348620559917,0.03167898951531112,0.9064492530712627,True,JST/JKKST empirical 1900-2020; inflation 100% empirical,Spain
1903,FIN,A,0.09135858714580536,0.07501158655485529,-0.002809121273458004,0.04500000178813934,0.0,1.1344260554996999,True,JST/JKKST empirical 1896-2020; inflation 100% empirical,Finland
1903,FRA,A,0.03949144153545303,0.09191110398323499,0.02452762988913393,0.03841111181924739,-0.01098901098901095,0.986040899327588,True,JST/JKKST empirical 1890-2020; inflation 100% empirical,France
1903,GBR,A,0.012649401962994578,0.07613704630881735,-0.03150471817865319,0.02998007949723669,0.0040000000000000036,1.0607034083593891,True,JST/JKKST empirical 1890-2020; inflation 100% empirical,United Kingdom
1903,ITA,A,0.13164722192427947,0.02531265967198837,0.0021716489771588243,0.010052437133095227,0.029649512116259436,1.010582444057879,True,JST/JKKST empirical 1890-2020; inflation 100% empirical,Italy
1903,JPN,A,0.11334003979266294,0.0260756594331506,0.014335836273319469,-0.005949323078061064,0.05000683153436247,1.0109424658111053,True,JST/JKKST empirical 1890-2020; inflation 100% empirical,Japan
1903,NLD,A,5.580950005890095e-05,0.04948358122157814,-0.02194601705830812,0.005984886725310945,0.025760936813071567,0.9578045156838281,True,JST/JKKST empirical 1900-2020; inflation 100% empirical,Netherlands
1903,NOR,A,-0.05943555149644064,0.06006138715494025,-0.004403558573541577,0.018436594987411903,0.023235031277925033,1.0939314744275161,True,JST/JKKST empirical 1890-2020; inflation 100% empirical,Norway
1903,PRT,A,0.05989203105370189,0.011937040890474426,0.031774324427048306,0.015000000720222673,0.034482758620689724,0.8489008111180792,True,JST/JKKST empirical 1890-2020; inflation 100% empirical,Portugal
1903,SWE,A,0.07993316296921216,0.05815537424131212,0.019725289654939582,0.023069766562345384,0.01654846335697413,1.0699215792331658,True,JST/JKKST empirical 1890-2020; inflation 100% empirical,Sweden
1903,USA,A,-0.16474128082058348,0.05836009987140356,-0.013768741225460235,0.005659938913355367,0.02917493289765427,0.9766137111792845,True,JST/JKKST empirical 1890-2020; inflation 100% empirical,United States
1904,AUS,A,0.12786884865219816,0.14986377479275692,0.06370444699169275,0.08327868061437038,-0.04687499414062568,0.9105625144741836,True,JST/JKKST empirical 1900-2020; inflation 100% empirical,Australia
1904,BEL,A,0.29724423396281696,0.2486322248776769,0.1585559420024929,0.17689512713024236,-0.1235955056179775,0.8876729206151303,True,JST/JKKST empirical 1890-2020; inflation 100% empirical,Belgium
1904,CHE,A,0.1426810771226883,0.09454795141448735,0.022632785141468048,0.0364999994635582,0.0,0.9774418238118985,True,JST/JKKST empirical 1900-2020; inflation 100% empirical,Switzerland
1904,DEU,A,0.1247231513261795,0.09021190887997377,0.027774188667535782,0.03139999881386757,0.0,1.0391943224773064,True,JST/JKKST empirical 1890-2020; inflation 100% empirical,Germany
1904,DNK,A,0.06914178282022476,0.09665876055730882,0.027848100289702415,0.0478999987244606,0.0,1.0062874648859854,True,JST/JKKST empirical 1890-2020; inflation 100% empirical,Denmark
1904,ESP,A,-0.01937681225350929,0.1065699298586007,0.04072766643423931,0.011366821493157042,0.01842375826486098,0.9054432425272415,True,JST/JKKST empirical 1900-2020; inflation 100% empirical,Spain
1904,FIN,A,-0.0003607419494073838,0.1000144447872322,-0.11510643362998962,0.04500000178813934,0.0,1.1383029850508508,True,JST/JKKST empirical 1896-2020; inflation 100% empirical,Finland
1904,FRA,A,0.0629340335726738,0.09851887259079373,-0.023891454562544823,0.021400000900030136,0.0,0.9871058814176017,True,JST/JKKST empirical 1890-2020; inflation 100% empirical,France
1904,GBR,A,0.11342685106760975,0.09707686225832712,0.04354461934977394,0.028857714606669083,-0.0019999999999998908,1.0601046636283777,True,JST/JKKST empirical 1890-2020; inflation 100% empirical,United Kingdom
1904,ITA,A,0.10020154375686419,0.08267591991470646,0.02968410568345492,0.021312279264245282,0.012178177360032683,1.0233643584210554,True,JST/JKKST empirical 1890-2020; inflation 100% empirical,Italy
1904,JPN,A,-0.00912834996632117,0.08637410409495838,-0.03830786354903293,0.019818948750715437,0.023162003903708595,1.0269184259503294,True,JST/JKKST empirical 1890-2020; inflation 100% empirical,Japan
1904,NLD,A,0.10635944766750294,0.0507181430657111,0.001585997140533646,-0.009444865163768856,0.037499038033003584,0.9971300446654792,True,JST/JKKST empirical 1900-2020; inflation 100% empirical,Netherlands
1904,NOR,A,0.011896729146604557,0.102757202442044,0.01665819375449007,0.04205044009314318,-0.004366812227074468,1.094330785807173,True,JST/JKKST empirical 1890-2020; inflation 100% empirical,Norway
1904,PRT,A,0.02961292490363121,-0.005727325721991083,0.022049961611628532,-0.015624999301508069,0.06666666666666665,0.9349403577228181,True,JST/JKKST empirical 1890-2020; inflation 100% empirical,Portugal
1904,SWE,A,0.12765774902175453,0.10493722443894637,0.04613557624466291,0.05324705996934109,-0.011627906976744207,1.0613355965764255,True,JST/JKKST empirical 1890-2020; inflation 100% empirical,Sweden
1904,USA,A,0.29074410444710996,0.07314160620920562,0.001598590509235942,0.025349921513607487,0.009411497902256372,0.9862627552884863,True,JST/JKKST empirical 1890-2020; inflation 100% empirical,United States
1905,AUS,A,0.1459999978542328,0.1420571097901644,0.08857621252536774,0.032499998807907104,0.0,0.8910905611521757,True,JST/JKKST empirical 1900-2020; inflation 100% empirical,Australia
1905,BEL,A,0.1348792430013419,0.10701462566104314,-0.002987064654007443,0.005677097849547952,0.02564102564102555,0.8949742144219568,True,JST/JKKST empirical 1890-2020; inflation 100% empirical,Belgium
1905,CHE,A,0.03868125494883756,0.10803591492587938,-0.00040436697144685674,0.0022756678119104645,0.03414662527562262,0.9899949583828648,True,JST/JKKST empirical 1900-2020; inflation 100% empirical,Switzerland
1905,DEU,A,0.05400798989060562,0.11064840225008976,-0.0050035347313237555,-0.0038936996910273747,0.03252032408175776,1.0493013396827784,True,JST/JKKST empirical 1890-2020; inflation 100% empirical,Germany
1905,DNK,A,0.07245951961389441,0.11882507241685336,0.01661136582941425,0.021186116893776807,0.023809452341859716,1.0080446946259327,True,JST/JKKST empirical 1890-2020; inflation 100% empirical,Denmark
1905,ESP,A,-0.062153095260831015,0.08965565033365142,0.06261527999610195,0.034800014449804184,0.005025110730106475,0.9370519801032897,True,JST/JKKST empirical 1900-2020; inflation 100% empirical,Spain
1905,FIN,A,0.15066853165626526,0.14318382129501828,0.09614947438240051,0.04500000178813934,0.0,1.1126478307452845,True,JST/JKKST empirical 1896-2020; inflation 100% empirical,Finland
1905,FRA,A,0.05404086410999298,0.14788668190342147,0.10570073872804642,0.0210999995470047,0.0,0.966235806024287,True,JST/JKKST empirical 1890-2020; inflation 100% empirical,France
1905,GBR,A,0.10498008381323043,0.14040983492917025,0.03170316354686986,0.021513943578973738,0.0040000000000000036,1.0411792129333972,True,JST/JKKST empirical 1890-2020; inflation 100% empirical,United Kingdom
1905,ITA,A,0.13365695876072414,0.13848200014010437,0.05906229708568156,0.04884994597972936,0.0010964912280702066,1.005108093451568,True,JST/JKKST empirical 1890-2020; inflation 100% empirical,Italy
1905,JPN,A,0.4116310195218633,0.06651800292197696,0.06938568787056698,0.008189508252114175,0.03853491033956491,1.0550321582135445,True,JST/JKKST empirical 1890-2020; inflation 100% empirical,Japan
1905,NLD,A,0.15501012538017944,0.1811828974670091,0.03434188728703513,0.055122765249361994,-0.029591594361527696,0.9449963128811497,True,JST/JKKST empirical 1900-2020; inflation 100% empirical,Netherlands
1905,NOR,A,0.07615774735377112,0.1144978015396847,0.004322048536864687,0.0033747881930190626,0.029824561403505978,1.1000128800821503,True,JST/JKKST empirical 1890-2020; inflation 100% empirical,Norway
1905,PRT,A,0.08409087281478089,0.018404692123619393,0.14321164582905022,0.06105263233184832,-0.01041666666666674,1.0221388801736,True,JST/JKKST empirical 1890-2020; inflation 100% empirical,Portugal
1905,SWE,A,0.12303696177934165,0.12010028426702957,-0.0158780738936678,0.02039170451462269,0.021176470588235352,1.0590543855405086,True,JST/JKKST empirical 1890-2020; inflation 100% empirical,Sweden
1905,USA,A,0.2076232167264338,0.14869834060145593,0.03229101804047141,0.04978795691586235,-0.009323747472477883,0.9567315319451759,True,JST/JKKST empirical 1890-2020; inflation 100% empirical,United States
1906,AUS,A,0.08422608666871634,0.1278386720741842,0.062132467258337654,0.015847037323526214,0.016393178177943835,0.8780680800506517,True,JST/JKKST empirical 1900-2020; inflation 100% empirical,Australia
1906,BEL,A,0.014008278196508073,0.051978149436877175,-0.06109301881356677,-0.06253690916028898,0.10000000000000009,0.9453378860024585,True,JST/JKKST empirical 1890-2020; inflation 100% empirical,Belgium
1906,CHE,A,0.03865574332171118,0.11962948687562247,0.008523296009897319,0.008458760171607071,0.028301841812919726,0.9847559489827885,True,JST/JKKST empirical 1900-2020; inflation 100% empirical,Switzerland
1906,DEU,A,0.0032648353275908093,0.097627204551888,-0.035550069212517355,-0.013949251779098004,0.05511810655140814,1.0655837870101093,True,JST/JKKST empirical 1890-2020; inflation 100% empirical,Germany
1906,DNK,A,0.09130642634913677,0.1387549217476478,0.011086069638878149,0.04237955995881282,0.01162766346873112,0.9839758179529096,True,JST/JKKST empirical 1890-2020; inflation 100% empirical,Denmark
1906,ESP,A,0.13539922068636034,0.003971231242182904,0.09790448375902638,0.0739979519282441,-0.02700000506336364,1.0263749035632868,True,JST/JKKST empirical 1900-2020; inflation 100% empirical,Spain
1906,FIN,A,-0.01402244239484629,0.11283409771093988,-0.1191626095781545,0.002242227574221989,0.04266211604095571,1.1164390276883782,True,JST/JKKST empirical 1896-2020; inflation 100% empirical,Finland
1906,FRA,A,0.0175668804363891,0.14187366591854156,-0.021756889216683728,0.01551648270297834,0.011111111111111072,0.9445664188093873,True,JST/JKKST empirical 1890-2020; inflation 100% empirical,France
1906,GBR,A,0.09630001336336136,0.14948237077304882,-0.010845726355910301,0.039900001138448715,0.0,1.0071247393647431,True,JST/JKKST empirical 1890-2020; inflation 100% empirical,United Kingdom
1906,ITA,A,0.03644545445943703,0.1329037236298103,0.04053019062243579,0.030849415144006187,0.018577481172045385,0.9888705412610559,True,JST/JKKST empirical 1890-2020; inflation 100% empirical,Italy
1906,JPN,A,0.824809226996045,0.07133288640775648,0.04457677361257106,0.023893032668124148,0.019715895175116405,1.045830287249816,True,JST/JKKST empirical 1890-2020; inflation 100% empirical,Japan
1906,NLD,A,0.01782387449366296,0.08577081517612428,-0.040741557551910335,-0.022920076900148856,0.062042087466291695,0.9687157142964615,True,JST/JKKST empirical 1900-2020; inflation 100% empirical,Netherlands
1906,NOR,A,0.1696964786811297,0.15975206477298887,0.045833120049067366,0.043812863611795594,-0.0068143100511063315,1.0509991849077764,True,JST/JKKST empirical 1890-2020; inflation 100% empirical,Norway
1906,PRT,A,0.059008460491895676,0.09814788863377033,0.09147219359874725,0.05000000074505806,0.0,1.034236898027899,True,JST/JKKST empirical 1890-2020; inflation 100% empirical,Portugal
1906,SWE,A,0.11207369306286608,0.13018485321057538,-0.0057753159141097354,0.024749435753504745,0.02073732718894017,1.0399355267674126,True,JST/JKKST empirical 1890-2020; inflation 100% empirical,Sweden
1906,USA,A,0.05354440048975517,0.12683432887283552,0.010583218487273172,0.015878130363287113,0.018822995804512743,0.9451516206648558,True,JST/JKKST empirical 1890-2020; inflation 100% empirical,United States
1907,AUS,A,0.08799999952316284,-0.023597250663141445,-0.03257241100072861,0.03189999982714653,0.0,0.8582906347437861,True,JST/JKKST empirical 1900-2020; inflation 100% empirical,Australia
1907,BEL,A,-0.0915692143970065,-0.02552235837201222,-0.020358511567529658,0.00840972761313119,0.022727272727272707,0.9364514511477671,True,JST/JKKST empirical 1890-2020; inflation 100% empirical,Belgium
1907,CHE,A,-0.09712263883056416,-0.033273496353360965,-0.03336212700856611,0.009069973174185675,0.028669989567636556,0.9832136907294337,True,JST/JKKST empirical 1900-2020; inflation 100% empirical,Switzerland
1907,DEU,A,0.03277741762598674,-0.007447743534727991,0.010871936461238851,0.059103756263992446,-0.007462684850910062,1.0293476055730217,True,JST/JKKST empirical 1890-2020; inflation 100% empirical,Germany
1907,DNK,A,-0.05214608470844351,-0.0626464107361604,-0.03246903175809701,0.006362992691439695,0.05747131671513461,1.008331901314058,True,JST/JKKST empirical 1890-2020; inflation 100% empirical,Denmark
1907,ESP,A,0.033521589784696326,-0.06725639453562615,0.017488615230772275,0.0027465369686319185,0.042137731980847803,1.050624167160216,True,JST/JKKST empirical 1900-2020; inflation 100% empirical,Spain
1907,FIN,A,0.15491982990284647,-0.0436866291817356,0.007021442251770038,0.023205742352839565,0.026186579378068897,1.107797590355834,True,JST/JKKST empirical 1896-2020; inflation 100% empirical,Finland
1907,FRA,A,0.006436565830169938,-0.02167621919185947,0.01896895445964253,0.022266305173220813,0.01098901098901095,0.9263968984128926,True,JST/JKKST empirical 1890-2020; inflation 100% empirical,France
1907,GBR,A,-0.013438733872541575,-0.02330242753306655,-0.011727628730520023,0.032312253394381374,0.01200000000000001,0.990548183640541,True,JST/JKKST empirical 1890-2020; inflation 100% empirical,United Kingdom
1907,ITA,A,0.011354360667139796,-0.060484608672969564,0.009127495608132197,0.007439195439312263,0.047209602800816874,1.0069119145902545,True,JST/JKKST empirical 1890-2020; inflation 100% empirical,Italy
1907,JPN,A,-0.2039871330227795,-0.09659794762818696,-0.08541934124908346,-0.05515075356106813,0.10459949561666892,1.121102350888091,True,JST/JKKST empirical 1890-2020; inflation 100% empirical,Japan
1907,NLD,A,-0.05441933494803408,-0.03289064933926911,-0.018977521075536186,0.026038041448260163,0.021989397116199072,0.9641662032988432,True,JST/JKKST empirical 1900-2020; inflation 100% empirical,Netherlands
1907,NOR,A,0.03662588487234708,-0.034098182343546335,-0.04792198146300175,0.011151296879204242,0.024871355060037903,1.0411491629791643,True,JST/JKKST empirical 1890-2020; inflation 100% empirical,Norway
1907,PRT,A,0.020625321194529755,0.0007508944993710465,0.07348916679620765,0.054999999701977,-1.1102230246251565e-16,0.9921602096517314,True,JST/JKKST empirical 1890-2020; inflation 100% empirical,Portugal
1907,SWE,A,-0.1518065537537885,-0.04869757858198287,-0.07795257244035292,-0.0008733914645445706,0.05191873589164797,1.0579528313279476,True,JST/JKKST empirical 1890-2020; inflation 100% empirical,Sweden
1907,USA,A,-0.3191256840049478,-0.03562727981126146,-0.06757748664477925,-0.006020636957048797,0.04629938786866994,0.9597025802262585,True,JST/JKKST empirical 1890-2020; inflation 100% empirical,United States
1908,AUS,A,0.13634345451851315,0.0035877944614226553,0.0188406263206522,-0.0003471291115606512,0.03225832674300988,0.8808027981384923,True,JST/JKKST empirical 1900-2020; inflation 100% empirical,Australia
1908,BEL,A,0.012359471111507148,0.014199782242990233,0.009344802657654139,0.0200196979465066,0.011111111111111072,0.9589290813908796,True,JST/JKKST empirical 1890-2020; inflation 100% empirical,Belgium
1908,CHE,A,0.07667112633650786,0.015849941989120486,0.012662152196234233,0.025777253931591693,0.013377902301648259,1.001317333933335,True,JST/JKKST empirical 1900-2020; inflation 100% empirical,Switzerland
1908,DEU,A,0.020598167553544044,0.036852781185210626,0.05757177248597145,0.03519999980926514,0.0,1.031920342831245,True,JST/JKKST empirical 1890-2020; inflation 100% empirical,Germany
1908,DNK,A,-0.0707234798054811,0.015275247217747312,0.0016619086254920923,0.04508051184440642,0.021739462374474217,1.0368130972824687,True,JST/JKKST empirical 1890-2020; inflation 100% empirical,Denmark
1908,ESP,A,0.07209616712951061,0.08227929395224076,0.09500001180487772,0.06953348523581604,-0.02761342822602142,1.0086464938610105,True,JST/JKKST empirical 1900-2020; inflation 100% empirical,Spain
1908,FIN,A,-0.07644703704863787,-0.019675738250857666,0.01976712979376316,-0.002499999292194799,0.05263157894736836,1.1777168567128609,True,JST/JKKST empirical 1896-2020; inflation 100% empirical,Finland
1908,FRA,A,0.05162277657498593,0.020996541499573196,0.0339524508804403,0.010417205191427525,0.010869565217391353,0.9404481549743341,True,JST/JKKST empirical 1890-2020; inflation 100% empirical,France
1908,GBR,A,0.040479841072167844,0.03007560691275657,0.0307913470031016,0.0181094524427432,0.0050000000000001155,0.9979479922493361,True,JST/JKKST empirical 1890-2020; inflation 100% empirical,United Kingdom
1908,ITA,A,-0.023496216909339118,0.05074183322437631,0.05900164749760273,0.048238672826056206,-0.010244490700756614,0.9995233540874273,True,JST/JKKST empirical 1890-2020; inflation 100% empirical,Italy
1908,JPN,A,-0.3174414442219372,0.10054471447787017,0.10277382000087831,0.08706461131663334,-0.03446401391606879,1.0835436838741277,True,JST/JKKST empirical 1890-2020; inflation 100% empirical,Japan
1908,NLD,A,0.14224517348789645,0.05205511450810962,0.059542004733747156,0.052487400464953815,-0.021270944712012074,0.9466036339791704,True,JST/JKKST empirical 1900-2020; inflation 100% empirical,Netherlands
1908,NOR,A,0.04056362520540713,0.028097036309981727,0.07101007545954308,0.04051216524219248,-0.0025104602510449547,1.0508127019835583,True,JST/JKKST empirical 1890-2020; inflation 100% empirical,Norway
1908,PRT,A,-0.012534792491351254,0.15879932963564425,-0.02406827245916554,0.029166665781910295,0.010526315789473717,0.8973895197062909,True,JST/JKKST empirical 1890-2020; inflation 100% empirical,Portugal
1908,SWE,A,0.05092702468908361,0.008444682819343852,0.07392369141412347,0.03938689188397726,0.015021459227467782,1.086545076156096,True,JST/JKKST empirical 1890-2020; inflation 100% empirical,Sweden
1908,USA,A,0.4611119024806496,0.02903408485729675,0.055804469297238146,0.05869409762802946,-0.01765769598978839,0.9436962001965474,True,JST/JKKST empirical 1890-2020; inflation 100% empirical,United States
1909,AUS,A,0.11753874405588838,0.1004725222782914,0.009632251022789973,0.015434098892946224,0.0156247480469065,0.9017323213078589,True,JST/JKKST empirical 1900-2020; inflation 100% empirical,Australia
1909,BEL,A,0.18563170747624502,0.13592838035372656,0.02299588588583812,0.042414545288516514,-0.010989010989011061,0.9493981357557545,True,JST/JKKST empirical 1890-2020; inflation 100% empirical,Belgium
1909,CHE,A,0.09771760561925213,0.10386543923106273,0.029987615164803083,0.022625031324206013,0.016501620806097517,1.0233063956986563,True,JST/JKKST empirical 1900-2020; inflation 100% empirical,Switzerland
1909,DEU,A,0.1069892418252596,0.08569646378660067,0.004211847679946201,-0.0014321193289700274,0.030075190435543186,1.0705442674790078,True,JST/JKKST empirical 1890-2020; inflation 100% empirical,Germany
1909,DNK,A,0.15045329460708423,0.15768869363147475,0.05749669654015688,0.08812757656402592,-0.0319149873758614,1.0103625750275465,True,JST/JKKST empirical 1890-2020; inflation 100% empirical,Denmark
1909,ESP,A,0.06246371606254453,0.11099482948685746,0.0753094812934123,0.05896197147246851,-0.013184580806915425,1.02662811421696,True,JST/JKKST empirical 1900-2020; inflation 100% empirical,Spain
1909,FIN,A,0.104062466762183,0.1357713465232544,0.13640857597618772,0.06288343633702209,-0.01212121212121231,1.1714057110746399,True,JST/JKKST empirical 1896-2020; inflation 100% empirical,Finland
1909,FRA,A,0.09491437673568726,0.12452154136190319,0.048972271382808685,0.017500000074505806,0.0,0.9446723643972389,True,JST/JKKST empirical 1890-2020; inflation 100% empirical,France
1909,GBR,A,0.10507647492992356,0.11556917562048907,0.013114099478840346,0.017810945487141128,0.004999999999999893,1.0094055146943075,True,JST/JKKST empirical 1890-2020; inflation 100% empirical,United Kingdom
1909,ITA,A,0.0269032257985653,0.17005113833714547,0.0750693417789996,0.07247707217567378,-0.02795124717009212,0.9707794400856233,True,JST/JKKST empirical 1890-2020; inflation 100% empirical,Italy
1909,JPN,A,0.3929246018737582,0.14929673849205627,0.20235644221557236,0.08386487486242422,-0.03884697669181403,1.0492937061076317,True,JST/JKKST empirical 1890-2020; inflation 100% empirical,Japan
1909,NLD,A,0.12881313070947575,0.11835057760913448,0.029466590761365152,0.018505448717625717,0.0021546782215402516,0.9539711298898975,True,JST/JKKST empirical 1900-2020; inflation 100% empirical,Netherlands
1909,NOR,A,0.10879697359461926,0.1559730914330808,0.08611605905889919,0.06446937029993238,-0.027684563758389014,1.0277456307105648,True,JST/JKKST empirical 1890-2020; inflation 100% empirical,Norway
1909,PRT,A,0.0753140375786221,0.10799277507318594,0.06483580648284581,0.03917525846933567,0.01041666666666674,0.9150487956755566,True,JST/JKKST empirical 1890-2020; inflation 100% empirical,Portugal
1909,SWE,A,0.0820520983943307,0.13652036308710658,0.07506598206187243,0.05200853731518995,-0.009513742071881492,1.081364807492418,True,JST/JKKST empirical 1890-2020; inflation 100% empirical,Sweden
1909,USA,A,0.21127267165604957,0.13822621912876443,0.0314764200012807,0.059153064815093304,-0.018083378451542953,0.9312452077298323,True,JST/JKKST empirical 1890-2020; inflation 100% empirical,United States
1910,AUS,A,0.05083320564364313,0.04683168159403772,0.0183307076667385,0.015674118251743696,0.01538474035504489,0.8975564149116498,True,JST/JKKST empirical 1900-2020; inflation 100% empirical,Australia
1910,BEL,A,0.06445953816823313,0.04600963569259742,-0.0185365034014231,0.008507982098861833,0.022222222222222365,0.9449284122620035,True,JST/JKKST empirical 1890-2020; inflation 100% empirical,Belgium
1910,CHE,A,0.020029223761106163,0.024481965498770686,-0.03242786184813973,-0.0025980583978253424,0.042207718332834654,1.0413196915236005,True,JST/JKKST empirical 1900-2020; inflation 100% empirical,Switzerland
1910,DEU,A,0.04013890275393339,0.027457942837414873,-0.0024230320839723207,-0.0010577452194148185,0.03649634852711414,1.0851016393389419,True,JST/JKKST empirical 1890-2020; inflation 100% empirical,Germany
1910,DNK,A,0.045419968184913895,0.05332159817594073,0.028801672750543128,0.0420491510423211,0.01098878045594609,1.0001949308103828,True,JST/JKKST empirical 1890-2020; inflation 100% empirical,Denmark
1910,ESP,A,0.014850914345932775,0.023409972603670504,0.031231184730488026,0.030468405297901846,0.009249768123917423,1.0460568688774514,True,JST/JKKST empirical 1900-2020; inflation 100% empirical,Spain
1910,FIN,A,0.04567369818687439,0.06366907879337957,0.09842497855424881,0.05000000074505806,0.0,1.1490131088327418,True,JST/JKKST empirical 1896-2020; inflation 100% empirical,Finland
1910,FRA,A,0.022490197713387783,0.056353712924103405,0.009454239179637947,0.013007447182973753,0.010752688172043001,0.9339154840958285,True,JST/JKKST empirical 1890-2020; inflation 100% empirical,France
1910,GBR,A,0.0057655010811756835,0.057993303830505605,-0.02186541180278656,0.022398412759287556,0.008999999999999897,0.9974461963644268,True,JST/JKKST empirical 1890-2020; inflation 100% empirical,United Kingdom
1910,ITA,A,0.009933110849724036,0.03935228027618032,0.008668140530870394,0.02170706842321013,0.027691824003441834,0.9751950743299724,True,JST/JKKST empirical 1890-2020; inflation 100% empirical,Italy
1910,JPN,A,0.3332749225180067,0.04403188726172247,0.09009061527742501,0.0316610802491708,0.002577319587629079,1.0296567310652007,True,JST/JKKST empirical 1890-2020; inflation 100% empirical,Japan
1910,NLD,A,-0.04145448295088083,0.03887641883854309,-0.003762793592380187,0.00799529432685131,0.028179404536004427,0.9617008711531898,True,JST/JKKST empirical 1900-2020; inflation 100% empirical,Netherlands
1910,NOR,A,0.04773172077961285,0.023818364401924974,-0.03001460276363843,-0.001194837491499845,0.03623813632441397,1.0447055855727936,True,JST/JKKST empirical 1890-2020; inflation 100% empirical,Norway
1910,PRT,A,-0.011709119363497611,0.05188671081326901,0.08472697384735595,0.10037634377518012,-0.04123711340206193,0.9100896426224059,True,JST/JKKST empirical 1890-2020; inflation 100% empirical,Portugal
1910,SWE,A,0.15540540218353271,0.05502753455136511,0.005447224248200655,0.04100000113248825,0.0,1.0619359323188924,True,JST/JKKST empirical 1890-2020; inflation 100% empirical,Sweden
1910,USA,A,-0.11626981396443337,0.02435041528459103,-0.009461358701790656,-0.010398565863429354,0.045875606528451796,0.955701962450366,True,JST/JKKST empirical 1890-2020; inflation 100% empirical,United States
1911,AUS,A,0.02904237018985545,-0.022326812715787736,-0.04604512733249977,-0.040211160568555226,0.07575745454545468,0.9399109020277584,True,JST/JKKST empirical 1900-2020; inflation 100% empirical,Australia
1911,BEL,A,-0.06093001334775927,-0.005709016539417577,-0.06868202186056549,-0.03217880351811042,0.0652173913043479,0.979575687516465,True,JST/JKKST empirical 1890-2020; inflation 100% empirical,Belgium
1911,CHE,A,0.01333432485564634,0.03089590720580504,-0.0049796691294118345,0.01525234748289761,0.023883376773430776,1.0386623360556786,True,JST/JKKST empirical 1900-2020; inflation 100% empirical,Switzerland
1911,DEU,A,0.05248943716287613,0.05230774610584543,0.024636516347527504,0.03539999946951866,0.0,1.059169441592776,True,JST/JKKST empirical 1890-2020; inflation 100% empirical,Germany
1911,DNK,A,0.14359322345828285,0.05993614255925572,0.04064445244403703,0.061437119642569815,-0.010869339668626465,0.9645180428734161,True,JST/JKKST empirical 1890-2020; inflation 100% empirical,Denmark
1911,ESP,A,0.0589102613650172,0.10930748932652112,0.09351338012951071,0.07843719047059428,-0.03564156698628995,0.9713611730633562,True,JST/JKKST empirical 1900-2020; inflation 100% empirical,Spain
1911,FIN,A,0.049842915515603714,0.01354782892116213,0.021566611757306564,0.006410636877203446,0.0383435582822087,1.1618559723079178,True,JST/JKKST empirical 1896-2020; inflation 100% empirical,Finland
1911,FRA,A,0.03302926007582219,0.01068198354433525,-0.03504056978628656,-0.015781632301454684,0.042553191489361764,0.9478416153126505,True,JST/JKKST empirical 1890-2020; inflation 100% empirical,France
1911,GBR,A,0.015020692562842441,0.05540562431749696,0.0012487511519903016,0.028071928929377377,0.001000000000000112,0.9730887081774623,True,JST/JKKST empirical 1890-2020; inflation 100% empirical,United Kingdom
1911,ITA,A,-0.023679692414025566,0.033401063973800715,-0.001651520675207574,0.02940028407237616,0.024868572532665834,0.9726732077122275,True,JST/JKKST empirical 1890-2020; inflation 100% empirical,Italy
1911,JPN,A,-0.17517597957304787,-0.009294640677889099,-0.10413775809608294,-0.035801149200665905,0.07455012853470433,1.0788453690416397,True,JST/JKKST empirical 1890-2020; inflation 100% empirical,Japan
1911,NLD,A,0.12246837088883189,0.01929262662111353,-0.07602501210584545,0.0035196965355719367,0.028081465394856897,0.9630408827273821,True,JST/JKKST empirical 1900-2020; inflation 100% empirical,Netherlands
1911,NOR,A,0.07194142332622433,0.03192899941476912,-0.005203647612057272,0.015446027029682563,0.02053676140190608,1.0373740504729232,True,JST/JKKST empirical 1890-2020; inflation 100% empirical,Norway
1911,PRT,A,-0.05455724537993467,-0.008260368815015573,-0.015029831366105473,-0.008939394219355079,0.06451612903225801,0.9453615917066053,True,JST/JKKST empirical 1890-2020; inflation 100% empirical,Portugal
1911,SWE,A,0.11552228668193121,0.018410927878000916,-0.0008155696576586102,0.011765802558993954,0.029882604055496254,1.064724245504719,True,JST/JKKST empirical 1890-2020; inflation 100% empirical,Sweden
1911,USA,A,0.058563537895679474,0.05307931915110231,0.034620750695466995,0.03500000014901161,0.0,0.9318854611722539,True,JST/JKKST empirical 1890-2020; inflation 100% empirical,United States
1912,AUS,A,0.0013766172776294994,-0.04180777792658652,-0.07350854225540726,-0.046755853943254655,0.08450705177544249,0.9877296639609919,True,JST/JKKST empirical 1900-2020; inflation 100% empirical,Australia
1912,BEL,A,0.005672202507654767,-0.02233710780510989,-0.12631294727325437,-0.037676783154408144,0.0714285714285714,1.0099446438796058,True,JST/JKKST empirical 1890-2020; inflation 100% empirical,Belgium
1912,CHE,A,-0.027778447545309892,0.009012729686915133,-0.040719720728639386,0.0033659965659671442,0.0365111062815997,1.0418236993638572,True,JST/JKKST empirical 1900-2020; inflation 100% empirical,Switzerland
1912,DEU,A,0.04466936881505679,0.028593469218746392,-0.012123732082998662,0.027725001136080785,0.014084505039701822,1.0387793539464767,True,JST/JKKST empirical 1890-2020; inflation 100% empirical,Germany
1912,DNK,A,0.020361744359181255,-0.01279616908624348,-0.0826613196697733,-0.0010854479661329686,0.054945089742498565,0.9845061697872531,True,JST/JKKST empirical 1890-2020; inflation 100% empirical,Denmark
1912,ESP,A,0.0035727356751347195,-0.02365131129399778,-0.013135161402050288,-0.004411473609987282,0.049630418680387756,1.0028713961958553,True,JST/JKKST empirical 1900-2020; inflation 100% empirical,Spain
1912,FIN,A,-0.2044224047987665,0.03309453713205435,-0.10515368664247482,0.025757576485431866,0.02363367799113747,1.1521887726131539,True,JST/JKKST empirical 1896-2020; inflation 100% empirical,Finland
1912,FRA,A,0.06303086131811142,0.04014134841539696,-0.01954321376979351,0.031199999153614044,0.0,0.918908242286896,True,JST/JKKST empirical 1890-2020; inflation 100% empirical,France
1912,GBR,A,0.004293221003800696,0.012466887613256983,-0.02179905267667448,0.006019419258080472,0.03000000000000025,0.9709937533645787,True,JST/JKKST empirical 1890-2020; inflation 100% empirical,United Kingdom
1912,ITA,A,-0.010405710655378098,0.03898782532822054,0.046804420352209775,0.04796311031629452,0.00910040690641134,0.948144350487694,True,JST/JKKST empirical 1890-2020; inflation 100% empirical,Italy
1912,JPN,A,0.038914680938462176,-0.014852878831376093,-0.06109130876582125,-0.006839581044241649,0.055458895171814016,1.102058983006782,True,JST/JKKST empirical 1890-2020; inflation 100% empirical,Japan
1912,NLD,A,0.030037723793544302,0.030978382638932267,-0.014801116412145654,0.0280803883297418,0.010718627227492838,0.9432907553031304,True,JST/JKKST empirical 1900-2020; inflation 100% empirical,Netherlands
1912,NOR,A,-0.04981179946678016,-0.016371981309214356,-0.06934144688830124,-0.017063290324120906,0.061919846747323426,1.0672198539233553,True,JST/JKKST empirical 1890-2020; inflation 100% empirical,Norway
1912,PRT,A,0.08418506558756444,0.07039528307731935,0.08543330818718808,0.06576530582138473,-0.010101010101010166,0.8911070292078798,True,JST/JKKST empirical 1890-2020; inflation 100% empirical,Portugal
1912,SWE,A,0.09983392759476817,0.01710304453295386,-0.012418686989033034,0.01986294527193011,0.020725388601036343,1.0517090050571545,True,JST/JKKST empirical 1890-2020; inflation 100% empirical,Sweden
1912,USA,A,0.054529511487064974,0.01400003864560162,-0.005989779549254282,0.008417916726240593,0.02636018557570652,0.9256922878840678,True,JST/JKKST empirical 1890-2020; inflation 100% empirical,United States
1913,AUS,A,0.10332871061847593,0.013681267927036611,0.060484583726309715,0.046591886177582253,-0.012986806544083906,0.9727262431298789,True,JST/JKKST empirical 1900-2020; inflation 100% empirical,Australia
1913,BEL,A,0.008538093976676597,0.06905263261447225,0.03636963670142013,0.0826959493570032,-0.04761904761904778,0.9516681235392443,True,JST/JKKST empirical 1890-2020; inflation 100% empirical,Belgium
1913,CHE,A,0.06935610878808074,0.025953466383119794,0.05612719880329653,0.06441325440917067,-0.02152665413905641,1.0166410313364904,True,JST/JKKST empirical 1900-2020; inflation 100% empirical,Switzerland
1913,DEU,A,0.033685673168236896,7.811801879498148e-05,0.01562883855069086,0.04256000404296367,0.0069444415801149795,1.0404615390241647,True,JST/JKKST empirical 1890-2020; inflation 100% empirical,Germany
1913,DNK,A,-0.004763872339034747,-0.03722100109917814,-0.04554901867417671,0.01740812119449009,0.041666541598254225,1.024296249047813,True,JST/JKKST empirical 1890-2020; inflation 100% empirical,Denmark
1913,ESP,A,0.021365111203057507,0.0032674650730191157,0.002267971058772522,0.038730008347962475,0.006036210940077558,1.0022752405821518,True,JST/JKKST empirical 1900-2020; inflation 100% empirical,Spain
1913,FIN,A,0.055490054190158844,0.0055853700419776775,0.06066017225384712,0.05000000074505806,0.0,1.146588444304497,True,JST/JKKST empirical 1896-2020; inflation 100% empirical,Finland
1913,FRA,A,0.002376275137066841,0.006482859853210732,-0.02016141265630722,0.03819999843835831,0.0,0.916693957751676,True,JST/JKKST empirical 1890-2020; inflation 100% empirical,France
1913,GBR,A,-0.03409935937947528,0.013329270480282984,-0.009210986635052931,0.047891564667225106,-0.004000000000000115,0.9646860379398868,True,JST/JKKST empirical 1890-2020; inflation 100% empirical,United Kingdom
1913,ITA,A,-0.050678929131338535,0.015465510981329533,0.03983362198694618,0.05164197695623507,0.0020045072220642446,0.941084838226716,True,JST/JKKST empirical 1890-2020; inflation 100% empirical,Italy
1913,JPN,A,-0.029118738401628708,-0.019712418397056508,0.00336002561897053,0.01796527908593415,0.030290541932824988,1.1291709901888705,True,JST/JKKST empirical 1890-2020; inflation 100% empirical,Japan
1913,NLD,A,-0.02802864269896599,-0.027326627307834972,-0.014783050239520867,0.008934071431708546,0.03951291640886612,0.9735224795809786,True,JST/JKKST empirical 1900-2020; inflation 100% empirical,Netherlands
1913,NOR,A,-0.0016775684941132685,-0.031772806915667307,-0.010306979159401153,0.006839839492646993,0.03790092604472384,1.1042860530590728,True,JST/JKKST empirical 1890-2020; inflation 100% empirical,Norway
1913,PRT,A,0.026770436675241704,0.0277288402478435,0.05886615311155241,0.023663366047462775,0.030612244897959107,0.8704112207412876,True,JST/JKKST empirical 1890-2020; inflation 100% empirical,Portugal
1913,SWE,A,-0.0022145382316357543,0.0048087235772160675,-0.03680443658157884,0.0418269248596328,0.003045685279187804,1.0511139556610263,True,JST/JKKST empirical 1890-2020; inflation 100% empirical,Sweden
1913,USA,A,-0.10691478003004573,-0.0036120470169698216,-0.007838656969857527,0.017645454691967766,0.017053626463940708,0.9386622014770291,True,JST/JKKST empirical 1890-2020; inflation 100% empirical,United States
1914,AUS,A,0.058300210208592995,-0.1069087062358044,-0.01705891076490562,-0.018649798734853174,0.052631362880909194,1.0410940310416323,True,JST/JKKST empirical 1900-2020; inflation 100% empirical,Australia
1914,BEL,A,-0.012594593688845634,-0.045019228706198455,,0.03167058899998665,0.0,0.9615187948850976,False,JST/JKKST empirical 1890-2020; inflation 100% empirical,Belgium
1914,CHE,A,0.04160924985888603,-0.07896778170707741,0.0031562440426082805,0.023083684661052706,0.01800078921747783,1.0586229358755348,True,JST/JKKST empirical 1900-2020; inflation 100% empirical,Switzerland
1914,DEU,A,-0.11027463941628612,-0.04570057354936685,0.017433371457392655,0.008479859050374072,0.027586213550290672,1.058691611334895,True,JST/JKKST empirical 1890-2020; inflation 100% empirical,Germany
1914,DNK,A,-0.02609094397211731,-0.06524417895369039,0.00912023744902335,0.02883485891213744,0.03000009365123857,1.0567675526308367,True,JST/JKKST empirical 1890-2020; inflation 100% empirical,Denmark
1914,ESP,A,-0.06957755660813336,-0.05649602252913466,-0.00404947800330846,0.043129386203429876,-0.002999998982762153,1.0280335296967988,True,JST/JKKST empirical 1900-2020; inflation 100% empirical,Spain
1914,FIN,A,0.026466386392712593,0.08579677807639685,0.028287624940276146,0.05000000074505806,0.0,1.0245478304703879,True,JST/JKKST empirical 1896-2020; inflation 100% empirical,Finland
1914,FRA,A,-0.12826837316155437,-0.07113882211926248,-0.15945086985826495,0.008125999681651619,0.020408163265306145,0.957929919931903,True,JST/JKKST empirical 1890-2020; inflation 100% empirical,France
1914,GBR,A,0.0023671033051437806,-0.05203968926371916,0.04782536042968166,0.03219659063019753,-0.0030000000000001137,0.9804563880606619,True,JST/JKKST empirical 1890-2020; inflation 100% empirical,United Kingdom
1914,ITA,A,-0.16070590913295746,-0.04467329646499485,0.012099998071789742,0.042500000447034836,0.0,0.959784530622871,True,JST/JKKST empirical 1890-2020; inflation 100% empirical,Italy
1914,JPN,A,0.05118135146431113,0.04512480482911929,0.0950053498938297,0.1386886672563672,-0.07879999999999987,1.044291633467902,True,JST/JKKST empirical 1890-2020; inflation 100% empirical,Japan
1914,NLD,A,0.005688557401299477,-0.054791316265625944,0.028237110003829002,0.029999999329447746,0.0,0.9919104481447686,True,JST/JKKST empirical 1900-2020; inflation 100% empirical,Netherlands
1914,NOR,A,0.010193842960360744,-0.005894555116666811,0.0005665352857373573,0.02636814180757563,0.01123559718322742,1.0729947179073156,True,JST/JKKST empirical 1890-2020; inflation 100% empirical,Norway
1914,PRT,A,0.06897057287394981,0.03413757122216854,0.07111936505883931,0.06554999969899633,-0.009900990099009799,0.8121202896057801,True,JST/JKKST empirical 1890-2020; inflation 100% empirical,Portugal
1914,SWE,A,-0.2459188289456553,0.0009156406447194954,-0.057730428777731824,0.03142857319348824,0.013157894736842035,1.0313017584912252,True,JST/JKKST empirical 1890-2020; inflation 100% empirical,Sweden
1914,USA,A,-0.04324626673012977,-0.049319235738766065,0.00075786678120493,0.02465000014752139,0.010101010101010166,0.9543084642661982,True,JST/JKKST empirical 1890-2020; inflation 100% empirical,United States
1915,AUS,A,-0.13258427856848498,0.024841981661171797,-0.0873712661428625,-0.06990555500981332,0.1125000112500012,1.0340099629510313,True,JST/JKKST empirical 1900-2020; inflation 100% empirical,Australia
1915,BEL,A,-0.2747831528329311,-0.0893806987019623,,,0.3953896103896102,1.078163988812078,False,JST/JKKST empirical 1890-2020; inflation 100% empirical,Belgium
1915,CHE,A,-0.1449749087201193,-0.010999006395507549,,-0.09391282492281983,0.14999972198591016,1.088276510666674,False,JST/JKKST empirical 1900-2020; inflation 100% empirical,Switzerland
1915,DEU,A,-0.12499629192310213,-0.013455987541902248,-0.1511266197921789,-0.17221336893903194,0.2550335559059951,1.0895189890468693,True,JST/JKKST empirical 1890-2020; inflation 100% empirical,Germany
1915,DNK,A,0.21853801809200024,-0.0739366455076208,,-0.10439434057591812,0.18333329836274714,1.1281107023551462,False,JST/JKKST empirical 1890-2020; inflation 100% empirical,Denmark
1915,ESP,A,0.031010720209042386,-0.05130723248886038,-0.074019538200226,-0.04591116161453079,0.09528584733944911,1.0865128017867292,True,JST/JKKST empirical 1900-2020; inflation 100% empirical,Spain
1915,FIN,A,0.04309078986696191,0.10686414838253744,-0.22038064797897994,-0.1358273388724105,0.20346320346320357,0.936497592762803,True,JST/JKKST empirical 1896-2020; inflation 100% empirical,Finland
1915,FRA,A,-0.2311298836022616,0.021693782505258996,-0.1913276685401798,,0.17647058823529416,0.9600288348502529,False,JST/JKKST empirical 1890-2020; inflation 100% empirical,France
1915,GBR,A,-0.08799999952316262,0.0031972170784233533,-0.0808888872464496,-0.07857777674992861,0.12499999999999978,0.9908742360951732,True,JST/JKKST empirical 1890-2020; inflation 100% empirical,United Kingdom
1915,ITA,A,0.13857114619249122,0.1810369102646081,-0.16106782476151582,,0.06999798008048619,0.8210873768484505,False,JST/JKKST empirical 1890-2020; inflation 100% empirical,Italy
1915,JPN,A,0.41791391685152246,0.16506183368943694,0.21908034015437394,0.10552547423925573,-0.0640468953538863,0.8915044999659987,True,JST/JKKST empirical 1890-2020; inflation 100% empirical,Japan
1915,NLD,A,-0.07601933301959862,-0.0543570362279403,-0.1817518464984189,-0.10643481600704596,0.15000004262612143,1.058935544817674,True,JST/JKKST empirical 1900-2020; inflation 100% empirical,Netherlands
1915,NOR,A,0.03206857561951648,-0.11894368004437395,-0.2102823551626558,-0.0897768917690015,0.14444468876487337,1.2146980241586245,True,JST/JKKST empirical 1890-2020; inflation 100% empirical,Norway
1915,PRT,A,0.003399897100670124,0.20624258078704671,-0.03032522249434666,-0.05803571455180634,0.11999999999999988,0.6859245416610595,True,JST/JKKST empirical 1890-2020; inflation 100% empirical,Portugal
1915,SWE,A,0.032790803442830585,-0.1410921528941672,-0.08958670067398444,-0.09039565061745436,0.1488511488511488,1.1953101202346865,True,JST/JKKST empirical 1890-2020; inflation 100% empirical,Sweden
1915,USA,A,0.33494982624998193,0.05442622875052239,0.03455940169273042,0.02475247539506098,0.010000000000000009,0.8974549227647433,True,JST/JKKST empirical 1890-2020; inflation 100% empirical,United States
1916,AUS,A,-0.05523093901760101,0.24823482841736766,0.01585670290023633,0.012495546775830091,0.022472091907603797,0.8974074756587954,True,JST/JKKST empirical 1900-2020; inflation 100% empirical,Australia
1916,BEL,A,-0.3732803055814051,-0.1381463038024262,,,0.613627090983272,1.3577884512692278,False,JST/JKKST empirical 1890-2020; inflation 100% empirical,Belgium
1916,CHE,A,-0.07033723894851007,0.06903776655826177,-0.11428806970856298,-0.10574602944685851,0.1652170789795051,1.0949924337981658,True,JST/JKKST empirical 1900-2020; inflation 100% empirical,Switzerland
1916,DEU,A,-0.12314690784891313,0.10275852761041593,-0.20700199576916867,-0.2047178871025882,0.3155080226035665,1.0677322330785022,True,JST/JKKST empirical 1890-2020; inflation 100% empirical,Germany
1916,DNK,A,0.4325180860409368,-0.04740010236243808,-0.004135903149639186,-0.09941200675179573,0.16901403039663165,1.224866841072489,True,JST/JKKST empirical 1890-2020; inflation 100% empirical,Denmark
1916,ESP,A,-0.07551321980271442,0.06992320582438816,-0.07824346560529938,-0.11402174438376611,0.17948718849911205,1.0926957751279571,True,JST/JKKST empirical 1900-2020; inflation 100% empirical,Spain
1916,FIN,A,0.4301631822508456,-0.055059594956584856,-0.21442038915498995,-0.2157685359363961,0.32613908872901676,1.0244595738809892,True,JST/JKKST empirical 1896-2020; inflation 100% empirical,Finland
1916,FRA,A,0.0054361820220945045,0.169266901055666,-0.1387789963704089,,0.15000000000000013,0.8836945102291475,False,JST/JKKST empirical 1890-2020; inflation 100% empirical,France
1916,GBR,A,-0.17418148232959896,0.08159437933307001,-0.3251365791630888,-0.10922946564531466,0.18100000000000027,0.9920476187569349,True,JST/JKKST empirical 1890-2020; inflation 100% empirical,United Kingdom
1916,ITA,A,-0.07205713140497538,0.1017045251704527,-0.15987758891391257,,0.2514049430762082,0.8030418399523818,False,JST/JKKST empirical 1890-2020; inflation 100% empirical,Italy
1916,JPN,A,0.8096396747994539,0.05651899748559486,-0.025590038594704323,-0.043295846519550873,0.08037578288100211,0.861842236819377,True,JST/JKKST empirical 1890-2020; inflation 100% empirical,Japan
1916,NLD,A,0.09549562071332174,0.09709966272288129,-0.008246622068058707,-0.08503125228273833,0.11304348148401666,1.0298518305829092,True,JST/JKKST empirical 1900-2020; inflation 100% empirical,Netherlands
1916,NOR,A,0.1134143337372564,0.039026218956317305,-0.1153391400203293,-0.1269963726126473,0.19174762370696397,1.2416936477574991,True,JST/JKKST empirical 1890-2020; inflation 100% empirical,Norway
1916,PRT,A,-0.0744482792206923,0.08224441760187062,-0.13243169680128997,-0.13751824841882176,0.2232142857142856,0.6823551065094624,True,JST/JKKST empirical 1890-2020; inflation 100% empirical,Portugal
1916,SWE,A,0.17319050775124478,0.0745875577965005,-0.06314526154444766,-0.07823076973167742,0.13043478260869557,1.1799588665162792,True,JST/JKKST empirical 1890-2020; inflation 100% empirical,Sweden
1916,USA,A,0.012619520409391516,0.1787224728888679,-0.04283774985906186,-0.040963302614218655,0.07920792079207928,0.8195106945218605,True,JST/JKKST empirical 1890-2020; inflation 100% empirical,United States
1917,AUS,A,0.08355670804151316,0.03406535441018588,-0.013065133906578708,-0.027328650064889937,0.06593406013766523,0.7285347732590505,True,JST/JKKST empirical 1900-2020; inflation 100% empirical,Australia
1917,BEL,A,-0.440443260350211,-0.347450723441023,,,0.9343657817109146,1.7677058529546292,False,JST/JKKST empirical 1890-2020; inflation 100% empirical,Belgium
1917,CHE,A,-0.23371074737664532,-0.20412419086082845,-0.20574423955412102,-0.1834621812267896,0.2761197037992511,1.1611325507871209,True,JST/JKKST empirical 1900-2020; inflation 100% empirical,Switzerland
1917,DEU,A,-0.177517713672244,-0.11459390595517305,-0.31230529776179383,-0.3024666670246646,0.5000000028377558,1.0199031294335619,True,JST/JKKST empirical 1890-2020; inflation 100% empirical,Germany
1917,DNK,A,-0.08783726887416621,-0.09641350583135688,-0.13251533212659206,-0.09417599238378149,0.15662644206279297,1.1406892708667145,True,JST/JKKST empirical 1890-2020; inflation 100% empirical,Denmark
1917,ESP,A,-0.011835469433946644,-0.19928719620132662,-0.09019806232890659,-0.10329114401072736,0.1653726790009986,1.1324521342682101,True,JST/JKKST empirical 1900-2020; inflation 100% empirical,Spain
1917,FIN,A,-0.4272809877175363,-0.5122857635011029,-0.5915676484034917,-0.46599814344885837,0.9475587703435804,1.7495640710503924,True,JST/JKKST empirical 1896-2020; inflation 100% empirical,Finland
1917,FRA,A,-0.10596397091393106,-0.07278598623592625,-0.12962718894360237,,0.17391304347826075,0.8042670485052409,False,JST/JKKST empirical 1890-2020; inflation 100% empirical,France
1917,GBR,A,-0.12531858982559974,-0.11284812455463844,-0.17680723443865398,-0.16301917034787494,0.252,0.942371232272323,True,JST/JKKST empirical 1890-2020; inflation 100% empirical,United Kingdom
1917,ITA,A,-0.14010608459097784,-0.09840111107579141,-0.37308940722078876,,0.4144853455253301,0.7521214043483526,False,JST/JKKST empirical 1890-2020; inflation 100% empirical,Italy
1917,JPN,A,-0.23967900387913443,-0.09600026309945398,-0.14796323484911567,-0.1520227873724772,0.2267310789049919,0.810775998541973,True,JST/JKKST empirical 1890-2020; inflation 100% empirical,Japan
1917,NLD,A,0.08474673250209896,0.03705234561453774,-0.08575623981162261,-0.03359999446382167,0.06249999306215481,0.833745079556103,True,JST/JKKST empirical 1900-2020; inflation 100% empirical,Netherlands
1917,NOR,A,-0.014215782991332637,-0.26512174005520783,-0.17446465707191927,-0.15853866060679467,0.24236248555697792,1.3929478978798158,True,JST/JKKST empirical 1890-2020; inflation 100% empirical,Norway
1917,PRT,A,-0.03535393883048743,0.03553329094698654,-0.051883254982071025,-0.10780864222734055,0.1824817518248174,0.5572039978230166,True,JST/JKKST empirical 1890-2020; inflation 100% empirical,Portugal
1917,SWE,A,-0.20324367695351742,-0.2550430994643228,-0.20194076022087804,-0.17006097688544086,0.2615384615384615,1.327878061375286,True,JST/JKKST empirical 1890-2020; inflation 100% empirical,Sweden
1917,USA,A,-0.3491629471536726,-0.03585705121991922,-0.16041243237850722,-0.1143750007613562,0.17431192660550465,0.7305168267753274,True,JST/JKKST empirical 1890-2020; inflation 100% empirical,United States
1918,AUS,A,0.0026443933676703058,0.023561005501473664,-0.055340481476852554,-0.0324977072769943,0.07216477755342021,0.5733620202193606,True,JST/JKKST empirical 1900-2020; inflation 100% empirical,Australia
1918,BEL,A,-0.13355081206616115,-0.17088660283462664,,,0.39672131147541,1.7104596134510266,False,JST/JKKST empirical 1890-2020; inflation 100% empirical,Belgium
1918,CHE,A,-0.11938779050788795,-0.15860437485140033,-0.16298384150928158,-0.12655866887221712,0.19298224425483834,1.1070203334680038,True,JST/JKKST empirical 1900-2020; inflation 100% empirical,Switzerland
1918,DEU,A,-0.40338083259056545,-0.17173281263308093,-0.15582828660565062,-0.14959316723146798,0.23035229860061524,1.008287409864961,True,JST/JKKST empirical 1890-2020; inflation 100% empirical,Germany
1918,DNK,A,0.0550030950548539,-0.08378864531264207,-0.11169079923915426,-0.10397175040989826,0.17708342212584904,0.9922396132952785,True,JST/JKKST empirical 1890-2020; inflation 100% empirical,Denmark
1918,ESP,A,-0.22049068409514783,-0.29447380852644145,-0.27337993386605086,-0.2808138480967387,0.45303131744492164,1.2829419737332082,True,JST/JKKST empirical 1900-2020; inflation 100% empirical,Spain
1918,FIN,A,-0.6076194234506442,-0.5534148694072005,-0.6066550264580275,-0.695382105238758,2.414113277623027,3.175923515668578,True,JST/JKKST empirical 1896-2020; inflation 100% empirical,Finland
1918,FRA,A,-0.14879065603017805,-0.177885887571133,-0.14665236834968842,,0.2962962962962963,0.7853187059422367,False,JST/JKKST empirical 1890-2020; inflation 100% empirical,France
1918,GBR,A,-0.010047597474739045,-0.10756392519341462,-0.07543671424271614,-0.1510655730962751,0.21999999999999975,0.8437744373554935,True,JST/JKKST empirical 1890-2020; inflation 100% empirical,United Kingdom
1918,ITA,A,-0.13285153844074837,-0.17983184614674874,-0.28274023244015056,,0.39440464495275696,0.7351404965876346,False,JST/JKKST empirical 1890-2020; inflation 100% empirical,Italy
1918,JPN,A,-0.11401248616167325,-0.2170962701321959,-0.2413655845184982,-0.22444094465153597,0.34602257810448944,0.8263624016054807,True,JST/JKKST empirical 1890-2020; inflation 100% empirical,Japan
1918,NLD,A,-0.19143955532343337,-0.1781259548738786,-0.1791671490632939,-0.13539259747368304,0.19117647673386973,0.8169684283952008,True,JST/JKKST empirical 1900-2020; inflation 100% empirical,Netherlands
1918,NOR,A,-0.3258611161682988,-0.07394665204565765,-0.2662358924613022,-0.2526253222692829,0.40491781703551166,1.2310721775237226,True,JST/JKKST empirical 1890-2020; inflation 100% empirical,Norway
1918,PRT,A,-0.20569528735945253,-0.3918092884265659,-0.4037150659760518,-0.4166894199599992,0.808641975308642,0.7232425770087445,True,JST/JKKST empirical 1890-2020; inflation 100% empirical,Portugal
1918,SWE,A,-0.4547203052093379,-0.10239419736903388,-0.3254974994081926,-0.282755185768812,0.4695121951219512,1.220104442935772,True,JST/JKKST empirical 1890-2020; inflation 100% empirical,Sweden
1918,USA,A,0.05586286885848901,-0.07920620944474255,-0.12579113284483656,-0.11841059678437693,0.1796875,0.6324725989405227,True,JST/JKKST empirical 1890-2020; inflation 100% empirical,United States
1919,AUS,A,0.05511103567076314,-0.16810759319532365,-0.07526487602654652,-0.07793617718596046,0.1250000865384684,0.7270653126478959,True,JST/JKKST empirical 1900-2020; inflation 100% empirical,Australia
1919,BEL,A,1.009743404253728,0.5525420280663158,,0.6491559577190271,-0.37676056338028174,1.1603348637270563,False,JST/JKKST empirical 1890-2020; inflation 100% empirical,Belgium
1919,CHE,A,-0.14484616977838805,-0.015836346806761936,-0.08013406481258989,-0.04248644670060653,0.08823524830874674,1.2164537508442925,True,JST/JKKST empirical 1900-2020; inflation 100% empirical,Switzerland
1919,DEU,A,0.1971871961688807,1.2518422911481943,-0.19638066274847532,-0.21223847424442577,0.3281938343445796,0.4947472354440496,True,JST/JKKST empirical 1890-2020; inflation 100% empirical,Germany
1919,DNK,A,-0.19006015950134236,-0.02232532656170716,-0.2725194417578559,-0.10519178598103063,0.18584069974847184,1.1003700488964716,True,JST/JKKST empirical 1890-2020; inflation 100% empirical,Denmark
1919,ESP,A,0.0003692816488143347,-0.16856239136013706,0.037900451378332534,0.02831163386742941,0.021091239429101627,1.634299417049804,True,JST/JKKST empirical 1900-2020; inflation 100% empirical,Spain
1919,FIN,A,0.16157913492546871,2.317414434895107,-0.062058396514025116,0.18430981679128178,-0.11340766929562152,1.070316784092935,True,JST/JKKST empirical 1896-2020; inflation 100% empirical,Finland
1919,FRA,A,-0.14024437693032332,-0.08219388330329203,-0.20096710826989928,,0.2571428571428569,0.921403275586425,False,JST/JKKST empirical 1890-2020; inflation 100% empirical,France
1919,GBR,A,-0.004944989780855891,-0.14561247159370205,-0.16826760384518935,-0.06012715668596014,0.1010000000000002,1.0484794694618622,True,JST/JKKST empirical 1890-2020; inflation 100% empirical,United Kingdom
1919,ITA,A,0.0005172863494149471,-0.028605718566545146,0.06795352856750547,,0.015145141552726171,0.810207663564474,False,JST/JKKST empirical 1890-2020; inflation 100% empirical,Italy
1919,JPN,A,0.027778520670437734,-0.33808606184124146,-0.2305689264130556,-0.21423413638157307,0.33047266107535256,1.2943559877254533,True,JST/JKKST empirical 1890-2020; inflation 100% empirical,Japan
1919,NLD,A,0.06981405999519508,-0.02938744122106507,-0.12874523137924287,-0.043923759321609634,0.08641963397670116,0.8970745870333567,True,JST/JKKST empirical 1900-2020; inflation 100% empirical,Netherlands
1919,NOR,A,-0.17578385452557055,0.1490152539148064,-0.09865615221973034,-0.02125283312320414,0.06942838373977889,1.1698593679000961,True,JST/JKKST empirical 1890-2020; inflation 100% empirical,Norway
1919,PRT,A,0.003546102545154417,-0.1471743845042912,-0.0658222809878749,-0.07726865697707719,0.14334470989761106,0.8996788925250899,True,JST/JKKST empirical 1890-2020; inflation 100% empirical,Portugal
1919,SWE,A,-0.24505169588820386,0.09821818245109792,-0.03310075405060808,-0.049590226724967934,0.10373443983402497,1.2153772776453335,True,JST/JKKST empirical 1890-2020; inflation 100% empirical,Sweden
1919,USA,A,0.04408429046242213,-0.24746882712265827,-0.0948511343341687,-0.0922543360404886,0.14569536423841067,0.8801585477528127,True,JST/JKKST empirical 1890-2020; inflation 100% empirical,United States
1920,AUS,A,0.06283200445841186,-0.22880882908434197,0.0053842415374560915,0.021926549946390095,0.01709394871794867,0.7314073543870417,True,JST/JKKST empirical 1900-2020; inflation 100% empirical,Australia
1920,BEL,A,-0.23727932976341093,-0.14830677881978072,-0.2074978037531694,-0.14300759452026246,0.2000779271381259,1.0890261721917491,True,JST/JKKST empirical 1890-2020; inflation 100% empirical,Belgium
1920,CHE,A,-0.1605990883585462,-0.27659488727320536,-0.053353654663173655,0.033687342936636666,0.009009163735351988,1.3221375819038605,True,JST/JKKST empirical 1900-2020; inflation 100% empirical,Switzerland
1920,DEU,A,-0.31346503361141265,-0.13530926165360346,-0.5436733666565383,-0.5779407430334627,1.4543946931246388,0.46030392192436165,True,JST/JKKST empirical 1890-2020; inflation 100% empirical,Germany
1920,DNK,A,-0.22613215713356427,-0.18052591028773024,-0.14263928320495556,-0.0956263638056758,0.18656709757216938,1.0700648570855626,True,JST/JKKST empirical 1890-2020; inflation 100% empirical,Denmark
1920,ESP,A,0.04111042863458936,0.005570400936842468,-0.01151738427307103,0.0371792626134837,0.022002692174839744,1.287817104149924,True,JST/JKKST empirical 1900-2020; inflation 100% empirical,Spain
1920,FIN,A,-0.04813892021775246,-0.29367705916119113,-0.07952019572257996,0.06499999761581421,0.0,1.1777891813980135,True,JST/JKKST empirical 1896-2020; inflation 100% empirical,Finland
1920,FRA,A,-0.3267779794872785,-0.0632595675000519,-0.28753600068023955,,0.38636363636363646,0.795110623650035,False,JST/JKKST empirical 1890-2020; inflation 100% empirical,France
1920,GBR,A,-0.3183678806964404,-0.31241573894281116,-0.1970427101881499,-0.07963604793804768,0.15399999999999991,1.2116086269171893,True,JST/JKKST empirical 1890-2020; inflation 100% empirical,United Kingdom
1920,ITA,A,-0.3770643281552163,0.1774227989002275,-0.3258418554778876,,0.3140621717365635,0.5630303963030564,False,JST/JKKST empirical 1890-2020; inflation 100% empirical,Italy
1920,JPN,A,-0.07351053896590087,-0.37862301120092356,-0.03142682886241732,0.006393630836184272,0.04603205629397977,1.6049599074838437,True,JST/JKKST empirical 1890-2020; inflation 100% empirical,Japan
1920,NLD,A,-0.31875486564273803,-0.32289772051051757,-0.11299749204406329,-0.059670189667544116,0.10227282818684769,1.0517234383466285,True,JST/JKKST empirical 1900-2020; inflation 100% empirical,Netherlands
1920,NOR,A,-0.3105595006361349,-0.20741713817261254,-0.20640479887958874,-0.09396930703929285,0.16530268405463278,1.1817593197887406,True,JST/JKKST empirical 1890-2020; inflation 100% empirical,Norway
1920,PRT,A,-0.46816696464244656,0.05718941024062674,-0.362734886528603,-0.38198275844855556,0.7313432835820894,0.6974780005068977,True,JST/JKKST empirical 1890-2020; inflation 100% empirical,Portugal
1920,SWE,A,-0.20133209943331476,-0.3008255444157323,-0.12247312404352806,0.034553506909921206,0.018796992481203034,1.3682750651406699,True,JST/JKKST empirical 1890-2020; inflation 100% empirical,Sweden
1920,USA,A,-0.29015694558620453,-0.44162753500494456,-0.16194234303198762,-0.1004000007733703,0.1560693641618498,1.2309168749488228,True,JST/JKKST empirical 1890-2020; inflation 100% empirical,United States
1921,AUS,A,0.32112028260636327,-0.06714399248522063,0.2067529704720592,0.14685880919844907,-0.09243691377727148,0.7979014916357938,True,JST/JKKST empirical 1900-2020; inflation 100% empirical,Australia
1921,BEL,A,0.14821084489098268,0.029332790436879197,0.21074015013220038,0.17289966070338325,-0.1230769230769232,1.0967722589346331,True,JST/JKKST empirical 1890-2020; inflation 100% empirical,Belgium
1921,CHE,A,-0.027809052143849322,0.002558608197561263,0.3495002725474634,0.1709600654027139,-0.10714290780141844,1.379581393203012,True,JST/JKKST empirical 1900-2020; inflation 100% empirical,Switzerland
1921,DEU,A,0.7074872972579196,0.1239454103137212,0.09223847378119987,-0.21048865678773976,0.3108108038645452,0.41417908722384605,True,JST/JKKST empirical 1890-2020; inflation 100% empirical,Germany
1921,DNK,A,-0.06704491664016743,-0.040693600117718165,0.46556052343521115,0.25079994745421574,-0.15094336136787012,1.166692744485983,True,JST/JKKST empirical 1890-2020; inflation 100% empirical,Denmark
1921,ESP,A,0.17889851717974725,0.328164957785376,0.2882826864306651,0.3154634761238715,-0.19420035759390408,1.019579161255272,True,JST/JKKST empirical 1900-2020; inflation 100% empirical,Spain
1921,FIN,A,-0.37782983031708406,0.42604453521131314,-0.14458402738197362,-0.14411438623750672,0.24432515337423322,0.8938589501335109,True,JST/JKKST empirical 1896-2020; inflation 100% empirical,Finland
1921,FRA,A,0.09862724551052415,-0.009911378559368633,0.1791379821469199,,-0.13114754098360648,0.8328092209378529,False,JST/JKKST empirical 1890-2020; inflation 100% empirical,France
1921,GBR,A,0.08594982273452745,-0.05329147472701312,0.27423318261912377,0.14420131337981745,-0.08599999999999974,1.3241267596256763,True,JST/JKKST empirical 1890-2020; inflation 100% empirical,United Kingdom
1921,ITA,A,-0.2538122044245893,-0.092475812706868,-0.13290828295870483,,0.1830825650038701,0.6550637835652806,False,JST/JKKST empirical 1890-2020; inflation 100% empirical,Italy
1921,JPN,A,-0.04671963776489352,0.04702783181074355,0.18204152180270206,0.14051849064608768,-0.08357469868261247,1.6095356884240395,True,JST/JKKST empirical 1890-2020; inflation 100% empirical,Japan
1921,NLD,A,-0.034849036071364026,0.08457008610685257,0.26715053258250343,0.1937309069980735,-0.1288656471553291,1.019531012351893,True,JST/JKKST empirical 1900-2020; inflation 100% empirical,Netherlands
1921,NOR,A,-0.20878859703406483,-0.02634839157402047,0.1714789101380565,0.14193734833010585,-0.07613145218103301,1.282327675508813,True,JST/JKKST empirical 1890-2020; inflation 100% empirical,Norway
1921,PRT,A,-0.1361504084993117,0.19339893970376232,-0.20012760411525843,-0.31727172698255945,0.5672413793103448,0.6209594888666392,True,JST/JKKST empirical 1890-2020; inflation 100% empirical,Portugal
1921,SWE,A,-0.04300630618544188,-0.10475743954136985,0.5426696006259226,0.2875565619995959,-0.18450184501845013,1.5889928275008391,True,JST/JKKST empirical 1890-2020; inflation 100% empirical,Sweden
1921,USA,A,0.274825873987635,0.008229066354848102,0.25484174356780276,0.16201117218539718,-0.1050000000000002,1.2540313153143785,True,JST/JKKST empirical 1890-2020; inflation 100% empirical,United States
1922,AUS,A,0.23588669869252832,0.0850619546184912,0.08482792714680154,0.060485257666109904,-0.018518444444444393,0.9383789550396959,True,JST/JKKST empirical 1900-2020; inflation 100% empirical,Australia
1922,BEL,A,0.3696728220893615,0.2988924718780668,0.1865174408213064,0.10036137667621903,-0.06516290726817042,1.0831954687276788,True,JST/JKKST empirical 1890-2020; inflation 100% empirical,Belgium
1922,CHE,A,0.5512617850090966,0.3851464678468888,0.48448332985713205,0.2725608138299962,-0.17999989673758288,1.2724735069812307,True,JST/JKKST empirical 1900-2020; inflation 100% empirical,Switzerland
1922,DEU,A,0.9306056877993507,1.0233406727866976,-0.906800065392783,-0.9057231196039446,10.237113438921778,0.2642440267322082,True,JST/JKKST empirical 1890-2020; inflation 100% empirical,Germany
1922,DNK,A,0.07494214301790869,0.2657534643249011,0.3718141165875206,0.24012175712241657,-0.1481481596610993,1.1977296555162344,True,JST/JKKST empirical 1890-2020; inflation 100% empirical,Denmark
1922,ESP,A,0.3865278894110018,0.24761498540144244,0.25287493239954073,0.18341021349711828,-0.12540893399046882,1.0446451658092077,True,JST/JKKST empirical 1900-2020; inflation 100% empirical,Spain
1922,FIN,A,0.17140876258031712,-0.07904842536540924,0.5661355044456715,0.09274629829987369,-0.025391347220510396,1.2284362897513792,True,JST/JKKST empirical 1896-2020; inflation 100% empirical,Finland
1922,FRA,A,0.2816899167556388,0.18136868551605878,0.181338711404333,0.0837980389741122,-0.037735849056603765,0.9026125066196898,True,JST/JKKST empirical 1890-2020; inflation 100% empirical,France
1922,GBR,A,0.46790697824123306,0.257357294328197,0.3484557354172997,0.19267441765513538,-0.14000000000000012,1.3414960161268186,True,JST/JKKST empirical 1890-2020; inflation 100% empirical,United Kingdom
1922,ITA,A,0.285576110546258,0.1322839974990293,0.1098333588445024,0.06438436819937388,-0.005998180787927576,0.738429616575401,True,JST/JKKST empirical 1890-2020; inflation 100% empirical,Italy
1922,JPN,A,-0.02359626662984793,0.30972892989628686,0.0758911330663421,0.0669275954245403,-0.01519090584696936,1.6073960064745825,True,JST/JKKST empirical 1890-2020; inflation 100% empirical,Japan
1922,NLD,A,-0.12007634501175013,0.2707110357569311,0.27587718317664334,0.17449349535303127,-0.11834334948697334,1.052986061839281,True,JST/JKKST empirical 1900-2020; inflation 100% empirical,Netherlands
1922,NOR,A,0.26925772390181435,0.2077743572906794,0.34447872930975776,0.2476871380061374,-0.16677829872739336,1.362303330760856,True,JST/JKKST empirical 1890-2020; inflation 100% empirical,Norway
1922,PRT,A,0.30336184746791695,0.5721647675864461,-0.07640736316202779,-0.11498635098188992,0.20902090209020918,0.5138912788035822,True,JST/JKKST empirical 1890-2020; inflation 100% empirical,Portugal
1922,SWE,A,0.12384663906920212,0.3883025831894784,0.4477485756835211,0.2407228258721854,-0.16742081447963797,1.4910064691499263,True,JST/JKKST empirical 1890-2020; inflation 100% empirical,Sweden
1922,USA,A,0.35407302581838174,0.3385121876542012,0.1375034255463452,0.10809523714262803,-0.06145251396648033,1.2050658989206593,True,JST/JKKST empirical 1890-2020; inflation 100% empirical,United States
1923,AUS,A,0.16200000047683716,0.5259891570342563,0.04092918708920479,0.041468750685453415,0.0,0.9523691618567849,True,JST/JKKST empirical 1900-2020; inflation 100% empirical,Australia
1923,BEL,A,0.3186110351408753,1.0493692990253383,-0.2530734875700742,-0.1019965919413578,0.14745308310991967,0.8247648567955164,True,JST/JKKST empirical 1890-2020; inflation 100% empirical,Belgium
1923,CHE,A,0.14259107410907745,0.6824657300896324,-0.0005320432246662676,0.039500001817941666,0.0,1.1774873353537967,True,JST/JKKST empirical 1900-2020; inflation 100% empirical,Switzerland
1923,DEU,A,1.4965311181146759,-0.6952265186890987,-0.999999,,1057096703.2433543,0.9619802043655263,False,JST/JKKST empirical 1890-2020; inflation 100% empirical,Germany
1923,DNK,A,0.12212284911206162,0.7462350464791419,-0.06520460000837114,0.01688758374661492,0.04347817360835915,1.0703421045547172,True,JST/JKKST empirical 1890-2020; inflation 100% empirical,Denmark
1923,ESP,A,0.1664559398482981,0.706540024683247,0.03461061666518361,0.02731436239258067,0.007481291061220308,0.9527612246682029,True,JST/JKKST empirical 1900-2020; inflation 100% empirical,Spain
1923,FIN,A,0.038299023089296114,0.4375145040014694,0.32065365707113247,0.05618399362200455,0.008347034273428644,1.3267832711840664,True,JST/JKKST empirical 1896-2020; inflation 100% empirical,Finland
1923,FRA,A,0.13021831292855102,0.9348946981312134,-0.11837481599497168,-0.0659842089210686,0.11764705882352944,0.7306963570598753,True,JST/JKKST empirical 1890-2020; inflation 100% empirical,France
1923,GBR,A,0.07353723191834494,0.6441832734389383,0.10874536268888613,0.09170212786882459,-0.05999999999999983,1.2723858504788481,True,JST/JKKST empirical 1890-2020; inflation 100% empirical,United Kingdom
1923,ITA,A,0.384939681443909,0.6394860606779855,0.05413081591867219,0.05993967684758972,-0.005792475969381816,0.6938915211097982,True,JST/JKKST empirical 1890-2020; inflation 100% empirical,Italy
1923,JPN,A,0.08976542370986862,0.5842877432307265,0.07888133022228838,0.06059241490961531,-0.009006677364252869,1.5787031989877554,True,JST/JKKST empirical 1890-2020; inflation 100% empirical,Japan
1923,NLD,A,0.09965439578229729,0.6238525961853432,0.061469543136223104,0.06183226107540696,-0.033557334981161646,1.0096786199096888,True,JST/JKKST empirical 1900-2020; inflation 100% empirical,Netherlands
1923,NOR,A,0.18575500550634905,1.1521798271472625,0.06262434453375199,0.10369906359991865,-0.0547242146920619,0.9936044110279311,True,JST/JKKST empirical 1890-2020; inflation 100% empirical,Norway
1923,PRT,A,-0.2804631151405713,0.6157302221521557,-0.40324812165330903,-0.30596175902066614,0.5705186533212012,0.5026671047756678,True,JST/JKKST empirical 1890-2020; inflation 100% empirical,Portugal
1923,SWE,A,0.05474582304856912,0.7272234706945475,0.09379717142417521,0.09131034643485636,-0.05434782608695654,1.349848607367729,True,JST/JKKST empirical 1890-2020; inflation 100% empirical,Sweden
1923,USA,A,0.016025255646621828,0.568966276269889,0.01780518052870761,0.021754385086527828,0.017857142857143016,1.1981892963496064,True,JST/JKKST empirical 1890-2020; inflation 100% empirical,United States
1924,AUS,A,0.12637399556754625,0.009699593821615338,0.026438101057716823,0.031735552881238416,0.0094338106087688,0.946851843123065,True,JST/JKKST empirical 1900-2020; inflation 100% empirical,Australia
1924,BEL,A,-0.17206695686259899,-0.01962132122364646,-0.09048910108868946,-0.11731098633921311,0.17056074766355134,0.858957694785201,True,JST/JKKST empirical 1890-2020; inflation 100% empirical,Belgium
1924,CHE,A,0.08768781879752519,-0.03517661761874569,0.006387673584249409,0.010201390089055629,0.030487595192001837,1.2242206207822268,True,JST/JKKST empirical 1900-2020; inflation 100% empirical,Switzerland
1924,DEU,A,-0.8743954106085813,0.013296587016524919,-0.8711643760811968,-0.8659996035671089,7.291766537270918,1.0154960849488295,True,JST/JKKST empirical 1890-2020; inflation 100% empirical,Germany
1924,DNK,A,0.05830130919849519,0.04863634790409499,-0.07767502698107687,0.005283403204681569,0.05833339598897802,1.0314346904746614,True,JST/JKKST empirical 1890-2020; inflation 100% empirical,Denmark
1924,ESP,A,-0.01595533039631769,-0.016069864950954083,-0.05483203640527712,-0.06665178702301955,0.10891089280366817,0.97906332884659,True,JST/JKKST empirical 1900-2020; inflation 100% empirical,Spain
1924,FIN,A,-0.0521672509893506,0.11344225535049546,0.14701364317312637,0.05153580702282001,0.017559262510974616,1.2161370437544887,True,JST/JKKST empirical 1896-2020; inflation 100% empirical,Finland
1924,FRA,A,-0.09313181248994973,0.037937088036588795,-0.15364139148822198,-0.07738923161075661,0.14035087719298245,0.7174658978844272,True,JST/JKKST empirical 1890-2020; inflation 100% empirical,France
1924,GBR,A,0.21018871259833372,0.044286019166170476,0.08108811328058141,0.04118831838365744,-0.006999999999999784,1.2198391637878798,True,JST/JKKST empirical 1890-2020; inflation 100% empirical,United Kingdom
1924,ITA,A,0.71570276381436,-0.014250049714259916,0.245781721227732,0.01767524584071012,0.035202540980669106,0.6802528582571115,True,JST/JKKST empirical 1890-2020; inflation 100% empirical,Italy
1924,JPN,A,0.06477939363103835,0.19008508555806336,0.055789302676209296,0.041021763801661004,0.008931835988508885,1.3501562149777588,True,JST/JKKST empirical 1890-2020; inflation 100% empirical,Japan
1924,NLD,A,0.011468538046791155,0.028696673302696762,0.08041999217937468,0.034714420844286,0.006944506114184845,0.9934471766586255,True,JST/JKKST empirical 1900-2020; inflation 100% empirical,Netherlands
1924,NOR,A,0.1031234757723023,-0.09643185475138394,-0.050841095274160586,-0.03903234237593489,0.09400143913128911,1.0967131152520846,True,JST/JKKST empirical 1890-2020; inflation 100% empirical,Norway
1924,PRT,A,-0.35105201303834654,-0.0683223751042138,-0.2509038076239508,-0.21578157308351098,0.3899188876013904,0.556064365209418,True,JST/JKKST empirical 1890-2020; inflation 100% empirical,Portugal
1924,SWE,A,0.17915590107440948,-0.023878672344429197,0.014366855844855309,0.03999999910593033,0.0,1.3802759175384283,True,JST/JKKST empirical 1890-2020; inflation 100% empirical,Sweden
1924,USA,A,0.2526315748691559,-0.004904595670331746,0.06484314799308777,0.03999999910593033,0.0,1.1980810354040898,True,JST/JKKST empirical 1890-2020; inflation 100% empirical,United States
1925,AUS,A,0.166101765729616,0.09102925793307315,0.07983031066651147,0.03244171512786043,0.009345869857635192,0.9276864158093878,True,JST/JKKST empirical 1900-2020; inflation 100% empirical,Australia
1925,BEL,A,0.03570277898295515,0.11936609322485148,-0.0792753538656189,0.002319082991727006,0.03393213572854292,0.8276608118125813,True,JST/JKKST empirical 1890-2020; inflation 100% empirical,Belgium
1925,CHE,A,0.1821010333856723,0.11531720373319332,0.08642168579260434,0.049711167298771786,-0.0059170262677613605,1.1739734559398947,True,JST/JKKST empirical 1900-2020; inflation 100% empirical,Switzerland
1925,DEU,A,-0.4037198192875344,0.11110199870923765,-0.02418797191860067,-0.01074285340048653,0.09374999815190477,1.0104294827215365,True,JST/JKKST empirical 1890-2020; inflation 100% empirical,Germany
1925,DNK,A,0.0558226917478577,-0.041667708953219806,0.11262958586009653,0.0985241141466886,-0.03149600054851498,1.148133381418473,True,JST/JKKST empirical 1890-2020; inflation 100% empirical,Denmark
1925,ESP,A,0.034846648179244655,0.08146812311532248,0.022983545011816764,0.019076913579062715,0.01562500961191038,0.9745139169302794,True,JST/JKKST empirical 1900-2020; inflation 100% empirical,Spain
1925,FIN,A,0.3216754461645237,0.04388275872971148,0.05159960705038369,0.021317373600130196,0.04277086158017984,1.23022970642043,True,JST/JKKST empirical 1896-2020; inflation 100% empirical,Finland
1925,FRA,A,0.08453856970089069,0.2304937222326131,-0.07698702526049339,-0.004369566783956835,0.06153846153846154,0.6306272613366387,True,JST/JKKST empirical 1890-2020; inflation 100% empirical,France
1925,GBR,A,0.1477924712514831,0.07167118785689652,0.00013823364513121383,0.03778663952115302,0.0029999999999998916,1.2165684373271006,True,JST/JKKST empirical 1890-2020; inflation 100% empirical,United Kingdom
1925,ITA,A,-0.1546467124670864,0.1715579194494694,-0.09961828212922907,-0.046164290307992406,0.12335907793161383,0.6343809477080419,True,JST/JKKST empirical 1890-2020; inflation 100% empirical,Italy
1925,JPN,A,0.10908262042438266,0.17506928482835105,0.06505077540722026,0.03830169206689993,0.01211430938082425,1.237846371234409,True,JST/JKKST empirical 1890-2020; inflation 100% empirical,Japan
1925,NLD,A,0.1567857116087632,0.1290157372195131,0.14718359573810536,0.03815978529356667,-0.006896612546190561,0.9431850952783428,True,JST/JKKST empirical 1900-2020; inflation 100% empirical,Netherlands
1925,NOR,A,-0.054565154934654414,-0.1465741676642246,0.07100007429669986,0.021193047501619322,0.01841664673523069,1.370345154195281,True,JST/JKKST empirical 1890-2020; inflation 100% empirical,Norway
1925,PRT,A,0.055009108665177164,-0.1906285639757309,0.2184401445950206,0.13395924049414254,-0.03876615256356819,0.723828718810275,True,JST/JKKST empirical 1890-2020; inflation 100% empirical,Portugal
1925,SWE,A,0.13312946638818524,0.16998203368735987,0.07889507155297171,0.021389831299498896,0.01724137931034475,1.2690005282549344,True,JST/JKKST empirical 1890-2020; inflation 100% empirical,Sweden
1925,USA,A,0.2560517270224436,0.14644513258751024,0.011434104698044845,0.01622857055493765,0.023391812865497075,1.1152310378589843,True,JST/JKKST empirical 1890-2020; inflation 100% empirical,United States
1926,AUS,A,0.14100000262260437,0.19675615259455692,0.041868820786476135,0.04209078103303909,0.0,0.9469876811145772,True,JST/JKKST empirical 1900-2020; inflation 100% empirical,Australia
1926,BEL,A,0.3720301057914317,0.47025460189109536,0.1061745232941651,-0.13134488614101225,0.1930501930501929,0.6885879124676826,True,JST/JKKST empirical 1890-2020; inflation 100% empirical,Belgium
1926,CHE,A,0.2619705533198706,0.24285027260176117,0.09373458040711502,0.08059274338865197,-0.03571442080378251,1.1494880151928144,True,JST/JKKST empirical 1900-2020; inflation 100% empirical,Switzerland
1926,DEU,A,1.3607420384988171,0.11281037003619665,0.04083381940655584,0.0527801405596926,0.007142858382786832,1.0335876723573647,True,JST/JKKST empirical 1890-2020; inflation 100% empirical,Germany
1926,DNK,A,0.08669605612958131,0.13445758516117268,0.27702220005362355,0.23389506148699857,-0.14634150502152055,1.236034823314026,True,JST/JKKST empirical 1890-2020; inflation 100% empirical,Denmark
1926,ESP,A,0.2849305927925396,0.2602988020078143,0.1352815462000354,0.129994006650767,-0.08406593835246245,0.9407337079061441,True,JST/JKKST empirical 1900-2020; inflation 100% empirical,Spain
1926,FIN,A,0.4177045658344529,0.20834273907277145,0.09821001796972006,0.09171210224521831,-0.024468085106382875,1.2268762287752346,True,JST/JKKST empirical 1896-2020; inflation 100% empirical,Finland
1926,FRA,A,-0.04547542283932371,0.377516226046837,-0.1346592754125595,-0.189939999456207,0.30434782608695654,0.5685573509682266,True,JST/JKKST empirical 1890-2020; inflation 100% empirical,France
1926,GBR,A,0.07451061898421885,0.20926157473540186,0.037050921079372356,0.05352822556010195,-0.00800000000000023,1.2340532235552095,True,JST/JKKST empirical 1890-2020; inflation 100% empirical,United Kingdom
1926,ITA,A,-0.43486761701554755,0.1745787768417877,-0.07826872384826355,0.005279138520997373,0.07870536315259358,0.6799351519260526,True,JST/JKKST empirical 1890-2020; inflation 100% empirical,Italy
1926,JPN,A,0.21802005415617343,0.0825802459849172,0.11404666240474115,0.10090917922176734,-0.04537084398976976,1.3819946215908556,True,JST/JKKST empirical 1890-2020; inflation 100% empirical,Japan
1926,NLD,A,0.18262786260664865,0.25751724997800673,0.09985162998808583,0.07311290555922012,-0.041666543327186,0.9170327301775563,True,JST/JKKST empirical 1900-2020; inflation 100% empirical,Netherlands
1926,NOR,A,0.12897091600984711,0.13923261643609353,0.29280063666991407,0.22620479837979746,-0.15324095819633765,1.4660354905742699,True,JST/JKKST empirical 1890-2020; inflation 100% empirical,Norway
1926,PRT,A,0.11664553874077788,0.23865404526916323,0.3898929441212744,0.12793478074119147,-0.04249783174327837,0.7162259620561044,True,JST/JKKST empirical 1890-2020; inflation 100% empirical,Portugal
1926,SWE,A,0.1977630913780446,0.24613516931337753,0.09603736033303689,0.07545614118377375,-0.03389830508474578,1.2434660589889999,True,JST/JKKST empirical 1890-2020; inflation 100% empirical,Sweden
1926,USA,A,0.12518250605480818,0.18921442800068533,0.041022417172368764,0.02824858668665442,0.011428571428571344,1.146175208821187,True,JST/JKKST empirical 1890-2020; inflation 100% empirical,United States
1927,AUS,A,0.10356371463310432,0.2774549048125281,0.03887701410364697,0.023143750333802116,0.018518444444444393,0.9238563302800503,True,JST/JKKST empirical 1900-2020; inflation 100% empirical,Australia
1927,BEL,A,0.28675006136639425,0.17817132600526553,-0.11253889382795534,-0.18498252846926233,0.27184466019417486,0.7180449901143338,True,JST/JKKST empirical 1890-2020; inflation 100% empirical,Belgium
1927,CHE,A,0.2767530648893841,0.30586764863708216,0.06407476726496286,0.055024701976365664,-0.012345400556224573,1.0891956772982148,True,JST/JKKST empirical 1900-2020; inflation 100% empirical,Switzerland
1927,DEU,A,-0.11770961394563206,0.24088111985016547,-0.0023930363936913723,0.021868918938521276,0.04964538966581511,1.0481605261408167,True,JST/JKKST empirical 1890-2020; inflation 100% empirical,Germany
1927,DNK,A,0.16488880784065962,0.3201570086428043,0.12741782748327002,0.09098629819776849,-0.03809516196878415,1.1654787939003384,True,JST/JKKST empirical 1890-2020; inflation 100% empirical,Denmark
1927,ESP,A,0.33008880301511967,0.12880358175489026,0.08994653613274561,0.05461186615922031,-0.018596288017915907,1.0184272121224374,True,JST/JKKST empirical 1900-2020; inflation 100% empirical,Spain
1927,FIN,A,0.7109637983659918,0.2397833785790957,0.08843672521321833,0.04219442327041523,0.017084696474009453,1.1944135470583608,True,JST/JKKST empirical 1896-2020; inflation 100% empirical,Finland
1927,FRA,A,0.20084768914161844,0.004059777831326938,0.17212118779091123,-0.014691488539918973,0.04444444444444451,0.6912293445078124,True,JST/JKKST empirical 1890-2020; inflation 100% empirical,France
1927,GBR,A,0.11248106008670367,0.32903249525771283,0.09804106387691403,0.06813524635966672,-0.02399999999999991,1.1591475542258014,True,JST/JKKST empirical 1890-2020; inflation 100% empirical,United Kingdom
1927,ITA,A,0.44736776742013107,0.034031243133358924,0.04437871098382962,0.1782159306950355,-0.08573634517667272,0.7927058626148303,True,JST/JKKST empirical 1890-2020; inflation 100% empirical,Italy
1927,JPN,A,-0.050801907409948055,0.3216674571038389,0.12403738385370167,0.0612226409601746,-0.015324438729036105,1.3152153040824772,True,JST/JKKST empirical 1890-2020; inflation 100% empirical,Japan
1927,NLD,A,0.1511128544807434,0.29317137072486843,0.032375022768974304,0.03669999912381172,0.0,0.8822991332590728,True,JST/JKKST empirical 1900-2020; inflation 100% empirical,Netherlands
1927,NOR,A,0.13538608736792934,0.36015440347473104,0.12203064668901886,0.13969622796634962,-0.09554846761891533,1.3457368193084667,True,JST/JKKST empirical 1890-2020; inflation 100% empirical,Norway
1927,PRT,A,0.25364659919561783,0.21687317172260823,0.0318183761163886,0.005752845234832771,0.07382246376811596,0.7259058366400835,True,JST/JKKST empirical 1890-2020; inflation 100% empirical,Portugal
1927,SWE,A,0.27892311613940635,0.2879378681957434,0.09379743044016631,0.052307691403042034,-0.011695906432748537,1.1935045686252341,True,JST/JKKST empirical 1890-2020; inflation 100% empirical,Sweden
1927,USA,A,0.3746708842187094,0.3021661224281582,0.055107553585850066,0.057931033573274116,-0.016949152542372947,1.083854358978483,True,JST/JKKST empirical 1890-2020; inflation 100% empirical,United States
1928,AUS,A,0.16639631263078547,0.17213448295093614,0.03544721987935029,0.0327025006928654,0.009090982479344145,0.9448140439629348,True,JST/JKKST empirical 1900-2020; inflation 100% empirical,Australia
1928,BEL,A,0.2072002963321964,0.12506762496134405,0.12086305469274516,-0.0063060656916805735,0.04325699745547085,0.7613466556482571,True,JST/JKKST empirical 1890-2020; inflation 100% empirical,Belgium
1928,CHE,A,0.20362124130388382,0.1709017300144371,0.04091081886326409,0.0355280966312288,0.006249857269523984,1.1127922049266303,True,JST/JKKST empirical 1900-2020; inflation 100% empirical,Switzerland
1928,DEU,A,0.082375911790596,0.15868192798090175,0.025374699174118387,0.046321056280962614,0.027027026942645138,1.0885321278853353,True,JST/JKKST empirical 1890-2020; inflation 100% empirical,Germany
1928,DNK,A,0.10877277702093124,0.1840578933955137,0.09259258955717087,0.04922499880194664,0.0,1.1842602709052872,True,JST/JKKST empirical 1890-2020; inflation 100% empirical,Denmark
1928,ESP,A,0.2190886763269435,0.18239421441014447,0.03303253866993505,0.009695877234865202,0.02506113324285697,1.0301787537472853,True,JST/JKKST empirical 1900-2020; inflation 100% empirical,Spain
1928,FIN,A,-0.10377402089709453,0.16139062628719425,0.01614613644605467,0.044369767732745036,0.024541339051703526,1.25027278189575,True,JST/JKKST empirical 1896-2020; inflation 100% empirical,Finland
1928,FRA,A,0.4836086928844452,0.1608978102826668,0.17705826461315155,0.03020000085234642,0.0,0.7013486841279912,True,JST/JKKST empirical 1890-2020; inflation 100% empirical,France
1928,GBR,A,0.1681900429749561,0.1834979898444764,0.06249876701485069,0.04463390012083934,-0.0030000000000000027,1.174651046655262,True,JST/JKKST empirical 1890-2020; inflation 100% empirical,United Kingdom
1928,ITA,A,0.33345347157108285,0.24328412601359473,0.19933904043054307,0.13794683720914502,-0.07324317279363102,0.7606134376752247,True,JST/JKKST empirical 1890-2020; inflation 100% empirical,Italy
1928,JPN,A,0.14975230300464926,0.2566734517628524,0.11016552698285875,0.08588434282001889,-0.03798226043423858,1.260887828996334,True,JST/JKKST empirical 1890-2020; inflation 100% empirical,Japan
1928,NLD,A,0.07679118937860929,0.17431589887765542,0.05903250598963172,0.03480148025505958,0.007246337268355552,0.9050601307011389,True,JST/JKKST empirical 1900-2020; inflation 100% empirical,Netherlands
1928,NOR,A,0.18493910335715547,0.2687918236555913,0.1637397893530006,0.11588056167950311,-0.06800061330879847,1.2763030070205792,True,JST/JKKST empirical 1890-2020; inflation 100% empirical,Norway
1928,PRT,A,0.30552306823816644,0.39369697091205436,0.23530198584416206,0.1285500201676164,-0.04301982285955297,0.6266413360749163,True,JST/JKKST empirical 1890-2020; inflation 100% empirical,Portugal
1928,SWE,A,0.20412091806269528,0.17399740029753663,0.019347308061973267,0.0258596479152029,0.01183431952662728,1.216318972166851,True,JST/JKKST empirical 1890-2020; inflation 100% empirical,Sweden
1928,USA,A,0.39868573034018784,0.18765592472663095,0.03170606474343085,0.05783505580927173,-0.01724137931034464,1.0816090531145754,True,JST/JKKST empirical 1890-2020; inflation 100% empirical,United States
1929,AUS,A,-0.05300000309944153,-0.03089430080849853,-0.01681390590965748,0.04343852028250694,0.0,0.903024706048766,True,JST/JKKST empirical 1900-2020; inflation 100% empirical,Australia
1929,BEL,A,-0.3461149372373309,-0.12270861949745515,0.019953244583947205,-0.0254735484293529,0.06707317073170738,0.8156638585087134,True,JST/JKKST empirical 1890-2020; inflation 100% empirical,Belgium
1929,CHE,A,-0.061824049800634384,-0.08200403409714052,0.04743756353855133,0.041999999433755875,0.0,1.1196489404320153,True,JST/JKKST empirical 1900-2020; inflation 100% empirical,Switzerland
1929,DEU,A,-0.23225207872909726,-0.08644109355277363,0.033117892233254675,0.0686389598000543,0.013157895175181844,1.1131753727159497,True,JST/JKKST empirical 1890-2020; inflation 100% empirical,Germany
1929,DNK,A,0.08418458191265143,-0.07858756773307818,0.0742493459928677,0.06204022842415813,-0.009900969530093007,1.1757884678775234,True,JST/JKKST empirical 1890-2020; inflation 100% empirical,Denmark
1929,ESP,A,-0.002444197385067959,0.013368007457319475,-0.015085614722610385,0.00678364021915967,0.02802624000098941,0.9411828117040948,True,JST/JKKST empirical 1900-2020; inflation 100% empirical,Spain
1929,FIN,A,-0.14562722503482417,-0.05973366310767547,0.06927907809821177,0.07827513505542538,-0.007674418604651123,1.2369307806038685,True,JST/JKKST empirical 1896-2020; inflation 100% empirical,Finland
1929,FRA,A,-0.05915604269714114,-0.13891490246207072,0.2198225247859953,-0.027382001131773137,0.06382978723404276,0.7490069093379792,True,JST/JKKST empirical 1890-2020; inflation 100% empirical,France
1929,GBR,A,-0.13454906851444182,-0.06531176731392996,-0.007027977786198791,0.06215943496835963,-0.009000000000000119,1.167783312844401,True,JST/JKKST empirical 1890-2020; inflation 100% empirical,United Kingdom
1929,ITA,A,-0.12478549987099186,-0.08788424594913502,-0.0041165254427458775,0.050109305131217585,0.01598947344137902,0.7732472921042143,True,JST/JKKST empirical 1890-2020; inflation 100% empirical,Italy
1929,JPN,A,-0.08728362718734872,-0.046947198152788805,0.06337401402396692,0.06307345660893127,-0.022908535550653197,1.2269155171026658,True,JST/JKKST empirical 1890-2020; inflation 100% empirical,Japan
1929,NLD,A,0.05836773838714193,-0.08039114858611429,0.01894853786816464,0.05579561080273776,-0.007194205627997108,0.9017843343094131,True,JST/JKKST empirical 1900-2020; inflation 100% empirical,Netherlands
1929,NOR,A,0.13320572785017015,-0.054032544115909964,0.10563611191903566,0.08731856490679157,-0.04425433906391574,1.2326586406857092,True,JST/JKKST empirical 1890-2020; inflation 100% empirical,Norway
1929,PRT,A,-0.16299923663672522,-0.1133261954169773,0.15138077973839814,0.03791613551152562,0.0405464962538562,0.6559689721231927,True,JST/JKKST empirical 1890-2020; inflation 100% empirical,Portugal
1929,SWE,A,-0.0031370658959661846,-0.07450592322193728,0.11059190638895533,0.05958928686699694,-0.01754385964912275,1.2097358907599312,True,JST/JKKST empirical 1890-2020; inflation 100% empirical,Sweden
1929,USA,A,-0.03369330242276192,-0.08287749559628821,0.03400000184774399,0.040735989809036255,0.0,1.0871627778787738,True,JST/JKKST empirical 1890-2020; inflation 100% empirical,United States
1930,AUS,A,-0.23388235709246474,0.12194800536315076,0.0399930928559864,0.13550662501331634,-0.08108108108108103,0.7247800578514665,True,JST/JKKST empirical 1900-2020; inflation 100% empirical,Australia
1930,BEL,A,-0.2878472036095997,-0.1622773445439759,0.27737518203885925,0.03598398218268106,-0.0011428571428571122,0.8675270120028297,True,JST/JKKST empirical 1890-2020; inflation 100% empirical,Belgium
1930,CHE,A,-0.03764247860301506,-0.16538182607977314,0.07887295325461441,0.06076590012272454,-0.018633610854147498,1.1728532492327859,True,JST/JKKST empirical 1900-2020; inflation 100% empirical,Switzerland
1930,DEU,A,-0.24243703981538034,-0.12394973060449244,0.11169991892635589,0.09943513625852174,-0.038961039297869315,1.1311119392364446,True,JST/JKKST empirical 1890-2020; inflation 100% empirical,Germany
1930,DNK,A,0.06356866540978934,-0.14046881690254098,0.12139657759670586,0.10244749034378753,-0.05000010491175877,1.189750109118571,True,JST/JKKST empirical 1890-2020; inflation 100% empirical,Denmark
1930,ESP,A,0.0006458098312540628,0.05794060668991885,0.009666011447226897,0.03141040608079293,0.003480277149673805,0.7878969588930643,True,JST/JKKST empirical 1900-2020; inflation 100% empirical,Spain
1930,FIN,A,0.044315517782982594,-0.11141957824592508,0.1706478874410633,0.15368447756089965,-0.08120459339114139,1.2153504363810765,True,JST/JKKST empirical 1896-2020; inflation 100% empirical,Finland
1930,FRA,A,-0.27511117836036303,-0.1723703195013223,0.0930307873404852,0.013366335836967558,0.010000000000000009,0.8050385555605036,True,JST/JKKST empirical 1890-2020; inflation 100% empirical,France
1930,GBR,A,-0.021195235505025667,-0.15386695486062163,0.16402033425162355,0.05432098838711452,-0.027999999999999914,1.2063477853289892,True,JST/JKKST empirical 1890-2020; inflation 100% empirical,United Kingdom
1930,ITA,A,-0.11538181111555867,-0.14393458504084045,0.1084922868105962,0.09470217470826814,-0.03170010697989212,0.7955936314717954,True,JST/JKKST empirical 1890-2020; inflation 100% empirical,Italy
1930,JPN,A,-0.19198222117015662,-0.1350872396984818,0.17249431631337186,0.15618591979160423,-0.10159777700590489,1.2572330457986254,True,JST/JKKST empirical 1890-2020; inflation 100% empirical,Japan
1930,NLD,A,-0.17985760534098083,-0.13605230437405813,0.14405847333534938,0.05917606208222059,-0.0362319952266984,0.9242254391359888,True,JST/JKKST empirical 1900-2020; inflation 100% empirical,Netherlands
1930,NOR,A,-0.03186461555530207,-0.15001259812544754,0.12998564626623077,0.06202350266900347,-0.027799294259401863,1.2689892185851146,True,JST/JKKST empirical 1890-2020; inflation 100% empirical,Norway
1930,PRT,A,-0.14070065449084534,-0.12860347183450382,0.1635197841903222,0.13155372582983893,-0.04997882253282515,0.6650107746827036,True,JST/JKKST empirical 1890-2020; inflation 100% empirical,Portugal
1930,SWE,A,-0.040533634247603256,-0.1395506027089376,0.17325657606124878,0.07437036876325243,-0.0357142857142857,1.232074831888695,True,JST/JKKST empirical 1890-2020; inflation 100% empirical,Sweden
1930,USA,A,-0.21098271387065948,-0.1446329410645666,0.06842639071944956,0.06527083766406894,-0.023391812865497186,1.1272931856632646,True,JST/JKKST empirical 1890-2020; inflation 100% empirical,United States
1931,AUS,A,0.22504091744654553,-0.2283292687500179,0.08032224730167936,0.08538051690210313,-0.039215764705882394,0.7838242013153194,True,JST/JKKST empirical 1900-2020; inflation 100% empirical,Australia
1931,BEL,A,-0.2484569946924846,-0.18583092639978271,0.005405973465669733,0.12042857147753239,-0.08695652173913038,0.926333123168078,True,JST/JKKST empirical 1890-2020; inflation 100% empirical,Belgium
1931,CHE,A,-0.2636198736371338,-0.22011615831887887,0.11580109930190718,0.09072650704165941,-0.050632771389372166,1.305678934417362,True,JST/JKKST empirical 1900-2020; inflation 100% empirical,Switzerland
1931,DEU,A,-0.28375009580827015,-0.18321026180440114,-0.046943736015446436,0.18019117630774106,-0.08108108105529377,1.207411283996645,True,JST/JKKST empirical 1890-2020; inflation 100% empirical,Germany
1931,DNK,A,-0.03943600558440119,-0.1758653317483594,0.032040589242082085,0.10413737860738603,-0.0526314743262124,1.2362125418432013,True,JST/JKKST empirical 1890-2020; inflation 100% empirical,Denmark
1931,ESP,A,-0.2468816141727369,-0.09877695524448404,-0.028903355260287977,0.028460670655304332,0.0063583661293928895,0.7642347053872249,True,JST/JKKST empirical 1900-2020; inflation 100% empirical,Spain
1931,FIN,A,0.17432023976532696,0.040023132255707194,0.17827593726175062,0.1468535973469014,-0.08009182502231849,1.0029365710864404,True,JST/JKKST empirical 1896-2020; inflation 100% empirical,Finland
1931,FRA,A,-0.29096879541259457,-0.2259873970285946,0.03599181592694878,0.057480411930489694,-0.03960396039603953,0.9046057010703513,True,JST/JKKST empirical 1890-2020; inflation 100% empirical,France
1931,GBR,A,-0.16542711489626616,-0.1732502594908938,0.0392446116648435,0.08244514157032135,-0.04299999999999993,1.2616752154026372,True,JST/JKKST empirical 1890-2020; inflation 100% empirical,United Kingdom
1931,ITA,A,-0.19546510854273236,-0.17644080926653793,0.1910308187133838,0.17332784774526022,-0.09658668658051761,0.8370084173216529,True,JST/JKKST empirical 1890-2020; inflation 100% empirical,Italy
1931,JPN,A,0.2713486455180134,-0.18112191020317092,0.13859877448674163,0.1747871716039422,-0.11527804626586757,1.2839777711710032,True,JST/JKKST empirical 1890-2020; inflation 100% empirical,Japan
1931,NLD,A,-0.20093599852666955,-0.21518912955204916,-0.040388610408286674,0.07964079926277678,-0.06015037513659871,1.0177148404094236,True,JST/JKKST empirical 1900-2020; inflation 100% empirical,Netherlands
1931,NOR,A,-0.07380369734543213,0.14715368575322096,0.040967061186177434,0.09156988808228861,-0.05338172804532726,0.9687285905316714,True,JST/JKKST empirical 1890-2020; inflation 100% empirical,Norway
1931,PRT,A,-0.18521541521776863,-0.11398321196761318,0.18207856499257713,0.20603517621530965,-0.11279536335265272,0.6526499819514315,True,JST/JKKST empirical 1890-2020; inflation 100% empirical,Portugal
1931,SWE,A,-0.32411583252013865,0.12483563084317728,-0.07847722007590496,0.07002547819902949,-0.030864197530864224,0.9719075586872015,True,JST/JKKST empirical 1890-2020; inflation 100% empirical,Sweden
1931,USA,A,-0.34404796656025083,-0.17822414310715062,0.04252809545907543,0.14427125397579466,-0.08982035928143717,1.2019915190755561,True,JST/JKKST empirical 1890-2020; inflation 100% empirical,United States
1932,AUS,A,0.3011061618079296,0.21399634537499868,0.39123363835069336,0.07681546905168579,-0.04081616659723808,0.6945398715813816,True,JST/JKKST empirical 1900-2020; inflation 100% empirical,Australia
1932,BEL,A,0.13790089633936686,-0.009443981731478202,0.1125652562749262,0.1354874992898356,-0.09774436090225569,1.0011714023676588,True,JST/JKKST empirical 1890-2020; inflation 100% empirical,Belgium
1932,CHE,A,0.14304203455397402,-0.031698149610739135,0.13974916436395501,0.11978297056765275,-0.08000029654844087,1.4407676380895214,True,JST/JKKST empirical 1900-2020; inflation 100% empirical,Switzerland
1932,DEU,A,0.27807972137521575,-0.013983661478538911,0.3982053993184591,0.1806148759422781,-0.11029411752311291,1.2991036830427778,True,JST/JKKST empirical 1890-2020; inflation 100% empirical,Germany
1932,DNK,A,-0.09426854693759168,0.23293508948957387,0.15146065492687222,0.06435109727311183,-0.011111087797386787,1.1016814150017686,True,JST/JKKST empirical 1890-2020; inflation 100% empirical,Denmark
1932,ESP,A,-0.08776221007687734,0.0782927000150091,0.10556610798074018,0.042786455976411064,-0.007466970617784563,0.7732671659848516,True,JST/JKKST empirical 1900-2020; inflation 100% empirical,Spain
1932,FIN,A,0.018963775672440786,0.14668054334474823,0.09098265030358377,0.05969637685379947,-0.009150145570497759,0.9517086556663458,True,JST/JKKST empirical 1896-2020; inflation 100% empirical,Finland
1932,FRA,A,0.36596832255070866,-0.033651131497933306,0.05809768136929372,0.11660227302292525,-0.09278350515463918,0.9860125159808044,True,JST/JKKST empirical 1890-2020; inflation 100% empirical,France
1932,GBR,A,0.3781167582075209,0.18448420937380816,0.4406383894307413,0.04199178627782052,-0.026000000000000023,1.1393122551047479,True,JST/JKKST empirical 1890-2020; inflation 100% empirical,United Kingdom
1932,ITA,A,0.010878179781682817,-0.0647458971028737,0.09870584581547015,0.08730353271864133,-0.026214880356360215,0.9621662840360735,True,JST/JKKST empirical 1890-2020; inflation 100% empirical,Italy
1932,JPN,A,0.12235428185410724,0.5758990272292575,0.16951153314500855,0.02466170043118132,0.011143481427531077,0.8965021227790523,True,JST/JKKST empirical 1890-2020; inflation 100% empirical,Japan
1932,NLD,A,-0.2503848857504264,-0.01592007506190407,0.33564263915539616,0.08631460430322857,-0.07199995635084899,1.1343594761831104,True,JST/JKKST empirical 1900-2020; inflation 100% empirical,Netherlands
1932,NOR,A,0.05175294967253752,0.005222050727646144,0.15713634399541054,0.054384761108126733,-0.021135322173383875,1.0383043697307381,True,JST/JKKST empirical 1890-2020; inflation 100% empirical,Norway
1932,PRT,A,0.119525465615411,0.22837694875733638,0.137019017144556,0.08740379438454093,-0.020603015075376874,0.5772977279157142,True,JST/JKKST empirical 1890-2020; inflation 100% empirical,Portugal
1932,SWE,A,-0.2098262514798872,-0.04090472149383617,0.265848762277634,0.05200129182588675,-0.01273885350318471,1.1071579266057012,True,JST/JKKST empirical 1890-2020; inflation 100% empirical,Sweden
1932,USA,A,-0.037741728942759734,0.0022338398267647275,0.30215522668657524,0.1479759079261418,-0.09868421052631582,1.2991387901200007,True,JST/JKKST empirical 1890-2020; inflation 100% empirical,United States
1933,AUS,A,0.25600001215934753,0.2755570552336488,0.05805879086256027,0.02768038958311081,0.0,0.678575711111479,True,JST/JKKST empirical 1900-2020; inflation 100% empirical,Australia
1933,BEL,A,-0.07760761646514247,0.24250188049816623,0.07687277743156917,0.04680851101875305,-0.02083333333333326,1.0196379284538346,True,JST/JKKST empirical 1890-2020; inflation 100% empirical,Belgium
1933,CHE,A,0.15394046660626404,0.27510242321922784,0.09271552608526679,0.08491527868973692,-0.05072465019417838,1.4152084627253203,True,JST/JKKST empirical 1900-2020; inflation 100% empirical,Switzerland
1933,DEU,A,0.17327864250669145,-0.004042407126664038,0.24037089510900111,0.07720762878048837,-0.02479338830192568,1.606133628388002,True,JST/JKKST empirical 1890-2020; inflation 100% empirical,Germany
1933,DNK,A,0.20825557477754697,0.4885752503974867,0.050582275002631016,0.011238385028767395,0.033707793646826856,0.9324202213350151,True,JST/JKKST empirical 1890-2020; inflation 100% empirical,Denmark
1933,ESP,A,0.17323947234808212,-0.05443713842328257,0.16346157392436322,0.08431736503594056,-0.044560170429494006,1.0030828399812193,True,JST/JKKST empirical 1900-2020; inflation 100% empirical,Spain
1933,FIN,A,0.48099910392744705,0.2993928425170451,0.2019264760143602,0.07725587952976065,-0.029942633272701746,0.9040054431254625,True,JST/JKKST empirical 1896-2020; inflation 100% empirical,Finland
1933,FRA,A,0.04745531537953562,0.25772948490089065,-0.0650916337966918,0.05216941202388092,-0.03409090909090917,0.9863741819950671,True,JST/JKKST empirical 1890-2020; inflation 100% empirical,France
1933,GBR,A,0.2707772214760942,0.3036879546951081,0.05379092239749084,0.027477017591447828,-0.02100000000000002,1.089781735814937,True,JST/JKKST empirical 1890-2020; inflation 100% empirical,United Kingdom
1933,ITA,A,0.43599801539154304,0.237864770303287,0.21000456918249322,0.10407029766669051,-0.05911788104455096,0.9581612047509951,True,JST/JKKST empirical 1890-2020; inflation 100% empirical,Italy
1933,JPN,A,0.2980160605501663,0.6596342338753127,0.06504802705273915,0.0015710677498250725,0.03054094936252949,0.6818337787390655,True,JST/JKKST empirical 1890-2020; inflation 100% empirical,Japan
1933,NLD,A,0.18061241131652106,0.21219028156710995,0.011600775813643827,0.019791256494878562,-0.008620643193882338,1.1670036793561211,True,JST/JKKST empirical 1900-2020; inflation 100% empirical,Netherlands
1933,NOR,A,0.2392538397834012,0.015419687157721906,0.035742382336220846,0.0417282758015205,-0.01442629215629998,1.2558021894389524,True,JST/JKKST empirical 1890-2020; inflation 100% empirical,Norway
1933,PRT,A,0.1867781086180369,0.2620040831015593,0.16604931572226533,0.05554158081065341,-0.0005130836326322497,0.5716691205107929,True,JST/JKKST empirical 1890-2020; inflation 100% empirical,Portugal
1933,SWE,A,0.2220119872432671,0.06504889302815053,0.15493863574321698,0.05512913822239596,-0.02580645161290318,1.282456645378364,True,JST/JKKST empirical 1890-2020; inflation 100% empirical,Sweden
1933,USA,A,0.6085833884202516,0.6238287681488608,0.04959279249350601,0.0862968596271596,-0.05109489051094884,0.9966780218411553,True,JST/JKKST empirical 1890-2020; inflation 100% empirical,United States
1934,AUS,A,0.23200000822544098,0.06000926419886832,0.0723716989159584,0.02591796964406967,0.0,0.6980015604434172,True,JST/JKKST empirical 1900-2020; inflation 100% empirical,Australia
1934,BEL,A,-0.14076467254408853,0.04485636511770341,0.22173557511052566,0.08322297248083199,-0.05531914893617018,1.086896359980529,True,JST/JKKST empirical 1890-2020; inflation 100% empirical,Belgium
1934,CHE,A,-0.05808812793180029,-0.007337647280097115,0.05001812629660041,0.04636637146661471,-0.015266833050771367,1.575282686956748,True,JST/JKKST empirical 1900-2020; inflation 100% empirical,Switzerland
1934,DEU,A,0.11181642142004389,0.15248355937169067,0.01954636385189179,0.01957851162937052,0.02542372867915077,1.5383511468056212,True,JST/JKKST empirical 1890-2020; inflation 100% empirical,Germany
1934,DNK,A,0.1977784029713856,0.031987220402755145,0.01743647808351967,0.005923222977086029,0.032608628718865384,0.9852538664281567,True,JST/JKKST empirical 1890-2020; inflation 100% empirical,Denmark
1934,ESP,A,-0.03779070720555633,0.25585419180172675,0.05631937536480636,0.015095562533723461,0.020593564476212745,0.8927724830243531,True,JST/JKKST empirical 1900-2020; inflation 100% empirical,Spain
1934,FIN,A,0.1645953674512226,0.07259643390417736,0.08946954588173472,0.04999563037737231,-0.009519688446560037,0.9233417110232861,True,JST/JKKST empirical 1896-2020; inflation 100% empirical,Finland
1934,FRA,A,-0.03991220655237748,0.011370976989651282,0.24925379073474474,0.0575243894283366,-0.03529411764705892,1.077604593336727,True,JST/JKKST empirical 1890-2020; inflation 100% empirical,France
1934,GBR,A,0.14047059416770935,0.06325486257245627,0.2769678235054016,0.007300000172108412,0.0,1.12378980346734,True,JST/JKKST empirical 1890-2020; inflation 100% empirical,United Kingdom
1934,ITA,A,0.24880092401539788,0.036027530189883805,0.501774401391716,0.09396358398828952,-0.05161376788459704,1.0057218664342173,True,JST/JKKST empirical 1890-2020; inflation 100% empirical,Italy
1934,JPN,A,0.04523219324140504,0.0844638054856508,0.028894501785557525,0.01660656891542378,0.014118962745509389,0.6940586846487952,True,JST/JKKST empirical 1890-2020; inflation 100% empirical,Japan
1934,NLD,A,0.10269230604171753,-0.03382410329743246,0.12409166991710663,0.008899999782443047,0.0,1.3187039496732509,True,JST/JKKST empirical 1900-2020; inflation 100% empirical,Netherlands
1934,NOR,A,0.11393647217656011,0.3200676485350511,0.11824058332453369,0.022522000178223367,0.0024234199302055615,1.0581178771536297,True,JST/JKKST empirical 1890-2020; inflation 100% empirical,Norway
1934,PRT,A,0.2608705575509769,0.055273313025378856,0.26513139958061815,0.0393292690301692,0.010266940451745477,0.5894854617352225,True,JST/JKKST empirical 1890-2020; inflation 100% empirical,Portugal
1934,SWE,A,0.2876018830820133,0.30800484796090144,0.267630036724241,0.013289473240116756,0.0066225165562914245,1.0809525531746995,True,JST/JKKST empirical 1890-2020; inflation 100% empirical,Sweden
1934,USA,A,-0.05515052503280671,0.2510933353390663,0.07566885149745817,-0.0028597100345945092,0.03076923076923066,0.8910670774532623,True,JST/JKKST empirical 1890-2020; inflation 100% empirical,United States
1935,AUS,A,0.08941071425108538,0.16345367068852013,0.011203915358723116,0.012554486724123404,0.010638126754201949,0.7049472071841845,True,JST/JKKST empirical 1900-2020; inflation 100% empirical,Australia
1935,BEL,A,0.5520161075446441,0.46448406815702126,0.14387554656003276,0.036824732888063316,-0.016516516516516533,0.8653714712370364,True,JST/JKKST empirical 1890-2020; inflation 100% empirical,Belgium
1935,CHE,A,-0.10632446936533146,0.16506449922666766,0.04582553563456626,0.03820625691368695,-0.007751761372102872,1.6058175208953813,True,JST/JKKST empirical 1900-2020; inflation 100% empirical,Switzerland
1935,DEU,A,0.14140847425976166,0.12321905975872172,0.029360435005456154,0.01787560936120358,0.016528924831336944,1.6012904124065446,True,JST/JKKST empirical 1890-2020; inflation 100% empirical,Germany
1935,DNK,A,0.036926566019264806,0.1346028572681206,-0.03311589234352408,-0.005066838093948145,0.042105179460970144,1.0217996416404307,True,JST/JKKST empirical 1890-2020; inflation 100% empirical,Denmark
1935,ESP,A,0.5580435766791632,0.08292200587720844,0.10843028042126157,0.013151470094098006,0.022551937228161067,0.9391035671827775,True,JST/JKKST empirical 1900-2020; inflation 100% empirical,Spain
1935,FIN,A,0.1189896547397149,0.1673155691950321,0.0531877354980288,0.027227129571200992,0.009611183923110556,0.9281491561768267,True,JST/JKKST empirical 1896-2020; inflation 100% empirical,Finland
1935,FRA,A,0.10103616689642281,0.25403066258427365,0.09730655219405904,0.1287573342521986,-0.08536585365853666,1.013430451001739,True,JST/JKKST empirical 1890-2020; inflation 100% empirical,France
1935,GBR,A,0.1319845115771483,0.16966957129191895,-0.037924186579046726,-0.001489573018671253,0.006999999999999673,1.1267192761380147,True,JST/JKKST empirical 1890-2020; inflation 100% empirical,United Kingdom
1935,ITA,A,0.10297406108105212,0.17526834933476598,-0.13460170308377772,0.03037172775028263,0.014197084065763477,1.0053844610831797,True,JST/JKKST empirical 1890-2020; inflation 100% empirical,Italy
1935,JPN,A,0.06693020688441509,0.1583205466640849,0.03424936803000134,0.006066628210251501,0.02474326280239869,0.7047462025013551,True,JST/JKKST empirical 1890-2020; inflation 100% empirical,Japan
1935,NLD,A,0.08990997267350709,0.18513395634843333,0.01532478442347629,0.06898204816232623,-0.03478266671229924,1.3088344679691832,True,JST/JKKST empirical 1900-2020; inflation 100% empirical,Netherlands
1935,NOR,A,0.2915242620905849,0.11146169784395976,0.00805300268128506,0.0028881638615112504,0.022048157818393754,1.103018300125159,True,JST/JKKST empirical 1890-2020; inflation 100% empirical,Norway
1935,PRT,A,0.059245705574327845,0.18830749386311507,0.06942691697793846,0.047870183299327795,0.00203252032520318,0.584548807575524,True,JST/JKKST empirical 1890-2020; inflation 100% empirical,Portugal
1935,SWE,A,0.08022286584300398,0.1278602738036776,-0.0821417335541017,0.0002580640777465337,0.019736842105263053,1.124650884542441,True,JST/JKKST empirical 1890-2020; inflation 100% empirical,Sweden
1935,USA,A,0.42701517404430955,0.09819565319076795,0.023477626379823757,0.0004759546994725916,0.022388059701492713,0.9321740087944916,True,JST/JKKST empirical 1890-2020; inflation 100% empirical,United States
1936,AUS,A,0.16132652657845203,0.1681058084657252,0.005207929753814344,-0.008000144175148938,0.031578950027700836,0.7431806246580712,True,JST/JKKST empirical 1900-2020; inflation 100% empirical,Australia
1936,BEL,A,0.21124340822226806,0.27667810749928057,0.07080353878057788,-0.02639270001464955,0.04580152671755733,0.8370993575453851,True,JST/JKKST empirical 1890-2020; inflation 100% empirical,Belgium
1936,CHE,A,0.501703704768379,0.28143365251970853,0.038121267379764845,0.0141870211514874,0.015624641234581294,1.5262356259541383,True,JST/JKKST empirical 1900-2020; inflation 100% empirical,Switzerland
1936,DEU,A,0.2884269582374941,0.20673496468915764,0.06247782691775705,0.024768549102457627,0.008130082074432776,1.626623237825044,True,JST/JKKST empirical 1890-2020; inflation 100% empirical,Germany
1936,DNK,A,0.13263542683743945,0.1971289358322399,0.013324413817485281,0.03269355286753761,0.0101012027764531,1.0542703759438694,True,JST/JKKST empirical 1890-2020; inflation 100% empirical,Denmark
1936,ESP,A,-0.08293599414832176,0.36035835957284457,-0.06491511908389014,,0.018572251199695966,0.8674790445849702,False,JST/JKKST empirical 1900-2020; inflation 100% empirical,Spain
1936,FIN,A,0.45579013228416443,0.18851993876039308,0.07014147192239761,0.03635000064969063,0.0,0.9480086364055536,True,JST/JKKST empirical 1896-2020; inflation 100% empirical,Finland
1936,FRA,A,0.10281710047274828,0.24583856517171943,0.00741448812186718,-0.027999999234452844,0.06666666666666665,1.0086067388126316,True,JST/JKKST empirical 1890-2020; inflation 100% empirical,France
1936,GBR,A,0.18368640616018217,0.19772373404083154,-0.004285789049547906,-0.0011916584645093042,0.007000000000000117,1.158883326733978,True,JST/JKKST empirical 1890-2020; inflation 100% empirical,United Kingdom
1936,ITA,A,0.2620197001492328,0.2866136129195962,-0.08407732501716036,-0.023739312553311076,0.07553240056324184,0.9630871702572491,True,JST/JKKST empirical 1890-2020; inflation 100% empirical,Italy
1936,JPN,A,0.05737850964735447,0.19251257690949153,0.0057742532603235475,0.004283943347477948,0.02313693839117592,0.732687843854619,True,JST/JKKST empirical 1890-2020; inflation 100% empirical,Japan
1936,NLD,A,0.29639606156513976,0.34700850648365367,0.16889491633960452,0.06434326906511556,-0.045044930877198186,1.1989411830337298,True,JST/JKKST empirical 1900-2020; inflation 100% empirical,Netherlands
1936,NOR,A,0.31885476332337803,0.18718020712979566,0.005122874255045318,-0.0006037811918394587,0.026019490964140912,1.1358691126539362,True,JST/JKKST empirical 1890-2020; inflation 100% empirical,Norway
1936,PRT,A,0.06770430497906221,0.18441705981495127,0.05089102706086157,0.019159250012962925,0.02535496957403649,0.6113100301336774,True,JST/JKKST empirical 1890-2020; inflation 100% empirical,Portugal
1936,SWE,A,0.38163026540902,0.20157917375119472,0.11604023748522341,0.007006368985411404,0.012903225806451646,1.141509050170332,True,JST/JKKST empirical 1890-2020; inflation 100% empirical,Sweden
1936,USA,A,0.3438782685523407,0.19511653480379154,0.05532878514030837,0.004658413997335131,0.014598540145985606,0.9527600779950159,True,JST/JKKST empirical 1890-2020; inflation 100% empirical,United States
1937,AUS,A,0.0035198380028567122,-0.08031276418307687,-0.03195155077288514,0.002859484210589347,0.020408328196598324,0.7960853244473134,True,JST/JKKST empirical 1900-2020; inflation 100% empirical,Australia
1937,BEL,A,-0.12245804073960609,-0.12317027598076358,-0.026024551314561717,-0.053115645550242174,0.07299270072992714,0.9458282632483045,True,JST/JKKST empirical 1890-2020; inflation 100% empirical,Belgium
1937,CHE,A,0.02277538724855188,0.18217286929190757,-0.012065651154662071,-0.02285706306978985,0.053846158546309475,1.2899965828407576,True,JST/JKKST empirical 1900-2020; inflation 100% empirical,Switzerland
1937,DEU,A,0.009619247488503957,-0.075842786997252,0.08684475031375016,0.023446399855724387,0.008064516434209024,1.7338472226003672,True,JST/JKKST empirical 1890-2020; inflation 100% empirical,Germany
1937,DNK,A,-0.04336408612514675,-0.09584989920766007,7.984167682550947e-08,0.005601043511390014,0.039999916070593056,1.1510951878098017,True,JST/JKKST empirical 1890-2020; inflation 100% empirical,Denmark
1937,ESP,A,-0.03140071632133745,0.7491003734962514,,,0.12307692728536845,0.5054767222909751,False,JST/JKKST empirical 1900-2020; inflation 100% empirical,Spain
1937,FIN,A,-0.058080549404833426,-0.10410390049798868,0.006047752514420246,-0.015190206219923064,0.05005048319630734,1.045045211889964,True,JST/JKKST empirical 1896-2020; inflation 100% empirical,Finland
1937,FRA,A,-0.2497200688513198,0.14835015150361164,-0.23767248887826897,-0.17758415831197605,0.26249999999999996,0.8894728182932027,True,JST/JKKST empirical 1890-2020; inflation 100% empirical,France
1937,GBR,A,-0.15902681173162259,-0.08249267052246534,-0.12188981787609643,-0.02746615106351602,0.03400000000000003,1.2579774615591517,True,JST/JKKST empirical 1890-2020; inflation 100% empirical,United Kingdom
1937,ITA,A,0.024914544684904394,0.19946469163336045,-0.05023523488744641,-0.040407364354286934,0.09463116018887274,0.8028211253126857,True,JST/JKKST empirical 1890-2020; inflation 100% empirical,Italy
1937,JPN,A,0.09195786353269497,-0.13868265315184125,-0.028756694197727417,-0.0470770567462927,0.07803050223507757,0.8289344114231942,True,JST/JKKST empirical 1890-2020; inflation 100% empirical,Japan
1937,NLD,A,0.5206813441189395,0.008583167600370478,-0.0220617436269418,-0.05177317567010142,0.05660373058953394,1.1415399397652666,True,JST/JKKST empirical 1900-2020; inflation 100% empirical,Netherlands
1937,NOR,A,0.050167641374118555,-0.15187341925378317,0.015936763172063495,-0.03845385737529616,0.07119144227222152,1.3074399661956135,True,JST/JKKST empirical 1890-2020; inflation 100% empirical,Norway
1937,PRT,A,-0.0112837053938184,-0.09555190583688955,-0.0035276595471191996,0.00041864804576152714,0.03956478733926816,0.6657770560493731,True,JST/JKKST empirical 1890-2020; inflation 100% empirical,Portugal
1937,SWE,A,-0.036809816263776995,-0.11186090712322239,0.01577392020435253,-0.011481481914718983,0.031847133757961776,1.2667277325910866,True,JST/JKKST empirical 1890-2020; inflation 100% empirical,Sweden
1937,USA,A,-0.3312084772106674,-0.07815008032853388,-0.033361338751597525,-0.017003805311914144,0.03597122302158273,1.0418657379990663,True,JST/JKKST empirical 1890-2020; inflation 100% empirical,United States
1938,AUS,A,-0.02450972577278543,-0.02936595099261685,-0.03615399898412497,0.003261030946592358,0.019999918400006367,0.807528484584059,True,JST/JKKST empirical 1900-2020; inflation 100% empirical,Australia
1938,BEL,A,-0.11818101757381039,-0.05086561320286631,-0.15008792176392338,-0.01871222002816042,0.035374149659864074,0.9858333017130392,True,JST/JKKST empirical 1890-2020; inflation 100% empirical,Belgium
1938,CHE,A,0.017958728596568108,-0.02013319742797759,0.05638665333390236,0.02645833045244217,0.0,1.2934723286263639,True,JST/JKKST empirical 1900-2020; inflation 100% empirical,Switzerland
1938,DEU,A,-0.034996387764911985,-0.040638250994101344,0.05815160615203685,0.02192460300425747,0.007999999345629893,1.7793376455148762,True,JST/JKKST empirical 1890-2020; inflation 100% empirical,Germany
1938,DNK,A,0.018599791599557713,-0.021567998003738542,0.06992616608909574,0.035567638449736094,0.009615365216019356,1.1557322387505433,True,JST/JKKST empirical 1890-2020; inflation 100% empirical,Denmark
1938,ESP,A,-0.011490785342729959,-0.03985418950869102,,,0.10045661806177564,0.5175501139748254,False,JST/JKKST empirical 1900-2020; inflation 100% empirical,Spain
1938,FIN,A,-0.010060089057465915,-0.04010436039159748,0.017101679781706958,0.00442434044434048,0.02939560439560429,1.070167729873613,True,JST/JKKST empirical 1896-2020; inflation 100% empirical,Finland
1938,FRA,A,-0.07004871319817452,0.22780817236326434,0.051337137040884606,-0.09749913071484662,0.13861386138613851,0.7244808482407575,True,JST/JKKST empirical 1890-2020; inflation 100% empirical,France
1938,GBR,A,-0.11210486504036632,-0.01977535320262591,-0.03721735614725952,-0.009744094604054565,0.016000000000000236,1.2714551051117733,True,JST/JKKST empirical 1890-2020; inflation 100% empirical,United Kingdom
1938,ITA,A,-0.08637288999862369,-0.09067031389541091,-0.020252928905478473,-0.02255744862354203,0.07678962500529218,0.8692780220880673,True,JST/JKKST empirical 1890-2020; inflation 100% empirical,Italy
1938,JPN,A,-0.10921023835574739,-0.09245306006655185,-0.03870766015804883,-0.06268487701787662,0.09598146228428539,0.9006210220233937,True,JST/JKKST empirical 1890-2020; inflation 100% empirical,Japan
1938,NLD,A,-0.06266129532989817,-0.03545174937285123,0.01572909365137809,-0.016070203894584467,0.017857172307586655,1.1676779256022791,True,JST/JKKST empirical 1900-2020; inflation 100% empirical,Netherlands
1938,NOR,A,-0.01540205293894037,0.015629640232683206,0.0358225225210167,-0.007799999639394151,0.033057851239671754,1.2702993084479872,True,JST/JKKST empirical 1890-2020; inflation 100% empirical,Norway
1938,PRT,A,0.07568696187329027,0.019096950852524053,0.07964070282865499,0.07318605700572678,-0.03092293054234052,0.6412069278669537,True,JST/JKKST empirical 1890-2020; inflation 100% empirical,Portugal
1938,SWE,A,0.06858054291118276,0.02699861010527238,0.21745363311334076,0.0014545450156384643,0.0185185185185186,1.2117285569855762,True,JST/JKKST empirical 1890-2020; inflation 100% empirical,Sweden
1938,USA,A,0.22330771608555566,-0.014639028605087923,0.08317968946822152,0.039676384088841,-0.02083333333333337,1.0258887523094686,True,JST/JKKST empirical 1890-2020; inflation 100% empirical,United States
1939,AUS,A,0.022914288725171872,0.1227645474696577,-0.00900853840368121,-0.005106037429400745,0.02941176470588225,0.7344648220126118,True,JST/JKKST empirical 1900-2020; inflation 100% empirical,Australia
1939,BEL,A,-0.2092242505256232,0.049207372291685036,-0.08848854291748698,0.004124676075751843,0.01182654402102501,0.9690831664294627,True,JST/JKKST empirical 1890-2020; inflation 100% empirical,Belgium
1939,CHE,A,-0.17101904145598779,0.06582852427929198,0.0099502929396178,0.01740716910876916,0.007299105020374341,1.2497554619239926,True,JST/JKKST empirical 1900-2020; inflation 100% empirical,Switzerland
1939,DEU,A,0.1336694359779358,0.055994438825144544,0.04571683332324028,0.02500000037252903,0.0,1.703279501125928,True,JST/JKKST empirical 1890-2020; inflation 100% empirical,Germany
1939,DNK,A,0.051407274686178894,0.08972920330886125,-0.04030636123188536,0.017357695199010426,0.02857137147658828,1.0793825733719815,True,JST/JKKST empirical 1890-2020; inflation 100% empirical,Denmark
1939,ESP,A,-0.03930653945286766,-0.5466214924929395,,-0.09036238622871018,0.13231905072520522,1.0834655800351531,False,JST/JKKST empirical 1900-2020; inflation 100% empirical,Spain
1939,FIN,A,-0.07197737266741155,-0.015999762153108055,0.02887726041695715,0.015758339544270195,0.017614091273018495,1.1083698494227208,True,JST/JKKST empirical 1896-2020; inflation 100% empirical,Finland
1939,FRA,A,0.09771567717438834,0.12877330461271086,-0.1335658002339426,-0.03805327815477,0.0608695652173914,0.6529032567729021,True,JST/JKKST empirical 1890-2020; inflation 100% empirical,France
1939,GBR,A,-0.009463825563860384,0.1269264341953351,-0.01795689585520832,-0.014396887229110478,0.028000000000000025,1.1544742580909702,True,JST/JKKST empirical 1890-2020; inflation 100% empirical,United Kingdom
1939,ITA,A,0.35640836694969735,-0.012090862882180864,-0.04000186740694922,0.008074652790226011,0.044168700343945266,0.8732012499316688,True,JST/JKKST empirical 1890-2020; inflation 100% empirical,Italy
1939,JPN,A,-0.03853675034739645,0.023764843828472992,-0.066886842539438,-0.08136211342582422,0.11817726589884825,0.89676368942076,True,JST/JKKST empirical 1890-2020; inflation 100% empirical,Japan
1939,NLD,A,-0.03595647561859361,0.07278604687952339,-0.19207114430337047,0.0022087433859123706,0.00877188171875476,1.1123751081571696,True,JST/JKKST empirical 1900-2020; inflation 100% empirical,Netherlands
1939,NOR,A,0.024801672790066176,0.061246736211844954,-0.13774720142356833,0.013462804503117543,0.01266666666666505,1.218159126159175,True,JST/JKKST empirical 1890-2020; inflation 100% empirical,Norway
1939,PRT,A,-0.021191303856181398,0.22976567788794222,0.04410135115829927,0.10452554649571444,-0.05841924398625431,0.5363296004108165,True,JST/JKKST empirical 1890-2020; inflation 100% empirical,Portugal
1939,SWE,A,-0.22121159162591486,0.037224719818891305,-0.34460214306326475,-0.010000000433886713,0.030303030303030276,1.2051190730782604,True,JST/JKKST empirical 1890-2020; inflation 100% empirical,Sweden
1939,USA,A,0.038369303167187896,0.05893582444937984,0.07273644602877627,0.030896637615539957,-0.014184397163120477,0.9850069592478007,True,JST/JKKST empirical 1890-2020; inflation 100% empirical,United States
1940,AUS,A,-0.020945945804988986,0.32964016301707244,0.05893596402696666,-0.03198875839243065,0.05714285714285716,0.6203153153990313,True,JST/JKKST empirical 1900-2020; inflation 100% empirical,Australia
1940,BEL,A,0.523866713025579,-0.24365617834324726,-0.11106518005865795,-0.3143188192064401,0.48173820314582816,1.3307440208485048,True,JST/JKKST empirical 1890-2020; inflation 100% empirical,Belgium
1940,CHE,A,-0.05299289629509252,0.09285227562762799,-0.06994202564524721,-0.062399830376455134,0.09420308624600748,1.2736798110509946,True,JST/JKKST empirical 1900-2020; inflation 100% empirical,Switzerland
1940,DEU,A,0.29653391361131654,0.15148964501867068,0.044512388967683725,-0.009252308628449057,0.03174603225766992,1.6209862428506716,True,JST/JKKST empirical 1890-2020; inflation 100% empirical,Germany
1940,DNK,A,-0.1813501433879885,0.026917480464357046,-0.12538962108451224,-0.15524261666006978,0.24074085587026084,1.1758151709683353,True,JST/JKKST empirical 1890-2020; inflation 100% empirical,Denmark
1940,ESP,A,-0.07693063751401741,0.1594424451262424,,-0.1339678136370298,0.1893322390881158,1.045428300475691,False,JST/JKKST empirical 1900-2020; inflation 100% empirical,Spain
1940,FIN,A,0.02372938546857073,0.13249943441074374,-0.12056151693718653,-0.1334969062271565,0.19053238919485982,1.0874783924202527,True,JST/JKKST empirical 1896-2020; inflation 100% empirical,Finland
1940,FRA,A,0.24022989437497877,0.20871175668253317,0.04018119881893023,-0.14414896502577035,0.18852459016393452,0.59563194486126,True,JST/JKKST empirical 1890-2020; inflation 100% empirical,France
1940,GBR,A,-0.1856975519187647,0.2080728801705094,-0.007391092711932168,-0.13501712311799208,0.16800000000000015,1.0774297313067114,True,JST/JKKST empirical 1890-2020; inflation 100% empirical,United Kingdom
1940,ITA,A,0.01134925431784306,0.057376566841786714,-0.08127227773464107,-0.09802670896823473,0.16699686179130357,0.9145910047291705,True,JST/JKKST empirical 1890-2020; inflation 100% empirical,Italy
1940,JPN,A,-0.05764634069011476,0.15195810569741175,-0.11424893299091776,-0.11681576788061931,0.16261133502512815,0.8696962693667054,True,JST/JKKST empirical 1890-2020; inflation 100% empirical,Japan
1940,NLD,A,1.0044190824875003,-0.01984564872218142,-0.034372200751293325,-0.11171207278545658,0.14782602464234507,1.1766269213245102,True,JST/JKKST empirical 1900-2020; inflation 100% empirical,Netherlands
1940,NOR,A,-0.008317398915674845,0.02354137598392292,-0.02434401905587158,-0.123050663303926,0.16688610928242342,1.3170534861919796,True,JST/JKKST empirical 1890-2020; inflation 100% empirical,Norway
1940,PRT,A,-0.05721667184387336,0.25983051954950476,-0.055934188303372046,-0.007108014790853878,0.04744525547445244,0.4777095315681476,True,JST/JKKST empirical 1890-2020; inflation 100% empirical,Portugal
1940,SWE,A,-0.017259593223043046,0.056400758148883456,-0.061557596520438684,-0.09424352300367822,0.1352941176470588,1.265485406292035,True,JST/JKKST empirical 1890-2020; inflation 100% empirical,Sweden
1940,USA,A,-0.10105093472770277,0.20437666711657743,0.054781722782978104,0.0072665774263442895,0.007194244604316502,0.9178563546572924,True,JST/JKKST empirical 1890-2020; inflation 100% empirical,United States
1941,AUS,A,-0.10346153817879844,0.1184541531324741,-0.054445787315041905,-0.0299389325082301,0.054054054054053946,0.5861097380277418,True,JST/JKKST empirical 1900-2020; inflation 100% empirical,Australia
1941,BEL,A,-0.09085560826837669,-0.35070908060527084,-0.42933391208729355,-0.4754595517872533,0.9354084202950699,2.086849283944679,True,JST/JKKST empirical 1890-2020; inflation 100% empirical,Belgium
1941,CHE,A,0.16860894916176905,0.030710035791501555,-0.07926999045417094,-0.10940391943249328,0.15231811768864723,1.279006303356953,True,JST/JKKST empirical 1900-2020; inflation 100% empirical,Switzerland
1941,DEU,A,0.05052257758418488,0.2019278170056269,0.04489314408446554,-0.0012481203187258982,0.023076923316147635,1.4187276710578578,True,JST/JKKST empirical 1890-2020; inflation 100% empirical,Germany
1941,DNK,A,0.09062091716131793,0.06202064526482687,-0.07936115195620896,-0.0950648199073253,0.14925358410690093,1.153562391229129,True,JST/JKKST empirical 1890-2020; inflation 100% empirical,Denmark
1941,ESP,A,0.08611126426762028,0.041714253294996784,-0.1260172875853912,-0.14039142733467336,0.19821978523992678,1.0446136627652844,True,JST/JKKST empirical 1900-2020; inflation 100% empirical,Spain
1941,FIN,A,0.2325362195083307,-0.003736774545931798,-0.11401687152680262,-0.12768318052296423,0.18173807688071375,1.1225916768869475,True,JST/JKKST empirical 1896-2020; inflation 100% empirical,Finland
1941,FRA,A,0.3041368267115423,-0.0030266866667825187,-0.018798600224887774,-0.13281470624839564,0.1724137931034484,0.611753578489479,True,JST/JKKST empirical 1890-2020; inflation 100% empirical,France
1941,GBR,A,0.10770156775140571,0.04701396043438022,-0.002126882706738664,-0.08835740107706747,0.1080000000000001,1.0701172684632134,True,JST/JKKST empirical 1890-2020; inflation 100% empirical,United Kingdom
1941,ITA,A,0.11449183526879181,0.04909794803689915,-0.07965204355554889,-0.09028871010128414,0.15707039336714956,0.9063325569474231,True,JST/JKKST empirical 1890-2020; inflation 100% empirical,Italy
1941,JPN,A,-0.1905238714918842,0.23550321608117275,0.023969251353362475,0.012627974876805004,0.013995292103573531,0.7508462413687523,True,JST/JKKST empirical 1890-2020; inflation 100% empirical,Japan
1941,NLD,A,-0.3679856768384925,0.09946171918945601,-0.015198964076743371,-0.10834469033525862,0.14393980330412748,1.1474147030991988,True,JST/JKKST empirical 1900-2020; inflation 100% empirical,Netherlands
1941,NOR,A,0.03845560633528766,0.044847989295647483,-0.006986619781252479,-0.12979965142524208,0.1721438645980249,1.31607834602086,True,JST/JKKST empirical 1890-2020; inflation 100% empirical,Norway
1941,PRT,A,0.14611805475212147,0.0022496535846228127,-0.03153387906212968,-0.07913418941569361,0.12394225983076179,0.4930311970790392,True,JST/JKKST empirical 1890-2020; inflation 100% empirical,Portugal
1941,SWE,A,0.09608834941093236,0.07811500248350511,0.03619490543456916,-0.09448630150118376,0.13471502590673579,1.223784997112864,True,JST/JKKST empirical 1890-2020; inflation 100% empirical,Sweden
1941,USA,A,-0.14349025204068144,0.18815151843156652,-0.036738816648721695,-0.034680209699131215,0.050000000000000044,0.8205621557223857,True,JST/JKKST empirical 1890-2020; inflation 100% empirical,United States
1942,AUS,A,0.11716121858510253,0.09525187979154581,0.004607249310371042,-0.03610523378381114,0.0598291282051282,0.6411292605877366,True,JST/JKKST empirical 1900-2020; inflation 100% empirical,Australia
1942,BEL,A,-0.2830242726431037,-0.2260189291613729,-0.30144939510432067,-0.32800229153943783,0.5089337175792508,3.2492852112181776,True,JST/JKKST empirical 1890-2020; inflation 100% empirical,Belgium
1942,CHE,A,-0.04049531454427435,0.05223504033307025,-0.06752672518422376,-0.0758765115830271,0.10919519240952891,1.466161828249754,True,JST/JKKST empirical 1900-2020; inflation 100% empirical,Switzerland
1942,DEU,A,0.10923911174127587,0.13039202005643302,0.03014667171978469,-0.008518979262061466,0.030075188375392248,1.5073062127424564,True,JST/JKKST empirical 1890-2020; inflation 100% empirical,Germany
1942,DNK,A,0.09470660911457185,0.04101156983541032,0.06666659322368607,0.007295524112548746,0.03246760678520344,1.3249852387891625,True,JST/JKKST empirical 1890-2020; inflation 100% empirical,Denmark
1942,ESP,A,-0.004836981529681816,0.02049046818666511,-0.08474823443531232,-0.097396096084307,0.1411428588565622,1.229827628839205,True,JST/JKKST empirical 1900-2020; inflation 100% empirical,Spain
1942,FIN,A,0.11048713842590363,-0.020876255469529426,-0.11044797412626328,-0.12416933344232817,0.17699692422406565,1.3638953482249807,True,JST/JKKST empirical 1896-2020; inflation 100% empirical,Finland
1942,FRA,A,0.2740478341172381,-0.056177719695392536,-0.1347141351278235,-0.15729756062714062,0.2058823529411764,0.7608779203251756,True,JST/JKKST empirical 1890-2020; inflation 100% empirical,France
1942,GBR,A,0.10585411556628577,0.08366353717727293,-0.04052916667263262,-0.056956115988344935,0.07099999999999995,1.1830544825864617,True,JST/JKKST empirical 1890-2020; inflation 100% empirical,United Kingdom
1942,ITA,A,0.03426854942347202,3.0062848958947255,-0.09518392804301501,-0.092243443463359,0.15581649157320454,0.09448699561199164,True,JST/JKKST empirical 1890-2020; inflation 100% empirical,Italy
1942,JPN,A,0.2150133158152392,0.13194064242509862,0.009963342743895431,-0.0007416068797582165,0.027562046260340978,0.7920692847489561,True,JST/JKKST empirical 1890-2020; inflation 100% empirical,Japan
1942,NLD,A,0.03271359905232485,0.08698380798354655,0.005607280474711374,-0.05158921964451968,0.07284735807529485,1.2702171045254513,True,JST/JKKST empirical 1900-2020; inflation 100% empirical,Netherlands
1942,NOR,A,0.16080464232156677,0.090953577831278,-0.03493444969258852,-0.037776264681887106,0.06004452199025345,1.441332964268786,True,JST/JKKST empirical 1890-2020; inflation 100% empirical,Norway
1942,PRT,A,0.4298249937815457,-0.08600505638926703,-0.033822125384477264,-0.15263596797082368,0.22143489813994677,0.6250273299802723,True,JST/JKKST empirical 1890-2020; inflation 100% empirical,Portugal
1942,SWE,A,0.07239293345274067,0.08760956465768599,-0.039348513819277287,-0.040705127856479284,0.06849315068493156,1.350937748192436,True,JST/JKKST empirical 1890-2020; inflation 100% empirical,Sweden
1942,USA,A,0.04082276557852138,0.04940093564689585,-0.08012269978965725,-0.08723624581413958,0.10884353741496611,0.9384589415844814,True,JST/JKKST empirical 1890-2020; inflation 100% empirical,United States
1943,AUS,A,0.08028813298078719,0.08941338729813486,0.0458638672251559,0.01339136999943391,0.008064386576491112,0.5961743437331714,True,JST/JKKST empirical 1900-2020; inflation 100% empirical,Australia
1943,BEL,A,-0.19329704062097008,-0.015113350094930755,-0.06291178915666162,-0.10372584895334003,0.13135026737967914,3.3785726249124255,True,JST/JKKST empirical 1890-2020; inflation 100% empirical,Belgium
1943,CHE,A,-0.06446691277392436,0.05406112545872843,-0.017289390475705102,-0.02558774150437093,0.051813533344418294,1.4183130726683844,True,JST/JKKST empirical 1900-2020; inflation 100% empirical,Switzerland
1943,DEU,A,0.03515437735646865,0.09757053533824434,0.0568297799861095,0.013899274908975023,0.007299269741511072,1.3954309442542354,True,JST/JKKST empirical 1890-2020; inflation 100% empirical,Germany
1943,DNK,A,0.12784856239549702,0.0871149246485472,0.036518998834396355,0.033500011897640736,0.00628929572662007,1.231154884852803,True,JST/JKKST empirical 1890-2020; inflation 100% empirical,Denmark
1943,ESP,A,-0.1897868945222574,-0.02770030905763321,-0.0918455522897963,-0.10041111495038013,0.1449674584103322,1.2941533182098368,True,JST/JKKST empirical 1900-2020; inflation 100% empirical,Spain
1943,FIN,A,-0.1289603148453592,-0.018770217152301316,-0.07399383809515059,-0.08783528355677794,0.13066202090592327,1.4173013267082832,True,JST/JKKST empirical 1896-2020; inflation 100% empirical,Finland
1943,FRA,A,-0.3357173743562436,-0.0958812440635669,-0.17513099799709997,-0.17959645676507252,0.23902439024390243,0.8664493460899961,True,JST/JKKST empirical 1890-2020; inflation 100% empirical,France
1943,GBR,A,0.07388782028533969,0.06486397312998382,-0.037700102212379516,-0.023210831937637733,0.03400000000000003,1.1242777744148296,True,JST/JKKST empirical 1890-2020; inflation 100% empirical,United Kingdom
1943,ITA,A,0.2040195510263545,-0.2439482935454097,-0.5548014050655397,-0.37371000987382896,0.6770186573813866,0.12201730259779346,True,JST/JKKST empirical 1890-2020; inflation 100% empirical,Italy
1943,JPN,A,0.16000663603101573,0.03080507196952742,-0.0214283185619093,-0.03170723659842101,0.060423084822345485,0.7719526936034584,True,JST/JKKST empirical 1890-2020; inflation 100% empirical,Japan
1943,NLD,A,0.17468439648523426,0.06160090742767288,0.03579561962511857,-0.018590677186673843,0.03086446823477007,1.2034494930926096,True,JST/JKKST empirical 1900-2020; inflation 100% empirical,Netherlands
1943,NOR,A,0.0395036442445762,0.0777366929771226,0.0319747167825708,-0.004355679106719634,0.02446222827629163,1.3570898775658506,True,JST/JKKST empirical 1890-2020; inflation 100% empirical,Norway
1943,PRT,A,-0.09640604679576092,-0.020818554486795926,-0.06054403218772264,-0.0933450926788214,0.13052936910804935,0.6494252913294921,True,JST/JKKST empirical 1890-2020; inflation 100% empirical,Portugal
1943,SWE,A,0.11316521212141573,0.09588459257758952,0.013193202082147026,0.020638298243284225,0.004273504273504258,1.2469116510246576,True,JST/JKKST empirical 1890-2020; inflation 100% empirical,Sweden
1943,USA,A,0.19655001318523646,0.02740138925417801,-0.03519075124852933,-0.048585703542639136,0.06134969325153383,0.9154236250835709,True,JST/JKKST empirical 1890-2020; inflation 100% empirical,United States
1944,AUS,A,0.0714285010831952,0.042655303715221526,0.04105294789913505,0.01345603609157675,0.00800006451200419,0.5584076243753764,True,JST/JKKST empirical 1900-2020; inflation 100% empirical,Australia
1944,BEL,A,0.19362291341063642,0.5682523608659404,0.12497751903056709,0.05459521518990962,-0.03972634688641852,2.1395258080919386,True,JST/JKKST empirical 1890-2020; inflation 100% empirical,Belgium
1944,CHE,A,0.030342467227819636,0.025933672631769822,0.004835312468115749,0.00014927906436335014,0.024630374174614778,1.3520831879495998,True,JST/JKKST empirical 1900-2020; inflation 100% empirical,Switzerland
1944,DEU,A,0.009751919008234244,0.03219501441767303,,-0.0004297877890484525,0.02173913020901508,1.3243549373992574,False,JST/JKKST empirical 1890-2020; inflation 100% empirical,Germany
1944,DNK,A,0.07491382865710605,0.0243528825470698,0.051983160415416174,0.014634064335771635,0.025000081962322396,1.172175425257688,True,JST/JKKST empirical 1890-2020; inflation 100% empirical,Denmark
1944,ESP,A,-0.052925947519818495,-0.019804939519494025,0.01015421795137783,-0.04342201462678541,0.07675486481908433,1.2943704578400261,True,JST/JKKST empirical 1900-2020; inflation 100% empirical,Spain
1944,FIN,A,-0.0979910985652902,-0.003890774505966532,-0.015602135057154465,-0.030034328309087255,0.06359434094410976,1.4002134047901371,True,JST/JKKST empirical 1896-2020; inflation 100% empirical,Finland
1944,FRA,A,-0.278704501904092,-0.13057119995513555,-0.11536715373732276,-0.16988553048090538,0.22440944881889768,0.9854302053887782,True,JST/JKKST empirical 1890-2020; inflation 100% empirical,France
1944,GBR,A,0.0949367078741199,0.020883712562516088,0.029454723015035933,-0.016553067403619615,0.026999999999999913,1.0725068836955909,True,JST/JKKST empirical 1890-2020; inflation 100% empirical,United Kingdom
1944,ITA,A,-0.4339988838380836,-0.4979973166022771,-0.7008150245376388,-0.7634982246369607,3.443941266119463,0.2359043255381004,True,JST/JKKST empirical 1890-2020; inflation 100% empirical,Italy
1944,JPN,A,-0.20748345789165423,-0.22247219476936664,-0.23306663652769055,-0.24134502258118362,0.35292066935233923,0.9701056593879629,True,JST/JKKST empirical 1890-2020; inflation 100% empirical,Japan
1944,NLD,A,0.0325155495676035,0.021923110031635717,-0.016917378097690783,-0.019651176525667502,0.029939523676633772,1.1513188419062814,True,JST/JKKST empirical 1900-2020; inflation 100% empirical,Netherlands
1944,NOR,A,-0.03459684883432712,0.04540484143196366,0.008645269369189634,0.007607267509359916,0.012299168975069108,1.276067097663537,True,JST/JKKST empirical 1890-2020; inflation 100% empirical,Norway
1944,PRT,A,0.1061185907173039,0.0181557676175228,-0.029575422958951547,-0.00861596053424385,0.028864656831302016,0.6206452930204803,True,JST/JKKST empirical 1890-2020; inflation 100% empirical,Portugal
1944,SWE,A,0.15834057171884774,0.05099245017255738,0.053714859737162834,0.029380342254462954,-0.004255319148936176,1.153293110146889,True,JST/JKKST empirical 1890-2020; inflation 100% empirical,Sweden
1944,USA,A,0.17646302037279704,0.02583426502254249,0.007528409457087992,-0.008155516650400818,0.017341040462427904,0.8650569517370963,True,JST/JKKST empirical 1890-2020; inflation 100% empirical,United States
1945,AUS,A,0.11446511884068333,-0.09335486437618046,0.010309139656466293,,0.023809523809523725,0.5019744759214044,False,JST/JKKST empirical 1900-2020; inflation 100% empirical,Australia
1945,BEL,A,0.2834751352329288,0.22495563115508377,0.281594882264399,0.32352194182666216,-0.2349956822107081,1.440688868659565,True,JST/JKKST empirical 1890-2020; inflation 100% empirical,Belgium
1945,CHE,A,0.14941219069083522,-0.0844642046283024,0.01624141037566651,0.014874750600448738,0.009615549855245487,1.2015676529679151,True,JST/JKKST empirical 1900-2020; inflation 100% empirical,Switzerland
1945,DEU,A,-0.15822878455834655,,,,0.02836879428263228,,False,JST/JKKST empirical 1890-2020; inflation 100% empirical,Germany
1945,DNK,A,-0.09408019421124847,-0.06814045911937938,0.06073315346798558,0.02746990397563387,0.01219509698708765,1.0428043867063592,True,JST/JKKST empirical 1890-2020; inflation 100% empirical,Denmark
1945,ESP,A,0.07722051207130809,-0.15112800203228316,-0.02480420304084907,-0.053253684941930834,0.08793663407738972,1.2395126916219081,True,JST/JKKST empirical 1900-2020; inflation 100% empirical,Spain
1945,FIN,A,0.46637376831363153,0.9023695782296568,-0.2533229090090737,-0.2645908149174987,0.4022125642038721,0.6185006390928371,True,JST/JKKST empirical 1896-2020; inflation 100% empirical,Finland
1945,FRA,A,-0.46065583317631487,-0.30788205360697996,-0.3129675767289518,-0.3161373101881908,0.48231511254019277,1.1957438057004965,True,JST/JKKST empirical 1890-2020; inflation 100% empirical,France
1945,GBR,A,0.03561807757221769,-0.09299130212260098,0.11687606642682269,-0.018482490649251226,0.028000000000000025,0.9692962341967019,True,JST/JKKST empirical 1890-2020; inflation 100% empirical,United Kingdom
1945,ITA,A,-0.7288679930335644,-0.4956222156399618,-0.4041668184924576,-0.46835329429938133,0.9695410295142322,0.39933168066634833,True,JST/JKKST empirical 1890-2020; inflation 100% empirical,Italy
1945,JPN,A,-0.9034720866582836,-0.6952265186890987,-0.903536555020095,-0.9045777949447451,9.756406218684686,5.710619440664145,True,JST/JKKST empirical 1890-2020; inflation 100% empirical,Japan
1945,NLD,A,-0.20392984205218734,0.17699701935303835,-0.04066563983968707,-0.11645900543896692,0.1511633382210198,0.8272699245419112,True,JST/JKKST empirical 1900-2020; inflation 100% empirical,Netherlands
1945,NOR,A,-0.1222425340491089,0.002863221895364143,0.05763925768818545,0.0019051710478310557,0.018060420315237913,1.061726714140556,True,JST/JKKST empirical 1890-2020; inflation 100% empirical,Norway
1945,PRT,A,-0.01731248673350938,-0.14508356864818195,-0.023079546717599264,-0.06429511050445746,0.09008728179551118,0.5947960301454439,True,JST/JKKST empirical 1890-2020; inflation 100% empirical,Portugal
1945,SWE,A,0.10543173980047782,-0.06740704539683051,0.1143723108481951,0.024879828894854628,-0.004273504273504258,1.0108077100217965,True,JST/JKKST empirical 1890-2020; inflation 100% empirical,Sweden
1945,USA,A,0.3427650451660156,-0.11106517528747739,0.08334791925218377,-0.013291578657097292,0.022727272727272707,0.7787415057631749,True,JST/JKKST empirical 1890-2020; inflation 100% empirical,United States
1946,AUS,A,0.10725000128149986,-0.18570398420420664,0.07484650544144889,,0.023255813953488413,0.8405392463407766,False,JST/JKKST empirical 1900-2020; inflation 100% empirical,Australia
1946,BEL,A,0.025287789354721646,0.27154544529822777,0.06873919824984931,0.14465787861439772,-0.11528150134048254,1.6068153050227962,True,JST/JKKST empirical 1890-2020; inflation 100% empirical,Belgium
1946,CHE,A,0.08624509511292788,-0.3053763150381773,0.04348567843885576,0.03403983618512618,-0.009523971631205663,2.3255742583409127,True,JST/JKKST empirical 1900-2020; inflation 100% empirical,Switzerland
1946,DEU,A,-0.17133502918443455,,,,0.08965517175303428,1.3243549373992574,False,JST/JKKST empirical 1890-2020; inflation 100% empirical,Germany
1946,DNK,A,0.06415942524162,0.48604972775596567,0.03742459330143766,0.04148231041696304,-0.00602408420243683,1.0017165276023257,True,JST/JKKST empirical 1890-2020; inflation 100% empirical,Denmark
1946,ESP,A,0.14166927726795775,0.9550096643396999,-0.14610118521207538,-0.13501959406879793,0.19077841794646488,0.9138633840603109,True,JST/JKKST empirical 1900-2020; inflation 100% empirical,Spain
1946,FIN,A,-0.48995376307881666,0.6601870790723192,-0.34276227917778945,-0.35290018529364064,0.5930309007232084,0.5481528479072105,True,JST/JKKST empirical 1896-2020; inflation 100% empirical,Finland
1946,FRA,A,-0.16508308667716054,3.0062848958947255,-0.3815754731351332,-0.33564850633664545,0.5249457700650759,0.4348910794754412,True,JST/JKKST empirical 1890-2020; inflation 100% empirical,France
1946,GBR,A,0.14191319905474398,0.1091014008490021,0.07430652231989732,-0.025218234831967612,0.030999999999999917,1.2196814885919685,True,JST/JKKST empirical 1890-2020; inflation 100% empirical,United Kingdom
1946,ITA,A,1.2047048218679164,-0.27705871370742396,-0.0874617706353894,-0.11276895109304097,0.18018863448640698,0.673863014160939,True,JST/JKKST empirical 1890-2020; inflation 100% empirical,Italy
1946,JPN,A,,3.0062848958947255,-0.4562231147989989,-0.46178149022576953,0.9070321462699202,0.684543485320216,False,JST/JKKST empirical 1890-2020; inflation 100% empirical,Japan
1946,NLD,A,-0.17945756951439995,1.0020631051268154,-0.06338032844886943,-0.07233338871305672,0.09090915614648454,0.6033253349734505,True,JST/JKKST empirical 1900-2020; inflation 100% empirical,Netherlands
1946,NOR,A,-0.049782145361797814,0.2565195308344077,0.02694384295008545,-0.009701563318828321,0.024943554456508643,1.202679834235901,True,JST/JKKST empirical 1890-2020; inflation 100% empirical,Norway
1946,PRT,A,-0.17310189625538486,-0.24227699261137092,-0.09066637694255353,-0.10378391999077419,0.13811838718901925,1.0907185225243248,True,JST/JKKST empirical 1890-2020; inflation 100% empirical,Portugal
1946,SWE,A,0.13771519472456384,-0.2362412559246837,0.022723114388620624,0.01564102519590116,0.0042918454935623185,1.7883854214537194,True,JST/JKKST empirical 1890-2020; inflation 100% empirical,Sweden
1946,USA,A,-0.15628744776432324,-0.21705437673345873,-0.07796316353890753,-0.06823392498951686,0.08333333333333326,1.3833709501559328,True,JST/JKKST empirical 1890-2020; inflation 100% empirical,United States
1947,AUS,A,0.08388727085821768,-0.11222859886859382,-0.10227429131836341,,0.07575763636363653,0.8132421528406398,False,JST/JKKST empirical 1900-2020; inflation 100% empirical,Australia
1947,BEL,A,-0.3218708499584948,-0.17699725971918123,-0.04446657216766403,-0.003889333978056353,0.01795918367346938,1.7218835006643314,True,JST/JKKST empirical 1890-2020; inflation 100% empirical,Belgium
1947,CHE,A,0.0531141297882356,0.0681026385224417,-0.01268936694798295,-0.019316900254973346,0.043269401517087136,1.899485775393039,True,JST/JKKST empirical 1900-2020; inflation 100% empirical,Switzerland
1947,DEU,A,0.01474059137757866,0.22969113401994257,,,0.06962025327568333,0.9497545952752408,False,JST/JKKST empirical 1890-2020; inflation 100% empirical,Germany
1947,DNK,A,0.025021947691871826,-0.057305967191937146,-0.017143353600754252,0.0075221161020790905,0.027272735365095002,0.9207997986718278,True,JST/JKKST empirical 1890-2020; inflation 100% empirical,Denmark
1947,ESP,A,0.19342125680858535,0.14776503461210333,-0.17136760724464095,-0.14437166516944067,0.20379370037274347,0.6921344219621292,True,JST/JKKST empirical 1900-2020; inflation 100% empirical,Spain
1947,FIN,A,-0.23185388304692678,-0.23658923072580818,-0.23386267313963915,-0.20700118841125292,0.2992453275160665,0.6255703803468291,True,JST/JKKST empirical 1896-2020; inflation 100% empirical,Finland
1947,FRA,A,-0.45353852972402475,-0.43459691745333484,-0.47203388763280907,-0.31931639696561065,0.49217638691322896,0.6719016496943253,True,JST/JKKST empirical 1890-2020; inflation 100% empirical,France
1947,GBR,A,-0.0895039567323489,0.09819519149111056,-0.19938950616622642,-0.06065420543548661,0.07000000000000006,0.9791656474695494,True,JST/JKKST empirical 1890-2020; inflation 100% empirical,United Kingdom
1947,ITA,A,-0.5450403551528455,-0.47781855332106005,-0.4024657348461588,-0.352960514810148,0.6206120698960382,1.1345033965939553,True,JST/JKKST empirical 1890-2020; inflation 100% empirical,Italy
1947,JPN,A,,-0.43193665325408137,-0.53977952363566,-0.5437737223888627,1.2532678438581284,1.0503078541560373,False,JST/JKKST empirical 1890-2020; inflation 100% empirical,Japan
1947,NLD,A,0.17140570493804086,-0.18351798545997755,-0.008606877598712481,-0.022696106793451243,0.03703669595019066,0.62590782633487,True,JST/JKKST empirical 1900-2020; inflation 100% empirical,Netherlands
1947,NOR,A,0.08557072791918863,0.1019694946572931,0.01484998340089061,0.009967642273764898,0.00498269170250798,0.952190553646577,True,JST/JKKST empirical 1890-2020; inflation 100% empirical,Norway
1947,PRT,A,-0.07968744257877647,-0.07353496697844586,-0.059889286415128695,-0.017852790460313517,0.03090452261306509,1.0265693863251995,True,JST/JKKST empirical 1890-2020; inflation 100% empirical,Portugal
1947,SWE,A,-0.06308718322470963,0.08219023107811152,-0.005854877121591828,-0.009626556450647805,0.029914529914529808,1.4533630230876329,True,JST/JKKST empirical 1890-2020; inflation 100% empirical,Sweden
1947,USA,A,-0.08279218665019294,-0.1585340160046793,-0.15123382992541323,-0.11674979084376003,0.14358974358974375,1.4243479919298838,True,JST/JKKST empirical 1890-2020; inflation 100% empirical,United States
1948,AUS,A,-0.05579220345479774,-0.189471595530449,-0.024518276600385636,-0.057175319711945005,0.08450703749256117,0.847235857863623,True,JST/JKKST empirical 1900-2020; inflation 100% empirical,Australia
1948,BEL,A,-0.12079806711816299,-0.14449205442448265,-0.08777943142617528,-0.11638155098611425,0.1475541299117884,1.71409585587784,True,JST/JKKST empirical 1890-2020; inflation 100% empirical,Belgium
1948,CHE,A,-0.08168035107006189,-0.1728400820813083,-0.007948501430812938,-0.008598648833982092,0.03215849919926783,1.9456821415732892,True,JST/JKKST empirical 1900-2020; inflation 100% empirical,Switzerland
1948,DEU,A,-0.8995940049850125,-0.28739167412989497,,,0.15384615426076165,1.2015319406528648,False,JST/JKKST empirical 1890-2020; inflation 100% empirical,Germany
1948,DNK,A,0.018656029271337138,0.023799593996139512,-0.04767113418280322,0.0082327512342808,0.026548680234759647,0.7675260933571528,True,JST/JKKST empirical 1890-2020; inflation 100% empirical,Denmark
1948,ESP,A,-0.33868297851628926,-0.24255203618859078,-0.04403121678226096,-0.03970703424017463,0.07258934101893288,0.7857832426924359,True,JST/JKKST empirical 1900-2020; inflation 100% empirical,Spain
1948,FIN,A,-0.44519841319390674,-0.10632141380995863,-0.35287263816260395,-0.21872211317477608,0.3464479386472441,0.6116709410635257,True,JST/JKKST empirical 1896-2020; inflation 100% empirical,Finland
1948,FRA,A,-0.4372914255587742,0.002112895613738619,-0.40488682013416954,-0.3564158053598546,0.5862726406101049,0.5881166311900068,True,JST/JKKST empirical 1890-2020; inflation 100% empirical,France
1948,GBR,A,-0.10562565012341196,-0.3307468787314125,-0.06502349411129615,-0.0667595170064722,0.07699999999999996,1.2224651870098782,True,JST/JKKST empirical 1890-2020; inflation 100% empirical,United Kingdom
1948,ITA,A,0.2042461834444942,-0.06649524415992614,0.036379085654367316,-0.005856310272534415,0.058800665266208973,1.0183426780412719,True,JST/JKKST empirical 1890-2020; inflation 100% empirical,Italy
1948,JPN,A,-0.16153044705999398,-0.3514897860017343,-0.4060050727575334,-0.4124850191046725,0.7592742864646957,1.3568362567369132,True,JST/JKKST empirical 1890-2020; inflation 100% empirical,Japan
1948,NLD,A,0.0929651818606303,-0.2720212751505622,-0.00927105182782939,-0.021931333730085045,0.03571460287295003,0.7112105334240463,True,JST/JKKST empirical 1900-2020; inflation 100% empirical,Netherlands
1948,NOR,A,0.11727864528537446,0.033111114601550584,0.04253502270428822,0.02193342407523513,-0.006784614581703652,0.7823076370407952,True,JST/JKKST empirical 1890-2020; inflation 100% empirical,Norway
1948,PRT,A,0.10244769863486813,0.12043307114717927,0.1749353013112942,0.23023254945113925,-0.1759688033146477,0.7824287775007596,True,JST/JKKST empirical 1890-2020; inflation 100% empirical,Portugal
1948,SWE,A,-0.09743702506609997,-0.009435363083949766,-0.041184060414339974,-0.03600000042249174,0.05809128630705396,1.258681706809498,True,JST/JKKST empirical 1890-2020; inflation 100% empirical,Sweden
1948,USA,A,-0.0039012074933244545,-0.18277838739225527,-0.04192946686227306,-0.060327981371767425,0.07672214344354056,1.4668366781873985,True,JST/JKKST empirical 1890-2020; inflation 100% empirical,United States
1949,AUS,A,-0.0046494213897029235,1.0597393220343498,-0.11624996000965249,-0.06090836759956331,0.08604950202340245,0.5956094811708212,True,JST/JKKST empirical 1900-2020; inflation 100% empirical,Australia
1949,BEL,A,0.254829050962291,0.47174116777042774,0.1393247022201991,0.0484349715450747,-0.0328441649196366,1.6471538095862337,True,JST/JKKST empirical 1890-2020; inflation 100% empirical,Belgium
1949,CHE,A,0.14979486416171817,0.6662004341060805,0.05219512513279034,0.031918615362987346,-0.007980556989894083,1.6685959250011468,True,JST/JKKST empirical 1900-2020; inflation 100% empirical,Switzerland
1949,DEU,A,1.212532790634501,-0.6952265186890987,-0.005385404844209574,,0.07035203603123863,4.059897861667328,False,JST/JKKST empirical 1890-2020; inflation 100% empirical,Germany
1949,DNK,A,-0.053512092385435195,0.44980223895124105,0.0302555786878711,0.007520241402603434,0.027274646818164827,0.7582678889512068,True,JST/JKKST empirical 1890-2020; inflation 100% empirical,Denmark
1949,ESP,A,-0.15002726292216262,0.8813291510494967,-0.022984805690667076,-0.02284815602184298,0.05408387209928045,0.6060249227898924,True,JST/JKKST empirical 1900-2020; inflation 100% empirical,Spain
1949,FIN,A,0.4098821531789958,-0.035789599128945526,0.19884974309735037,0.029190611965353552,0.013514879849011008,0.8639511706315585,True,JST/JKKST empirical 1896-2020; inflation 100% empirical,Finland
1949,FRA,A,-0.2527412358723896,0.03152068966635868,-0.08715618905467049,-0.0903154929286577,0.12698412698412698,0.8129094453951948,True,JST/JKKST empirical 1890-2020; inflation 100% empirical,France
1949,GBR,A,-0.0826910216694674,0.9256638822155772,-0.11415115984497348,-0.02217898831307752,0.027999999999999803,0.9196415930830489,True,JST/JKKST empirical 1890-2020; inflation 100% empirical,United Kingdom
1949,ITA,A,0.09341087053663233,0.5323774378592767,0.1500792201490051,0.04134622990983705,0.006965761511216195,0.9481686701754097,True,JST/JKKST empirical 1890-2020; inflation 100% empirical,Italy
1949,JPN,A,0.6155339375437161,1.2270322660517037,-0.1999234748852029,-0.21508792726797887,0.31887384048773004,0.8686205184989392,True,JST/JKKST empirical 1890-2020; inflation 100% empirical,Japan
1949,NLD,A,-0.08354985217290822,0.17006850805364837,-0.0233480468108076,-0.044933247879296534,0.060344732551773195,0.8634198014613207,True,JST/JKKST empirical 1900-2020; inflation 100% empirical,Netherlands
1949,NOR,A,-0.04169428578870149,0.5297551166417136,0.01876523829316845,0.013736936437493075,0.0012459477225614801,0.7337141730251457,True,JST/JKKST empirical 1890-2020; inflation 100% empirical,Norway
1949,PRT,A,-0.2320969281718135,0.4826848182184582,-0.29164529088884594,-0.12564062506426132,0.1594202898550725,0.7624195886641093,True,JST/JKKST empirical 1890-2020; inflation 100% empirical,Portugal
1949,SWE,A,0.13723432645201683,0.9217254452012011,0.050367221105261706,0.016015624554711394,0.0039215686274509665,0.941803616649274,True,JST/JKKST empirical 1890-2020; inflation 100% empirical,Sweden
1949,USA,A,0.17545245757798433,0.5418269782905656,0.07210923321807217,0.020806983432346327,-0.009807998890968395,1.3531808287633513,True,JST/JKKST empirical 1890-2020; inflation 100% empirical,United States
1950,AUS,A,0.20340286228283544,0.03489235540226798,-0.0385462342892251,-0.066309582354098,0.09190367720896142,0.6208760342123978,True,JST/JKKST empirical 1900-2020; inflation 100% empirical,Australia
1950,BEL,A,0.16935526282029656,0.1819764508153794,0.04752845445283982,0.02286880510063627,-0.00867052023121384,1.5196764559504177,True,JST/JKKST empirical 1890-2020; inflation 100% empirical,Belgium
1950,CHE,A,0.11404867993496581,0.15958943675465465,0.07403943912025146,0.03921025796794675,-0.015470332204238102,1.5719912166925463,True,JST/JKKST empirical 1900-2020; inflation 100% empirical,Switzerland
1950,DEU,A,-0.0222909804175081,-0.16383827187346023,0.10579328541943034,0.11228522823729148,-0.06220097781855671,5.235882997946664,True,JST/JKKST empirical 1890-2020; inflation 100% empirical,Germany
1950,DNK,A,0.18283346241729892,0.11759254899923022,-0.08495253492710819,-0.019425380816910143,0.061452449698979894,0.7367046113755357,True,JST/JKKST empirical 1890-2020; inflation 100% empirical,Denmark
1950,ESP,A,-0.03820187217237769,0.11943692791919425,-0.0750625918610297,-0.0708010716676658,0.10848169097442328,0.5952041783826962,True,JST/JKKST empirical 1900-2020; inflation 100% empirical,Spain
1950,FIN,A,0.6014504020523317,0.36396340948315586,-0.15430888358187855,-0.07414083040919583,0.14666467145517426,0.6828444636565071,True,JST/JKKST empirical 1896-2020; inflation 100% empirical,Finland
1950,FRA,A,-0.22697518441157472,0.04557213570823615,-0.11303255038383686,-0.06762435924834942,0.09859154929577474,0.8613065053162735,True,JST/JKKST empirical 1890-2020; inflation 100% empirical,France
1950,GBR,A,0.06773530906501768,0.03541389488300051,0.0014018661048977865,-0.03270346906631727,0.03918495297805635,0.9660375413371769,True,JST/JKKST empirical 1890-2020; inflation 100% empirical,United Kingdom
1950,ITA,A,0.10559916478508069,0.2169084412073159,0.0379383473051218,0.054393848962422275,-0.006917575331222947,0.8539913419747491,True,JST/JKKST empirical 1890-2020; inflation 100% empirical,Italy
1950,JPN,A,-0.22497891126348624,-0.11782775495516773,0.13278499669449562,0.11152514568089167,-0.06866704380751698,1.0812398816569604,True,JST/JKKST empirical 1890-2020; inflation 100% empirical,Japan
1950,NLD,A,-0.05949142641789362,0.04359926292744665,-0.07579041025930178,-0.05668006949374971,0.09000001732768914,0.9072223682734628,True,JST/JKKST empirical 1900-2020; inflation 100% empirical,Netherlands
1950,NOR,A,0.12291872724563357,0.14504196296968108,-0.05865390078494637,-0.03550077571275312,0.05235958112335082,0.6991431811466986,True,JST/JKKST empirical 1890-2020; inflation 100% empirical,Norway
1950,PRT,A,0.034948018133936776,0.20265755308298417,0.07791001508297746,0.040560356037689704,-0.025765306122448983,0.6969307821366667,True,JST/JKKST empirical 1890-2020; inflation 100% empirical,Portugal
1950,SWE,A,0.26506602947528535,0.04444487438847111,-0.05678200721740723,0.009624615082374,0.015625,0.9698724799646442,True,JST/JKKST empirical 1890-2020; inflation 100% empirical,Sweden
1950,USA,A,0.2694433512450294,0.12015412170376827,-0.0112594872849765,0.00042680876585943217,0.010640159602394172,1.3056036436266045,True,JST/JKKST empirical 1890-2020; inflation 100% empirical,United States
1951,AUS,A,-0.2039364237837803,0.06812274721510536,-0.2341971316616951,-0.14877939865495515,0.19839674670842622,0.6583530366043138,True,JST/JKKST empirical 1900-2020; inflation 100% empirical,Australia
1951,BEL,A,0.2988527757809265,0.1874680369398325,-0.04773390914789244,-0.07283705392010176,0.09365889212827994,1.4180659764683197,True,JST/JKKST empirical 1890-2020; inflation 100% empirical,Belgium
1951,CHE,A,0.14083904271332748,0.2179363031808781,-0.03931263420107867,-0.023544147658333237,0.04776882377355296,1.4442853977767383,True,JST/JKKST empirical 1900-2020; inflation 100% empirical,Switzerland
1951,DEU,A,1.0226793929293057,0.10435515657186989,-0.03772433824448729,-0.015169670550810754,0.0765306130570873,5.023228659093334,True,JST/JKKST empirical 1890-2020; inflation 100% empirical,Germany
1951,DNK,A,-0.12066299070605202,0.03637521461795501,-0.1282771374297118,-0.049999979314285126,0.10526313461252634,0.7998614488506606,True,JST/JKKST empirical 1890-2020; inflation 100% empirical,Denmark
1951,ESP,A,0.09246870375072591,0.15930648605078046,-0.054997006541540605,-0.058737902545642706,0.09427544369956253,0.5743032720824908,True,JST/JKKST empirical 1900-2020; inflation 100% empirical,Spain
1951,FIN,A,-0.022303861504682554,-0.06702993766514598,0.09433082527673675,-0.08885186075354068,0.16276372072790557,0.8133184856132852,True,JST/JKKST empirical 1896-2020; inflation 100% empirical,Finland
1951,FRA,A,0.2368118422372001,0.16336214796156656,-0.21343257597514564,-0.11971428511398186,0.16666666666666674,0.8219365738043773,True,JST/JKKST empirical 1890-2020; inflation 100% empirical,France
1951,GBR,A,-0.0075217318176235,0.22370441232383742,-0.17178857239944811,-0.07785228234078145,0.09049773755656121,0.8903951042382796,True,JST/JKKST empirical 1890-2020; inflation 100% empirical,United Kingdom
1951,ITA,A,-0.00540509819984436,0.08430077505761346,-0.11516397329978645,-0.08378749992698431,0.1428571428571428,0.8823908466607168,True,JST/JKKST empirical 1890-2020; inflation 100% empirical,Italy
1951,JPN,A,0.20497366420707208,0.07712554301410846,-0.10568791990326387,-0.11840325804382501,0.17967767984064276,1.1105847923871663,True,JST/JKKST empirical 1890-2020; inflation 100% empirical,Japan
1951,NLD,A,-0.07177722185116409,0.16480394733171577,-0.17520204979402298,-0.08054261304431931,0.11926589947926858,0.8792555267270336,True,JST/JKKST empirical 1900-2020; inflation 100% empirical,Netherlands
1951,NOR,A,-0.029921306952973348,-0.019937832889660334,-0.1313825127188053,-0.12382083920062059,0.1584388730938222,0.7956003056109344,True,JST/JKKST empirical 1890-2020; inflation 100% empirical,Norway
1951,PRT,A,0.16136806957377492,0.2383523580469038,0.0930875083354632,-0.00012622682968443932,0.013877978528410662,0.629711997334937,True,JST/JKKST empirical 1890-2020; inflation 100% empirical,Portugal
1951,SWE,A,0.05335483817677744,0.08750794814444074,-0.11569354246909691,-0.11907894794191975,0.1692307692307693,0.9959586881010015,True,JST/JKKST empirical 1890-2020; inflation 100% empirical,Sweden
1951,USA,A,0.16425398947552527,0.15827644242982175,-0.10808717544516622,-0.06251513973730394,0.07941125541125515,1.255928530116108,True,JST/JKKST empirical 1890-2020; inflation 100% empirical,United States
1952,AUS,A,-0.26039111265798587,0.004804931957466785,-0.13444784883090877,-0.12569186829933332,0.1722411852087098,0.7015473967969669,True,JST/JKKST empirical 1900-2020; inflation 100% empirical,Australia
1952,BEL,A,-0.016290344466993623,0.10230010434711767,0.052314609451512784,0.00462660987019925,0.009330223258913639,1.363901315585624,True,JST/JKKST empirical 1890-2020; inflation 100% empirical,Belgium
1952,CHE,A,0.05705456560416389,0.12229631750366976,-0.0033260731889989126,-0.0020271606232771244,0.025194905292108327,1.3601366822340126,True,JST/JKKST empirical 1900-2020; inflation 100% empirical,Switzerland
1952,DEU,A,0.1924849548723251,0.14016391370920633,0.04074527775939085,0.0291512758663115,0.021327015170155894,4.626239804463239,True,JST/JKKST empirical 1890-2020; inflation 100% empirical,Germany
1952,DNK,A,-0.04735696913622833,9.273228919748355e-05,0.010436564619552113,0.011467625077591359,0.03809551063437233,0.8447350634817823,True,JST/JKKST empirical 1890-2020; inflation 100% empirical,Denmark
1952,ESP,A,0.11850415352277888,0.09124721113177703,0.06721528395715248,0.0508648749913132,-0.019854955816310693,0.5533462577444594,True,JST/JKKST empirical 1900-2020; inflation 100% empirical,Spain
1952,FIN,A,-0.13694630893149018,0.03406659869091477,0.030030449123066294,0.03774711532868524,0.009976306272602598,0.8369138014206028,True,JST/JKKST empirical 1896-2020; inflation 100% empirical,Finland
1952,FRA,A,0.016569704839996202,0.0070430816836251076,0.1345807909965515,-0.07474411903497047,0.1208791208791209,0.8589934292626171,True,JST/JKKST empirical 1890-2020; inflation 100% empirical,France
1952,GBR,A,-0.09752588198651235,-0.04484018791228972,-0.10244046824635034,-0.07636750010773563,0.10650069156293251,0.9850602618551928,True,JST/JKKST empirical 1890-2020; inflation 100% empirical,United Kingdom
1952,ITA,A,0.3929004451566005,0.030821510836956945,0.06606778405742775,0.024548479134848034,0.018595041322313932,0.8820694045333866,True,JST/JKKST empirical 1890-2020; inflation 100% empirical,Italy
1952,JPN,A,0.7241663221510193,0.016980543337320242,0.0048624582930894,-0.00942468623544035,0.04989492939566431,1.1020951577884754,True,JST/JKKST empirical 1890-2020; inflation 100% empirical,Japan
1952,NLD,A,-0.04733774811029434,0.09676299871391514,0.11061902344226837,0.029804479330778122,0.0,0.8512157013355708,True,JST/JKKST empirical 1900-2020; inflation 100% empirical,Netherlands
1952,NOR,A,-0.10166343851463888,-0.04825780630567267,-0.05034639004882124,-0.068830212158982,0.09002677376171331,0.8834006098045287,True,JST/JKKST empirical 1890-2020; inflation 100% empirical,Norway
1952,PRT,A,0.15097384258543722,0.16274175009289804,0.0684935045709556,0.01592573498929495,0.0015495867768595684,0.5706762362915148,True,JST/JKKST empirical 1890-2020; inflation 100% empirical,Portugal
1952,SWE,A,-0.17044198330194682,0.022132185212904165,-0.08827244668650491,-0.03950920307928807,0.07236842105263164,1.038328635178921,True,JST/JKKST empirical 1890-2020; inflation 100% empirical,Sweden
1952,USA,A,0.1463877995310343,0.14142823795724624,-0.011333081902120679,-0.009430111421171894,0.022843942505133663,1.1583896731295042,True,JST/JKKST empirical 1890-2020; inflation 100% empirical,United States
1953,AUS,A,0.08362533699720509,0.14434212306299066,0.04283766819873169,-0.011599434018309873,0.04279584156174354,0.7109927323218527,True,JST/JKKST empirical 1900-2020; inflation 100% empirical,Australia
1953,BEL,A,0.09795016529357548,0.1834632161539147,0.06885168584925583,0.017358728489212716,-0.003301419610432621,1.338182576395821,True,JST/JKKST empirical 1890-2020; inflation 100% empirical,Belgium
1953,CHE,A,0.11191201304414733,0.2057227530925141,0.04536085228465403,0.029744453621671108,-0.006436337723835117,1.3103085754138637,True,JST/JKKST empirical 1900-2020; inflation 100% empirical,Switzerland
1953,DEU,A,0.2755753251332773,0.20760352526733383,0.03414422022860819,0.05538958626134005,-0.018561475048005205,4.412656240997625,True,JST/JKKST empirical 1890-2020; inflation 100% empirical,Germany
1953,DNK,A,0.0831589131116599,0.12849608057658246,0.07761392760344932,0.03921618960528406,0.009174037800736778,0.8674286733977791,True,JST/JKKST empirical 1890-2020; inflation 100% empirical,Denmark
1953,ESP,A,0.024708604510810694,0.06363654653627293,0.03527255103057603,0.01357428890832546,0.016205729171379968,0.6027257372213711,True,JST/JKKST empirical 1900-2020; inflation 100% empirical,Spain
1953,FIN,A,0.3414189334390527,0.1868023432397663,0.08457104091422041,0.028308260958578746,0.019878997407087207,0.8085406614150105,True,JST/JKKST empirical 1896-2020; inflation 100% empirical,Finland
1953,FRA,A,0.2562338101863859,0.09720274962223119,0.019328673457494006,0.061207998394966046,-0.019607843137254832,0.8968253888210409,True,JST/JKKST empirical 1890-2020; inflation 100% empirical,France
1953,GBR,A,0.20077737134098284,0.12601223117698712,0.09877941548033409,-0.012786489703543236,0.036250000000000115,1.0070304498239622,True,JST/JKKST empirical 1890-2020; inflation 100% empirical,United Kingdom
1953,ITA,A,0.0666509347558022,0.1699123553231372,0.014625424694269862,0.027116201780736482,0.014198782961460488,0.8763413600565115,True,JST/JKKST empirical 1890-2020; inflation 100% empirical,Italy
1953,JPN,A,0.4732292784257417,0.1497878280434075,-0.009884991114453068,-0.023962456259129072,0.0655327817820508,1.088813765797371,True,JST/JKKST empirical 1890-2020; inflation 100% empirical,Japan
1953,NLD,A,0.22624242305755615,0.14826000356334368,0.08535558730363846,0.030113309621810913,0.0,0.8532599045202366,True,JST/JKKST empirical 1900-2020; inflation 100% empirical,Netherlands
1953,NOR,A,-0.031051341364838225,0.17897935443632118,-0.003272762039997157,-0.005059691339886818,0.020161702998670483,0.8758617571619516,True,JST/JKKST empirical 1890-2020; inflation 100% empirical,Norway
1953,PRT,A,0.11195823480916567,0.18317050881108332,0.04054910652272814,0.00839892672857978,0.009025270758122872,0.5596296098897683,True,JST/JKKST empirical 1890-2020; inflation 100% empirical,Portugal
1953,SWE,A,0.17602913199764925,0.13872923913737223,0.011391674759002823,0.023719511528658366,0.006134969325153339,1.0518350051486764,True,JST/JKKST empirical 1890-2020; inflation 100% empirical,Sweden
1953,USA,A,0.0016133766427675056,0.19231659936562573,0.02819500499952987,0.006570557410350952,0.007590966122961174,1.1343518811881999,True,JST/JKKST empirical 1890-2020; inflation 100% empirical,United States
1954,AUS,A,0.17794349337243265,0.42144273223212325,0.071653680046879,0.026380101612930362,0.006839471573670597,0.6933423687270431,True,JST/JKKST empirical 1900-2020; inflation 100% empirical,Australia
1954,BEL,A,0.40416595103929365,0.3721970193834969,0.05408400345162434,0.0010680187392451135,0.012918184829413759,1.3353775653861255,True,JST/JKKST empirical 1890-2020; inflation 100% empirical,Belgium
1954,CHE,A,0.2525760741060219,0.4006209125231801,0.02430865184701836,0.015920514481603698,0.00706697550732116,1.2914233408817575,True,JST/JKKST empirical 1900-2020; inflation 100% empirical,Switzerland
1954,DEU,A,0.888160323723789,0.3686245445863654,0.06876160816373234,0.02647333729296819,0.002364077033739198,4.318863135926861,True,JST/JKKST empirical 1890-2020; inflation 100% empirical,Germany
1954,DNK,A,0.15272089838981628,0.4272909386663688,-0.0535714291036129,0.05000000074505806,0.0,0.8435515336011764,True,JST/JKKST empirical 1890-2020; inflation 100% empirical,Denmark
1954,ESP,A,0.24510213062171538,0.4225491465241451,0.039622463536971964,0.017477734551503588,0.01230716344221916,0.5855832595154106,True,JST/JKKST empirical 1900-2020; inflation 100% empirical,Spain
1954,FIN,A,0.05448929965496063,0.27230742184469703,0.04940541833639145,0.04935000091791153,0.0,0.8808842997887669,True,JST/JKKST empirical 1896-2020; inflation 100% empirical,Finland
1954,FRA,A,1.1585566997528076,0.3462339247059376,0.09001980721950531,0.03590000048279762,0.0,0.8803336601731068,True,JST/JKKST empirical 1890-2020; inflation 100% empirical,France
1954,GBR,A,0.4528661877760347,0.3731472500410311,0.03687402865199263,-0.00490672228954514,0.022919179734619988,1.002050499510481,True,JST/JKKST empirical 1890-2020; inflation 100% empirical,United Kingdom
1954,ITA,A,0.30846754709879587,0.3874187823019408,0.023732647751317115,0.010133335084626438,0.031249999999999778,0.8692609800625544,True,JST/JKKST empirical 1890-2020; inflation 100% empirical,Italy
1954,JPN,A,-0.1346000387826657,0.3142850784369886,-0.0010517266194025598,-0.022849699845390314,0.06431937741960092,1.160839407931188,True,JST/JKKST empirical 1890-2020; inflation 100% empirical,Japan
1954,NLD,A,0.6629032520337446,0.307001240938348,0.009998073422728515,-0.009861798765965935,0.039999981062632584,0.8802648454908075,True,JST/JKKST empirical 1900-2020; inflation 100% empirical,Netherlands
1954,NOR,A,0.23842328137554492,0.3777168970110829,-0.03222318470163088,-0.028096061800386707,0.044341894060994536,0.8773355048838336,True,JST/JKKST empirical 1890-2020; inflation 100% empirical,Norway
1954,PRT,A,0.2919453368588343,0.3873882898461538,0.11811351557366123,0.009502408796029593,0.007922310247891806,0.5555345355468827,True,JST/JKKST empirical 1890-2020; inflation 100% empirical,Portugal
1954,SWE,A,0.37429757262721197,0.37598223707005185,-0.028428723595359084,0.023757575091087446,0.0060975609756097615,1.0483471523461474,True,JST/JKKST empirical 1890-2020; inflation 100% empirical,Sweden
1954,USA,A,0.4651078793619292,0.3950419535201297,0.06284436212029942,0.011527380161749923,0.003611232177324064,1.1115691352932129,True,JST/JKKST empirical 1890-2020; inflation 100% empirical,United States
1955,AUS,A,0.08096897158392058,0.1525001862163713,-0.11587972599130703,0.01716926234084637,0.020380814911835188,0.6937128866957906,True,JST/JKKST empirical 1900-2020; inflation 100% empirical,Australia
1955,BEL,A,0.29012039379191323,0.17600316308352348,0.04535156871598289,0.01899835731891697,-0.004905166775670322,1.296446675963851,True,JST/JKKST empirical 1890-2020; inflation 100% empirical,Belgium
1955,CHE,A,0.05006514917286098,0.17517129101781448,0.005380294661410323,0.013698534466550782,0.00935662438533269,1.2707256781838934,True,JST/JKKST empirical 1900-2020; inflation 100% empirical,Switzerland
1955,DEU,A,0.09237617874715709,0.16812246371074435,0.08454164146033016,0.014550370035963711,0.016509412745893126,4.264123815324073,True,JST/JKKST empirical 1890-2020; inflation 100% empirical,Germany
1955,DNK,A,0.10082135773838918,0.059476046612536804,-0.010875606659137227,0.0031965588548774626,0.05454574975812099,0.9123208053569539,True,JST/JKKST empirical 1890-2020; inflation 100% empirical,Denmark
1955,ESP,A,0.32387271479113444,0.11583122899429155,0.002813071724657279,-0.009843623641430654,0.04023972770584838,0.595859275596938,True,JST/JKKST empirical 1900-2020; inflation 100% empirical,Spain
1955,FIN,A,0.6516518221188101,0.19911656728531701,0.10134631261547278,0.08655206476316013,-0.02917675544794185,0.8243617033996679,True,JST/JKKST empirical 1896-2020; inflation 100% empirical,Finland
1955,FRA,A,-0.04617027259699191,0.2340294148567963,0.06469110244571574,0.02138613710309012,0.010000000000000009,0.8312166110548805,True,JST/JKKST empirical 1890-2020; inflation 100% empirical,France
1955,GBR,A,0.055125286415905306,0.11258792424458486,-0.14456029840056184,-0.012570144485276491,0.050707547169811074,1.0378736699885374,True,JST/JKKST empirical 1890-2020; inflation 100% empirical,United Kingdom
1955,ITA,A,0.04319040433448906,0.1445832386098016,0.009087404564899648,0.011061766458784872,0.030303030303030276,0.8772008542864543,True,JST/JKKST empirical 1890-2020; inflation 100% empirical,Italy
1955,JPN,A,0.22582414834430886,0.12125545596913656,0.07601555629234613,0.05253590383003015,-0.01191019202146315,1.1823024336015349,True,JST/JKKST empirical 1890-2020; inflation 100% empirical,Japan
1955,NLD,A,0.20573558085654797,0.17568681291032573,-0.02488782548068702,0.010253280943299359,0.019230988089032897,0.8586448811103577,True,JST/JKKST empirical 1900-2020; inflation 100% empirical,Netherlands
1955,NOR,A,0.07868688458691975,0.12868720221908192,-0.09041031945295586,0.010361938626539668,0.008549471661863262,0.8953261661066937,True,JST/JKKST empirical 1890-2020; inflation 100% empirical,Norway
1955,PRT,A,-0.03519595977351131,0.15362026632819692,-0.03436221573378473,-0.015692911382425567,0.03372210953346855,0.5588545175858053,True,JST/JKKST empirical 1890-2020; inflation 100% empirical,Portugal
1955,SWE,A,-0.05216886455901959,0.10222312880988538,-0.06293251048938364,0.009371680232275859,0.027272727272727337,1.102146867276303,True,JST/JKKST empirical 1890-2020; inflation 100% empirical,Sweden
1955,USA,A,0.34776507212314534,0.17021944934965605,-0.009618100357524306,0.018874244995518152,-0.0025746014020719965,1.080825143375243,True,JST/JKKST empirical 1890-2020; inflation 100% empirical,United States
1956,AUS,A,0.013567299453258297,0.021921663723421192,-0.06538206549161318,-0.014571662253260675,0.06258360955777298,0.713776401328742,True,JST/JKKST empirical 1900-2020; inflation 100% empirical,Australia
1956,BEL,A,-0.05160975767631093,0.06202700553260443,-0.017404239481275008,-0.013869606482907249,0.028261583963194115,1.2915501230810797,True,JST/JKKST empirical 1890-2020; inflation 100% empirical,Belgium
1956,CHE,A,0.006040127072067802,0.06679984063271416,0.005768564968128498,0.00811399248871103,0.015063779651429465,1.256306621386905,True,JST/JKKST empirical 1900-2020; inflation 100% empirical,Switzerland
1956,DEU,A,-0.0725536403214061,0.05605643228516577,-0.08016130772846686,0.020943416899289025,0.025522062300496584,4.27601293358215,True,JST/JKKST empirical 1890-2020; inflation 100% empirical,Germany
1956,DNK,A,0.10334793156459599,0.07448446874351733,-0.01552106946912446,-0.0003252118778164226,0.06034483539394686,0.8908343936484369,True,JST/JKKST empirical 1890-2020; inflation 100% empirical,Denmark
1956,ESP,A,0.4113919593218729,0.15802686663795829,-0.04640291123542006,-0.027017571845114108,0.05860082312348336,0.5334634419530331,True,JST/JKKST empirical 1900-2020; inflation 100% empirical,Spain
1956,FIN,A,-0.07757124707057572,-0.024593290318474015,-0.016953777668750836,-0.05309853396925568,0.10998877665544327,0.8912240694332961,True,JST/JKKST empirical 1896-2020; inflation 100% empirical,Finland
1956,FRA,A,0.0017501817872893621,0.0882240274122763,-0.06144456042406632,0.002133653678286773,0.029702970297029507,0.8067449425595641,True,JST/JKKST empirical 1890-2020; inflation 100% empirical,France
1956,GBR,A,-0.1362345717060146,0.0071589807779439685,-0.07744291834056127,-0.0020229458260243582,0.05162738496071828,1.092713617962672,True,JST/JKKST empirical 1890-2020; inflation 100% empirical,United Kingdom
1956,ITA,A,0.016142559903008502,0.03179650011016677,-0.00029118188789922783,0.011937144611562811,0.02941176470588247,0.8943243776166869,True,JST/JKKST empirical 1890-2020; inflation 100% empirical,Italy
1956,JPN,A,0.4580787382083855,0.05148619058791093,0.05867358568607428,0.03537758869794505,0.004464468285235279,1.1538038752977027,True,JST/JKKST empirical 1890-2020; inflation 100% empirical,Japan
1956,NLD,A,0.09025297341393679,0.056952387378183644,-0.09125909025436763,0.011848085544441389,0.01886768856969301,0.8520829719948081,True,JST/JKKST empirical 1900-2020; inflation 100% empirical,Netherlands
1956,NOR,A,0.13500977728059382,0.01602804559711557,0.004032682913973851,-0.015724771964257478,0.037717877893132856,0.9193621192162897,True,JST/JKKST empirical 1890-2020; inflation 100% empirical,Norway
1956,PRT,A,-0.05073568563167841,0.04308657597448695,-0.018523421889097613,-0.022899436518458938,0.043904831984302284,0.56624558694634,True,JST/JKKST empirical 1890-2020; inflation 100% empirical,Portugal
1956,SWE,A,-0.02311970396072005,0.05185905904037935,-0.04385477948666994,-0.00937724675397178,0.05014749262536866,1.1061121238570168,True,JST/JKKST empirical 1890-2020; inflation 100% empirical,Sweden
1956,USA,A,0.04650851688351332,0.0644625118696045,-0.07099612533645194,0.00386779639470225,0.014741097807494885,1.0682212195362129,True,JST/JKKST empirical 1890-2020; inflation 100% empirical,United States
1957,AUS,A,0.13881586788564593,-0.049922054925939374,0.01565552400128878,0.020445364852139436,0.02474863893168977,0.7197600853583922,True,JST/JKKST empirical 1900-2020; inflation 100% empirical,Australia
1957,BEL,A,-0.20351131637078668,-0.030405888932357406,-0.10913501824615823,-0.014965984722786208,0.03163950143815897,1.306587029710717,True,JST/JKKST empirical 1890-2020; inflation 100% empirical,Belgium
1957,CHE,A,-0.11979311589982944,-0.01961504238158418,-0.01145897761336101,0.004751732515357432,0.01959681926773249,1.2509077141631555,True,JST/JKKST empirical 1900-2020; inflation 100% empirical,Switzerland
1957,DEU,A,0.05569782218967312,-0.032094393274970434,-0.022943876226930948,0.01810165181542689,0.021116111472426757,4.260835324237633,True,JST/JKKST empirical 1890-2020; inflation 100% empirical,Germany
1957,DNK,A,0.07986976127015888,-0.12395076283946294,0.07901915526286007,0.03169157378202292,0.027438844705397925,0.9721708005882707,True,JST/JKKST empirical 1890-2020; inflation 100% empirical,Denmark
1957,ESP,A,-0.014074297712716177,0.07055284734612965,-0.08473913578841308,-0.07019511917300969,0.10775929506128379,0.48572599137683464,True,JST/JKKST empirical 1900-2020; inflation 100% empirical,Spain
1957,FIN,A,-0.23760875460476905,-0.04027969655310537,0.028492652282216424,-0.057194935770377264,0.11279631502078424,0.9124375841422613,True,JST/JKKST empirical 1896-2020; inflation 100% empirical,Finland
1957,FRA,A,0.09050740780086697,0.1287577202895418,-0.014853415139224557,0.005174312296263528,0.04807692307692313,0.6947044694039569,True,JST/JKKST empirical 1890-2020; inflation 100% empirical,France
1957,GBR,A,-0.04612559643033254,-0.06969331294684367,-0.09772285433890016,0.009321375628445372,0.03842049092849509,1.1374620451108384,True,JST/JKKST empirical 1890-2020; inflation 100% empirical,United Kingdom
1957,ITA,A,0.021972634947635905,-0.023758936701720135,0.05138553280225944,0.02702817079466846,0.014285714285714235,0.8859559387255996,True,JST/JKKST empirical 1890-2020; inflation 100% empirical,Italy
1957,JPN,A,0.14085236085380082,-0.053706105576316165,0.0311208666495002,0.08401720940091728,0.031110938384517173,1.1676282640193258,True,JST/JKKST empirical 1890-2020; inflation 100% empirical,Japan
1957,NLD,A,-0.13062404184314147,-0.06956769023068698,-0.16148376904281236,-0.02464989546922869,0.060956845595571574,0.8919196774427858,True,JST/JKKST empirical 1900-2020; inflation 100% empirical,Netherlands
1957,NOR,A,-0.1410126037905658,-0.03582566143649646,-0.012676700238385852,-0.005776506824091476,0.02753556677374891,0.9312069027858257,True,JST/JKKST empirical 1890-2020; inflation 100% empirical,Norway
1957,PRT,A,-0.03452048434431565,-0.010683843015470762,0.005863684410916781,0.019760394197185782,0.0002349624060149491,0.5559913116498689,True,JST/JKKST empirical 1890-2020; inflation 100% empirical,Portugal
1957,SWE,A,0.0378270311060771,-0.06295047692312816,-0.021162516908139417,0.0010107527737335253,0.04494382022471921,1.137289302881964,True,JST/JKKST empirical 1890-2020; inflation 100% empirical,Sweden
1957,USA,A,-0.1227844380675327,-0.03381689584048164,0.04212230670722783,-0.00945125296679905,0.033926874865916945,1.0785795328323038,True,JST/JKKST empirical 1890-2020; inflation 100% empirical,United States
1958,AUS,A,0.17357216293687627,0.17522550292437367,0.07882635238134017,0.02936788309027727,0.013146045159908804,0.6970977546483915,True,JST/JKKST empirical 1900-2020; inflation 100% empirical,Australia
1958,BEL,A,0.14593569335587553,0.17061887577175971,0.19001496111581107,0.00828110180590147,0.013011152416356753,1.2719922827527665,True,JST/JKKST empirical 1890-2020; inflation 100% empirical,Belgium
1958,CHE,A,0.20548430244653915,0.17257321774828527,0.009510514676312587,0.009920710590882509,0.018380273377176737,1.2120291564071008,True,JST/JKKST empirical 1900-2020; inflation 100% empirical,Switzerland
1958,DEU,A,0.5781710240619073,0.1294031825700983,0.10401632636877833,0.009732815385447458,0.020864117840537322,4.189681554235565,True,JST/JKKST empirical 1890-2020; inflation 100% empirical,Germany
1958,DNK,A,0.05801648291965389,0.18647977426558082,0.17489288900081634,0.04878733811427094,0.007314155359709584,0.9389015473064624,True,JST/JKKST empirical 1890-2020; inflation 100% empirical,Denmark
1958,ESP,A,-0.22214434338204658,0.05889216049694723,-0.06872182063335985,-0.0914469268447845,0.1336707009888507,0.5308758881357986,True,JST/JKKST empirical 1900-2020; inflation 100% empirical,Spain
1958,FIN,A,-0.006924149905323418,0.07288326979280502,0.0770386920678976,-0.022585970640411124,0.06602725896012118,0.9724413840736112,True,JST/JKKST empirical 1896-2020; inflation 100% empirical,Finland
1958,FRA,A,-0.20228992086648956,0.08915593584423465,-0.026496130466461376,-0.07140719705820098,0.1467889908256883,0.7382843566206602,True,JST/JKKST empirical 1890-2020; inflation 100% empirical,France
1958,GBR,A,0.4360978269910478,0.1614937429569101,0.13753593853720414,0.01635244829983984,0.02877697841726623,1.0983445603705404,True,JST/JKKST empirical 1890-2020; inflation 100% empirical,United Kingdom
1958,ITA,A,0.2566681855345425,0.1474102732689182,0.0955320533416042,0.01014520692294596,0.028169014084507005,0.8735853936167858,True,JST/JKKST empirical 1890-2020; inflation 100% empirical,Italy
1958,JPN,A,0.1301389168630942,0.16917398050514398,0.06780257693089942,0.10163168382944265,-0.004310321618913315,1.138994382191277,True,JST/JKKST empirical 1890-2020; inflation 100% empirical,Japan
1958,NLD,A,0.3731049523527843,0.14383068727606751,0.031836474101953005,0.014892613348091777,0.021818326055186743,0.8764880616325632,True,JST/JKKST empirical 1900-2020; inflation 100% empirical,Netherlands
1958,NOR,A,-0.07936142594131157,0.09867408060334926,0.010126142381299053,-0.02600353392606214,0.048771773112997074,0.9745119109043826,True,JST/JKKST empirical 1890-2020; inflation 100% empirical,Norway
1958,PRT,A,-0.06286716153616556,0.18729114176056272,0.055718576319036206,0.006822892763203914,0.01432933991073515,0.5400783108525509,True,JST/JKKST empirical 1890-2020; inflation 100% empirical,Portugal
1958,SWE,A,0.1731564262785863,0.11186848181781173,0.011498991784054002,0.0035371141335398537,0.043010752688172005,1.1601465777833808,True,JST/JKKST empirical 1890-2020; inflation 100% empirical,Sweden
1958,USA,A,0.3333005940167395,0.14510018393688173,-0.0765438797404634,-0.0017094638117031158,0.02730021342186406,1.0611072870759448,True,JST/JKKST empirical 1890-2020; inflation 100% empirical,United States
1959,AUS,A,0.4169188854394521,0.30460338762136563,0.05349945034250747,0.021104616787068986,0.0184069134958178,0.6976720753613123,True,JST/JKKST empirical 1900-2020; inflation 100% empirical,Australia
1959,BEL,A,-0.03900310948063401,0.3449543362518628,0.024577622968714907,0.004216011996265756,0.012232415902140525,1.264044934500443,True,JST/JKKST empirical 1890-2020; inflation 100% empirical,Belgium
1959,CHE,A,0.3003598211272447,0.35109600348034764,0.07217213103853015,0.034095984610799546,-0.006459085051341851,1.1803588402734748,True,JST/JKKST empirical 1900-2020; inflation 100% empirical,Switzerland
1959,DEU,A,0.8020193050411388,0.28710878895152137,0.08119820134634681,0.017116146891777095,0.009766684780961654,4.168763238450842,True,JST/JKKST empirical 1890-2020; inflation 100% empirical,Germany
1959,DNK,A,0.28001262218049083,0.3144397946128472,-0.006267854898330039,0.03360252200094971,0.017275316484425263,0.9391989120429619,True,JST/JKKST empirical 1890-2020; inflation 100% empirical,Denmark
1959,ESP,A,-0.1182709457781922,0.29347204139036953,-0.023398658187822163,-0.0401026232080941,0.0730313721367104,0.5497056133187869,True,JST/JKKST empirical 1900-2020; inflation 100% empirical,Spain
1959,FIN,A,0.4097801798305234,0.25399733623168874,0.10834651897061875,0.024041797526943798,0.015437067904157553,1.0101236963138525,True,JST/JKKST empirical 1896-2020; inflation 100% empirical,Finland
1959,FRA,A,0.1911519375958839,0.255008952399147,0.07859712290136445,-0.021898496447873117,0.06399999999999983,0.7746880589942358,True,JST/JKKST empirical 1890-2020; inflation 100% empirical,France
1959,GBR,A,0.5393956995531246,0.3136984264179674,0.0038151866502043053,0.02764031624693364,0.005994005994006235,1.0858533631911846,True,JST/JKKST empirical 1890-2020; inflation 100% empirical,United Kingdom
1959,ITA,A,0.6040031909942627,0.30885321331831994,0.0766841247677803,0.03629999980330467,0.0,0.8639785424888958,True,JST/JKKST empirical 1890-2020; inflation 100% empirical,Italy
1959,JPN,A,0.5242994121736835,0.34940857508009215,0.05407366372775502,0.07423242346838266,0.008658162123880597,1.099109768470555,True,JST/JKKST empirical 1890-2020; inflation 100% empirical,Japan
1959,NLD,A,0.31356714682926623,0.31906956927106433,0.005853993256976997,0.026427274858835226,0.010675821298671728,0.8724855864089822,True,JST/JKKST empirical 1900-2020; inflation 100% empirical,Netherlands
1959,NOR,A,0.10718372556955136,0.320212524638426,0.030996348617582825,-0.00038077108078282684,0.021889106549698,0.978840880567609,True,JST/JKKST empirical 1890-2020; inflation 100% empirical,Norway
1959,PRT,A,0.09760419498171125,0.3381759248624632,0.006242853576796437,0.006710856701646506,0.013200555812876269,0.5358183594673779,True,JST/JKKST empirical 1890-2020; inflation 100% empirical,Portugal
1959,SWE,A,0.471595616596739,0.3175201200330735,0.030551480324676916,0.03698209896112048,0.0077319587628865705,1.147518299963888,True,JST/JKKST empirical 1890-2020; inflation 100% empirical,Sweden
1959,USA,A,0.12783232548488677,0.33520964149105037,-0.034633489403492534,0.019145280532027575,0.009319906512393006,1.0534475319612424,True,JST/JKKST empirical 1890-2020; inflation 100% empirical,United States
1960,AUS,A,-0.09627463741899689,0.09032272229287708,-0.04970342575554487,0.005755763966494021,0.037925945039750664,0.7053314801495791,True,JST/JKKST empirical 1900-2020; inflation 100% empirical,Australia
1960,BEL,A,-0.14044486291437253,0.12923494429442273,-0.022183235802025525,0.028791867297546903,0.0030211480362536403,1.2391846207829809,True,JST/JKKST empirical 1890-2020; inflation 100% empirical,Belgium
1960,CHE,A,0.42411800137617406,0.07900281236377027,0.04345854907645563,0.012534472460502544,0.014385216964103886,1.1695587773792477,True,JST/JKKST empirical 1900-2020; inflation 100% empirical,Switzerland
1960,DEU,A,0.35895958363445013,0.08797862637301956,0.0055958973770340315,0.03032264461455858,0.014866561146005042,4.114386090775598,True,JST/JKKST empirical 1890-2020; inflation 100% empirical,Germany
1960,DNK,A,0.14680859929506695,0.10419061926598983,0.010112786111101446,0.04644800533093729,0.012552297860706219,0.9253239512934743,True,JST/JKKST empirical 1890-2020; inflation 100% empirical,Denmark
1960,ESP,A,0.009797895081218755,0.12879006015944583,0.07271018856457334,0.017693748669507237,0.012092292672554183,0.5345821585901899,True,JST/JKKST empirical 1900-2020; inflation 100% empirical,Spain
1960,FIN,A,0.11262485169797865,0.0180570802428468,0.09347120202595827,0.008069499406221814,0.032270098862152485,1.0757590682850044,True,JST/JKKST empirical 1896-2020; inflation 100% empirical,Finland
1960,FRA,A,-0.10540843425669533,0.09284463150514077,0.00678575292661554,0.003089856491356624,0.03759398496240607,0.7818929758701111,True,JST/JKKST empirical 1890-2020; inflation 100% empirical,France
1960,GBR,A,0.010364474440589744,0.11741988632475575,-0.0783536664958071,0.040632808626872574,0.00794438927507457,1.0660799044212756,True,JST/JKKST empirical 1890-2020; inflation 100% empirical,United Kingdom
1960,ITA,A,0.21365028458672586,0.0987409171519158,0.046601724634702135,0.02229594575190852,0.013698630136986356,0.8519317827327292,True,JST/JKKST empirical 1890-2020; inflation 100% empirical,Italy
1960,JPN,A,0.3124764829074125,0.0008312693415903905,0.024718611659380274,0.043685965593865284,0.038626593249922125,1.174724338560932,True,JST/JKKST empirical 1890-2020; inflation 100% empirical,Japan
1960,NLD,A,0.050226735607846296,0.09863625116754893,0.05025044372738696,0.013824203213776975,0.023239754715705496,0.8684177075919417,True,JST/JKKST empirical 1900-2020; inflation 100% empirical,Netherlands
1960,NOR,A,0.09801063423647549,0.11758490917519038,0.04076326370979566,0.01867366239679802,0.003167194532422535,0.9561673260395483,True,JST/JKKST empirical 1890-2020; inflation 100% empirical,Norway
1960,PRT,A,0.05709576402825833,0.0973743330933079,-0.011600684134659422,-0.0021243295965512887,0.02217142857142851,0.5336873130685318,True,JST/JKKST empirical 1890-2020; inflation 100% empirical,Portugal
1960,SWE,A,-0.002876265162112368,0.08210413804595129,-0.03239665633062916,0.006224571404571222,0.04092071611253201,1.1621283848921409,True,JST/JKKST empirical 1890-2020; inflation 100% empirical,Sweden
1960,USA,A,-0.019875119909145256,0.11288640224942381,0.11474352653453312,0.014378498547133134,0.014922813036020388,1.0400133855011617,True,JST/JKKST empirical 1890-2020; inflation 100% empirical,United States
1961,AUS,A,0.08865157042907357,0.09272227777550723,0.01566754040962781,0.024171396549841795,0.025121383578097456,0.7018881410943222,True,JST/JKKST empirical 1900-2020; inflation 100% empirical,Australia
1961,BEL,A,0.1556556462672729,0.10926438288729501,0.051868596318370486,0.023625408557859995,0.009939759036144524,1.2112967474800957,True,JST/JKKST empirical 1890-2020; inflation 100% empirical,Belgium
1961,CHE,A,0.46683375502984004,0.0797125283446205,0.017857345992122742,0.008669641905944214,0.01845370063436569,1.1517882214309394,True,JST/JKKST empirical 1900-2020; inflation 100% empirical,Switzerland
1961,DEU,A,-0.09035313253710531,0.05997390632808508,0.07540316185789941,0.006406754803908843,0.022767379914976127,4.257550950518099,True,JST/JKKST empirical 1890-2020; inflation 100% empirical,Germany
1961,DNK,A,0.00994053227292735,0.08558630264613476,-0.053324746762187236,0.030674856977971565,0.034516355186988035,0.9306969493865354,True,JST/JKKST empirical 1890-2020; inflation 100% empirical,Denmark
1961,ESP,A,0.25845768102177025,0.08208101787520983,0.02560406883837918,0.009745319949992615,0.02005919609556428,0.5316625380903601,True,JST/JKKST empirical 1900-2020; inflation 100% empirical,Spain
1961,FIN,A,-0.025398201789352592,0.08112996602191136,-0.015200431121762614,0.023112247182591084,0.018070112034694663,1.088436850016475,True,JST/JKKST empirical 1896-2020; inflation 100% empirical,Finland
1961,FRA,A,0.01945800523103114,0.09451536069484168,0.0281620930198212,0.007302816380077459,0.02898550724637694,0.7799632489555229,True,JST/JKKST empirical 1890-2020; inflation 100% empirical,France
1961,GBR,A,-0.013931115881276823,0.09099655299805454,-0.1084272701662915,0.018292937349556615,0.0325123152709359,1.0687302583981053,True,JST/JKKST empirical 1890-2020; inflation 100% empirical,United Kingdom
1961,ITA,A,0.026024982725319168,0.09629434180565433,0.03174119050565527,0.009028947176902058,0.027027027027026973,0.8482117087847098,True,JST/JKKST empirical 1890-2020; inflation 100% empirical,Italy
1961,JPN,A,0.14317969481417947,0.0380695300191376,0.010041671491366033,0.02770131662963271,0.05371890161332793,1.2225118348562425,True,JST/JKKST empirical 1890-2020; inflation 100% empirical,Japan
1961,NLD,A,0.04040753371570771,0.058131608648187116,0.04594657611108821,0.023995296800563448,0.013076165742736956,0.8931557281726887,True,JST/JKKST empirical 1900-2020; inflation 100% empirical,Netherlands
1961,NOR,A,0.06075564051454685,0.09338266204337531,0.002499911629379792,-0.0029793287970321103,0.02575606513791895,0.952479745484376,True,JST/JKKST empirical 1890-2020; inflation 100% empirical,Norway
1961,PRT,A,-0.021461864683265275,0.13264015885006453,-0.024705335664872097,0.02502129656988994,-0.0024597495527727276,0.516638815306303,True,JST/JKKST empirical 1890-2020; inflation 100% empirical,Portugal
1961,SWE,A,0.00237978296802166,0.10459981735965851,0.011161520853280482,0.024837739801464087,0.02211302211302213,1.1504072217920396,True,JST/JKKST empirical 1890-2020; inflation 100% empirical,Sweden
1961,USA,A,0.28483912145258894,0.09785053006132838,0.0005052556917024553,0.020000807212866123,0.010703622331136309,1.0190143999030155,True,JST/JKKST empirical 1890-2020; inflation 100% empirical,United States
1962,AUS,A,0.04490959910166703,-0.04483813046931451,0.14422000710753524,0.04581211252631068,-0.002784546787983011,0.6766781311971418,True,JST/JKKST empirical 1900-2020; inflation 100% empirical,Australia
1962,BEL,A,-0.048046272783813904,-0.058000889645930864,0.09626372489859092,0.012704618505257281,0.014017297942141127,1.1902754678619158,True,JST/JKKST empirical 1890-2020; inflation 100% empirical,Belgium
1962,CHE,A,-0.21118612672871173,-0.07396721490702252,-0.019202387650766206,-0.014992403854395375,0.04315608787770775,1.1628435035303013,True,JST/JKKST empirical 1900-2020; inflation 100% empirical,Switzerland
1962,DEU,A,-0.23728492096012566,-0.05890580774746601,0.02582256957515483,-0.002136390338599914,0.02881795734506487,4.240690003212354,True,JST/JKKST empirical 1890-2020; inflation 100% empirical,Germany
1962,DNK,A,-0.012555097448445962,-0.11357053540829332,0.008898618415605908,-0.003518590503122865,0.07377818602583419,0.9656417619616688,True,JST/JKKST empirical 1890-2020; inflation 100% empirical,Denmark
1962,ESP,A,0.18574743797744686,-0.12730666820018466,0.012713448731787036,-0.025516802549535922,0.05697050705874873,0.5519238834434868,True,JST/JKKST empirical 1900-2020; inflation 100% empirical,Spain
1962,FIN,A,0.09596485726927129,-0.09529909095139166,0.44448708007293325,-0.003962789793284349,0.04463968761093362,1.0998451357260608,True,JST/JKKST empirical 1896-2020; inflation 100% empirical,Finland
1962,FRA,A,-0.14788448700568813,-0.08458924933755918,0.017771734387282523,-0.012575838789843807,0.04929577464788726,0.7926348674952526,True,JST/JKKST empirical 1890-2020; inflation 100% empirical,France
1962,GBR,A,-0.03665600901114785,-0.08322661830647027,0.1974912759585259,-0.00027325834000935245,0.041984732824427384,1.0763750490774526,True,JST/JKKST empirical 1890-2020; inflation 100% empirical,United Kingdom
1962,ITA,A,-0.17056812817537337,-0.07389041755190406,0.022318145142325774,-0.0045924062215829675,0.03947368421052633,0.8539233146649586,True,JST/JKKST empirical 1890-2020; inflation 100% empirical,Italy
1962,JPN,A,-0.08136602258309722,-0.03947366206204794,-0.00221874937415123,0.02035156451165676,0.06666666666666665,1.1821250239554344,True,JST/JKKST empirical 1890-2020; inflation 100% empirical,Japan
1962,NLD,A,-0.0735959135152856,-0.06441555560643131,-0.01000539064194883,0.014199911116560049,0.022860698024737003,0.8847993373495296,True,JST/JKKST empirical 1900-2020; inflation 100% empirical,Netherlands
1962,NOR,A,-0.2306289070979065,-0.07990799672703752,0.000566081848589528,-0.02708616911622974,0.05240563745342652,0.9687862353749279,True,JST/JKKST empirical 1890-2020; inflation 100% empirical,Norway
1962,PRT,A,-0.06315713805564438,-0.04008203202404448,-0.004865390726267571,0.026710304181190025,-0.0004483299708586408,0.49927527577393266,True,JST/JKKST empirical 1890-2020; inflation 100% empirical,Portugal
1962,SWE,A,-0.09425204691536937,-0.08647094061193805,0.048315350068818486,-0.005321100490902619,0.04807692307692313,1.167063966766802,True,JST/JKKST empirical 1890-2020; inflation 100% empirical,Sweden
1962,USA,A,-0.10765110932613964,-0.05120343971017771,0.06418165549391297,0.023664238933907455,0.011760771417423488,0.9985257452532131,True,JST/JKKST empirical 1890-2020; inflation 100% empirical,United States
1963,AUS,A,0.25931861396174316,0.08798707095856217,0.04420640025298117,0.03272083755138966,0.005305558566979229,0.6513003148981287,True,JST/JKKST empirical 1900-2020; inflation 100% empirical,Australia
1963,BEL,A,0.13177080508648698,0.07712860312548586,0.012665950021447436,0.004238411453798108,0.021470588235293908,1.1648809454076154,True,JST/JKKST empirical 1890-2020; inflation 100% empirical,Belgium
1963,CHE,A,-0.0347784981605731,0.07103531781910699,-0.021567632689978855,-0.006337512964739722,0.03439717595193281,1.155270963625673,True,JST/JKKST empirical 1900-2020; inflation 100% empirical,Switzerland
1963,DEU,A,0.08801011213864895,0.06240383836678287,0.02419472740703177,0.00010124052216453627,0.029855737754868716,4.214728290503346,True,JST/JKKST empirical 1890-2020; inflation 100% empirical,Germany
1963,DNK,A,-0.06029767964927313,0.046686918536284816,0.07879338083504805,0.006667592431877312,0.06105035079734544,0.9818812163919878,True,JST/JKKST empirical 1890-2020; inflation 100% empirical,Denmark
1963,ESP,A,0.0014369600868144872,0.011641499495854024,-0.03961561754157927,-0.052742390071783385,0.08734940583639261,0.5773017135328835,True,JST/JKKST empirical 1900-2020; inflation 100% empirical,Spain
1963,FIN,A,-0.0006373296235279158,0.05329141145144223,0.10257501214409492,-0.0071317879673229445,0.04867895675813427,1.1077745474331504,True,JST/JKKST empirical 1896-2020; inflation 100% empirical,Finland
1963,FRA,A,-0.21925116951266932,0.07072821504777238,-0.015096875158353562,-0.006857692837142104,0.046979865771812124,0.7963140154778067,True,JST/JKKST empirical 1890-2020; inflation 100% empirical,France
1963,GBR,A,0.17336804038206033,0.07548190237148789,0.01496253745972842,0.01531515609255818,0.021062271062270987,1.0523820695428736,True,JST/JKKST empirical 1890-2020; inflation 100% empirical,United Kingdom
1963,ITA,A,-0.1753642756272764,0.04070571203467166,-0.07898941125501602,-0.037222352492458644,0.07594936708860756,0.8791028854460115,True,JST/JKKST empirical 1890-2020; inflation 100% empirical,Italy
1963,JPN,A,0.027700089692113572,-0.025162968697045263,-0.011980969347289872,-0.0016378197378359438,0.07720597240365779,1.2780221192557175,True,JST/JKKST empirical 1890-2020; inflation 100% empirical,Japan
1963,NLD,A,0.09607374143393987,0.06442590032265927,-0.06480573006145984,0.003825507351099544,0.03343182796656441,0.877403734445504,True,JST/JKKST empirical 1900-2020; inflation 100% empirical,Netherlands
1963,NOR,A,0.07905430178483042,0.07552913145035278,0.040209347964142106,-0.001797720572829009,0.026244901100592744,0.9523426530094777,True,JST/JKKST empirical 1890-2020; inflation 100% empirical,Norway
1963,PRT,A,0.1311394258535623,0.07189963952440692,0.027188634977477477,0.00022923417389386636,0.026014801525005682,0.49086811044165335,True,JST/JKKST empirical 1890-2020; inflation 100% empirical,Portugal
1963,SWE,A,0.245395755980222,0.06110474519395681,-0.012944798062001661,0.017171491626110758,0.029816513761467878,1.150599001382162,True,JST/JKKST empirical 1890-2020; inflation 100% empirical,Sweden
1963,USA,A,0.2053265281872858,0.0805888494933713,-0.018575072608142174,0.02506569959750249,0.012560599382988036,0.9701818550715011,True,JST/JKKST empirical 1890-2020; inflation 100% empirical,United States
1964,AUS,A,0.01991876510268642,0.026745173286104595,-0.0135402405005427,0.017183351796901114,0.023610934010485085,0.6377458450051854,True,JST/JKKST empirical 1900-2020; inflation 100% empirical,Australia
1964,BEL,A,-0.0023381763141481215,0.0030367128818313827,-0.01779992194952329,-0.007919982615230303,0.041750647854880585,1.1675048792173124,True,JST/JKKST empirical 1890-2020; inflation 100% empirical,Belgium
1964,CHE,A,-0.09713762689658412,0.02495174554127977,-0.009680206993658902,-0.001071913905066224,0.030813272668675173,1.1412329361990945,True,JST/JKKST empirical 1900-2020; inflation 100% empirical,Switzerland
1964,DEU,A,0.07000785626537365,0.02210777371412309,0.04480323892766869,0.009211203035094373,0.023452769513275573,4.1319134679375,True,JST/JKKST empirical 1890-2020; inflation 100% empirical,Germany
1964,DNK,A,0.20359452938268308,0.006351993676220857,-0.0863956387158592,0.03345383378129463,0.030928164431761163,0.9686565897460293,True,JST/JKKST empirical 1890-2020; inflation 100% empirical,Denmark
1964,ESP,A,-0.05033026341538238,-0.017401402166419055,-0.033491632066560584,-0.03723493970175762,0.069835250367704,0.5916785257722686,True,JST/JKKST empirical 1900-2020; inflation 100% empirical,Spain
1964,FIN,A,-0.014254464471835537,-0.05208080353942379,-0.060900683756389906,-0.058251210087599925,0.10353208036292938,1.1715121104806656,True,JST/JKKST empirical 1896-2020; inflation 100% empirical,Finland
1964,FRA,A,-0.10838385768558678,0.02439979859192687,0.011427382782379203,0.014872051081301851,0.03205128205128216,0.7875825304327388,True,JST/JKKST empirical 1890-2020; inflation 100% empirical,France
1964,GBR,A,-0.08368505586058461,0.02503013672214749,-0.05418907854541,0.013187226943742747,0.03228699551569525,1.0386608188515731,True,JST/JKKST empirical 1890-2020; inflation 100% empirical,United Kingdom
1964,ITA,A,-0.2658497542142868,0.011600456671222448,-0.0037926466514667245,-0.021272222407990093,0.05882352941176472,0.8885632223010571,True,JST/JKKST empirical 1890-2020; inflation 100% empirical,Italy
1964,JPN,A,-0.12188612730594739,0.016733909169618366,0.030242024253695154,0.06043065899687727,0.03754261253506841,1.274078329889681,True,JST/JKKST empirical 1890-2020; inflation 100% empirical,Japan
1964,NLD,A,0.10825209204042752,-0.018883464409138795,-0.05385026621897704,-0.01668162591467337,0.057908647886634856,0.8915059698834503,True,JST/JKKST empirical 1900-2020; inflation 100% empirical,Netherlands
1964,NOR,A,-0.02509136675153778,-0.006425839144139078,-0.017121065176565642,-0.029746779749208696,0.05632218389080523,0.9643877519294637,True,JST/JKKST empirical 1890-2020; inflation 100% empirical,Norway
1964,PRT,A,0.13806501271563731,-0.007288204834502654,0.0023705525062536204,-0.02165164695759636,0.04896174863387981,0.4924179561861969,True,JST/JKKST empirical 1890-2020; inflation 100% empirical,Portugal
1964,SWE,A,0.1630841087123489,-0.0036302726897893267,-0.026699433104209414,0.025523759110893218,0.031180400890868487,1.1485076315236151,True,JST/JKKST empirical 1890-2020; inflation 100% empirical,Sweden
1964,USA,A,0.1504899174757537,0.027284386727038923,0.03655507928388113,0.025752919793436302,0.013220892274210971,0.9420364805888656,True,JST/JKKST empirical 1890-2020; inflation 100% empirical,United States
1965,AUS,A,-0.11698509030273974,-0.016133941826688036,0.01271198411754848,0.008541534695907682,0.039620050696922426,0.6366455194170398,True,JST/JKKST empirical 1900-2020; inflation 100% empirical,Australia
1965,BEL,A,-0.08289362656998922,-0.015000113491839495,0.01530431113038877,0.005448447601253736,0.04063018242122718,1.161695303553089,True,JST/JKKST empirical 1890-2020; inflation 100% empirical,Belgium
1965,CHE,A,-0.10070301136200255,-0.006732715669405032,0.011491904027887356,-0.002186982308547636,0.03414498594178883,1.1279205108921222,True,JST/JKKST empirical 1900-2020; inflation 100% empirical,Switzerland
1965,DEU,A,-0.14648364270916037,0.0050465969443531655,-0.029586625674213662,0.00846235406874496,0.032304275290237605,4.050154225026949,True,JST/JKKST empirical 1890-2020; inflation 100% empirical,Germany
1965,DNK,A,0.015804546571715372,-0.04002188819475905,-0.08599733764915884,0.014698928436206904,0.05449998054796712,0.9811323990932382,True,JST/JKKST empirical 1890-2020; inflation 100% empirical,Denmark
1965,ESP,A,-0.017263799385685896,-0.09104417496282435,-0.0690486335723629,-0.0790617810784745,0.11842464365920247,0.6320335029959646,True,JST/JKKST empirical 1900-2020; inflation 100% empirical,Spain
1965,FIN,A,-0.100982102224065,-0.021516161184796156,0.13379495135374242,-0.008879767728483867,0.04815739245338424,1.1743509102026053,True,JST/JKKST empirical 1896-2020; inflation 100% empirical,Finland
1965,FRA,A,-0.07650123870965242,-0.005924610233690952,0.01011513647095974,0.010711446875728559,0.031055900621118182,0.7766098436096615,True,JST/JKKST empirical 1890-2020; inflation 100% empirical,France
1965,GBR,A,0.06634703059991232,-0.031838445796307235,0.0012998190553239475,0.015853415060167686,0.042571676802779956,1.0403431593515646,True,JST/JKKST empirical 1890-2020; inflation 100% empirical,United Kingdom
1965,ITA,A,0.20018412775181704,-0.038069175199499816,0.023750993958179034,-0.00779787252875086,0.04444444444444451,0.8877032245909834,True,JST/JKKST empirical 1890-2020; inflation 100% empirical,Italy
1965,JPN,A,-0.05707838234043672,-0.02549745566822681,0.007272153734759312,0.0036457304264208013,0.06578941761385271,1.2784637823004796,True,JST/JKKST empirical 1890-2020; inflation 100% empirical,Japan
1965,NLD,A,-0.12170980582849544,-0.024303133481290873,-0.104763616813212,-0.010041960421774077,0.05794888095773065,0.89726842143916,True,JST/JKKST empirical 1900-2020; inflation 100% empirical,Netherlands
1965,NOR,A,-0.06949383161570633,-0.019465825564237482,-0.007774169993914781,-0.01594922977741231,0.042527511537094,0.9628769616473415,True,JST/JKKST empirical 1890-2020; inflation 100% empirical,Norway
1965,PRT,A,0.06053493084417938,-0.020913305221280543,0.018167281926700696,-0.0024278513053441753,0.03250677224421761,0.4882646922394908,True,JST/JKKST empirical 1890-2020; inflation 100% empirical,Portugal
1965,SWE,A,0.050633268143974064,-0.028823148476978755,-0.02580786938540014,0.010138603696098425,0.05183585313174954,1.1481939087650506,True,JST/JKKST empirical 1890-2020; inflation 100% empirical,Sweden
1965,USA,A,0.1074571069787833,-0.002320441735463974,-0.020337424436334683,0.027224939790123193,0.015786930140149424,0.9151556102390738,True,JST/JKKST empirical 1890-2020; inflation 100% empirical,United States
1966,AUS,A,0.03616640342715982,-0.06811303846140904,0.0012334047139914706,0.018880775159751062,0.029757380802723388,0.6258684185729021,True,JST/JKKST empirical 1900-2020; inflation 100% empirical,Australia
1966,BEL,A,-0.2226443574979925,-0.05817606204349002,-0.0020969731012271398,0.009983808359758983,0.04169986719787522,1.1504399298183263,True,JST/JKKST empirical 1890-2020; inflation 100% empirical,Belgium
1966,CHE,A,-0.16101768769397817,-0.0740829017981498,-0.024001459445482487,-0.013873624708899968,0.04776124621920719,1.1304147155280273,True,JST/JKKST empirical 1900-2020; inflation 100% empirical,Switzerland
1966,DEU,A,-0.16653033066139022,-0.07185020517581486,-0.03402210256239302,0.016563654084961854,0.03622630593032938,4.051414113565066,True,JST/JKKST empirical 1890-2020; inflation 100% empirical,Germany
1966,DNK,A,0.020225626361360938,-0.10567562073663506,-0.05898895950823202,-0.0006067036661907554,0.07064956731571925,1.0032368196499089,True,JST/JKKST empirical 1890-2020; inflation 100% empirical,Denmark
1966,ESP,A,0.0026059472912665083,-0.11630477303878728,-0.023927155468419392,-0.042346202121125276,0.0755452561362091,0.6542983489162275,True,JST/JKKST empirical 1900-2020; inflation 100% empirical,Spain
1966,FIN,A,-0.10449190274322773,-0.07197481635825831,0.040419557181530896,0.00013349231513282156,0.03936125507774202,1.1699455405972283,True,JST/JKKST empirical 1896-2020; inflation 100% empirical,Finland
1966,FRA,A,-0.19548168475826688,-0.056604343827743264,-0.057184168436704264,0.017615760718958207,0.029661726167345526,0.7664762371299718,True,JST/JKKST empirical 1890-2020; inflation 100% empirical,France
1966,GBR,A,-0.07539090714775598,-0.07006388434056676,0.002066234986369375,0.020384615717025767,0.040000000000000036,1.032415259738946,True,JST/JKKST empirical 1890-2020; inflation 100% empirical,United Kingdom
1966,ITA,A,-0.022159184569243262,-0.0707343069394808,0.001607320895514519,0.0037649472810559192,0.03191489361702127,0.8783887167785012,True,JST/JKKST empirical 1890-2020; inflation 100% empirical,Italy
1966,JPN,A,0.19584624443413512,-0.10935291143938863,0.017627257514923667,0.005635191081825974,0.05246913668392894,1.2964480330982093,True,JST/JKKST empirical 1890-2020; inflation 100% empirical,Japan
1966,NLD,A,-0.1899747174787093,-0.08284195275439454,-0.04787394113948307,0.005936990238103013,0.05796884909191036,0.9091506183464508,True,JST/JKKST empirical 1900-2020; inflation 100% empirical,Netherlands
1966,NOR,A,-0.11495447722285335,-0.06452794670004058,0.014415539037350156,-0.006513995623055435,0.03302914737128737,0.9527545011172395,True,JST/JKKST empirical 1890-2020; inflation 100% empirical,Norway
1966,PRT,A,0.11458892949604405,-0.0679512030366145,-0.045067621885123144,0.0020197794256340273,0.025428859737638865,0.47742851264948283,True,JST/JKKST empirical 1890-2020; inflation 100% empirical,Portugal
1966,SWE,A,-0.2501340074633358,-0.08668456562094595,-0.014469565454016342,0.0016811200505506552,0.06570841889117052,1.1728834806480708,True,JST/JKKST empirical 1890-2020; inflation 100% empirical,Sweden
1966,USA,A,-0.10873207594545875,-0.06261226759992533,0.013696804593344547,0.024215686265042224,0.029893746365702745,0.9034177139893531,True,JST/JKKST empirical 1890-2020; inflation 100% empirical,United States
1967,AUS,A,0.3808958331260732,0.0509946010219553,0.00998505653660775,0.013141459775404485,0.031938816626749134,0.6502386911317215,True,JST/JKKST empirical 1900-2020; inflation 100% empirical,Australia
1967,BEL,A,0.21511657967476427,0.06321229488834268,0.052001274431407785,0.022986713652792146,0.02855685874553804,1.1940184229219286,True,JST/JKKST empirical 1890-2020; inflation 100% empirical,Belgium
1967,CHE,A,0.41500399566952595,0.04622443063388215,0.014745394081504326,-0.00432432727911547,0.04021490116990112,1.1770016092058626,True,JST/JKKST empirical 1900-2020; inflation 100% empirical,Switzerland
1967,DEU,A,0.3573491367337007,0.0840886988007079,0.14057095313549373,0.01713800296762935,0.016066646547020502,4.096200235124612,True,JST/JKKST empirical 1890-2020; inflation 100% empirical,Germany
1967,DNK,A,-0.21369590908538283,0.1311189437537572,-0.017332174590294902,-0.010777434980330014,0.08207869939364065,1.0066475728034123,True,JST/JKKST empirical 1890-2020; inflation 100% empirical,Denmark
1967,ESP,A,0.015587193114169784,0.22848907349580205,-0.0036815235397565926,-0.03175612205324252,0.06378157692424491,0.5994626943972365,True,JST/JKKST empirical 1900-2020; inflation 100% empirical,Spain
1967,FIN,A,-0.06551086884937773,0.40336096132313815,-0.06833932102182805,-0.017924470720044106,0.05633423180592989,0.9479577501121583,True,JST/JKKST empirical 1896-2020; inflation 100% empirical,Finland
1967,FRA,A,-0.04848476117831302,0.09130207851900041,0.02777156240080969,0.01953680541517122,0.027917770943512554,0.7882654095646947,True,JST/JKKST empirical 1890-2020; inflation 100% empirical,France
1967,GBR,A,0.31245618329900204,0.25864442680340227,0.0010345630044101828,0.0348815047255131,0.022435897435897356,0.9107943770156238,True,JST/JKKST empirical 1890-2020; inflation 100% empirical,United Kingdom
1967,ITA,A,0.015517431497573675,0.08257586416975715,0.01837292004376634,0.004725998826324851,0.030927835051546504,0.9068614552035799,True,JST/JKKST empirical 1890-2020; inflation 100% empirical,Italy
1967,JPN,A,0.01743075293679852,0.08151099086722291,0.024655045556126964,0.024830163654854687,0.03812323161222686,1.33956361516066,True,JST/JKKST empirical 1890-2020; inflation 100% empirical,Japan
1967,NLD,A,0.28574496316949705,0.055552125088373705,0.0027095243603647567,0.021112505355519007,0.03486800923827382,0.9460294700479577,True,JST/JKKST empirical 1900-2020; inflation 100% empirical,Netherlands
1967,NOR,A,-0.07453156949303574,0.07455899050615811,0.014480752310411349,-0.015715345895823574,0.04390533324543533,0.9957747780546384,True,JST/JKKST empirical 1890-2020; inflation 100% empirical,Norway
1967,PRT,A,-0.0822768686805535,0.07353265164919143,-0.07539366611824816,-0.008854620452866668,0.041724070064947716,0.49966451218602065,True,JST/JKKST empirical 1890-2020; inflation 100% empirical,Portugal
1967,SWE,A,0.03958302992913465,0.06820494042761505,0.04603874538507724,0.02358333104186605,0.040462427745664664,1.2244924322806436,True,JST/JKKST empirical 1890-2020; inflation 100% empirical,Sweden
1967,USA,A,0.17495522836546473,0.0764872695795098,-0.07685916635967072,0.021756993369961064,0.027845502373925246,0.9290344993924118,True,JST/JKKST empirical 1890-2020; inflation 100% empirical,United States
1968,AUS,A,0.3131624807906397,0.20506524653176283,-0.004594879586564016,0.02101305951003929,0.026529473469882214,0.6360050689458597,True,JST/JKKST empirical 1900-2020; inflation 100% empirical,Australia
1968,BEL,A,0.13073174547947763,0.21651935914145115,0.0335549986028123,0.0122469006566861,0.027516113039167234,1.1685215242938147,True,JST/JKKST empirical 1890-2020; inflation 100% empirical,Belgium
1968,CHE,A,0.36208515520117457,0.18530418868556753,0.03453309367530322,0.011637434145620462,0.024123499762094047,1.1661222272764544,True,JST/JKKST empirical 1900-2020; inflation 100% empirical,Switzerland
1968,DEU,A,0.14133235002571864,0.216942547338848,0.07178344409025339,0.009523401477297355,0.016251826324959362,4.005227594886756,True,JST/JKKST empirical 1890-2020; inflation 100% empirical,Germany
1968,DNK,A,0.002590791933908765,0.1566011936417404,0.10928262986915316,-0.007289583569240032,0.0795360335074915,1.0402785711154339,True,JST/JKKST empirical 1890-2020; inflation 100% empirical,Denmark
1968,ESP,A,0.1668853125853469,0.17612255438368996,-0.002199876380016952,-0.018699273484255374,0.04962726664497352,0.6044344072502961,True,JST/JKKST empirical 1900-2020; inflation 100% empirical,Spain
1968,FIN,A,0.2860808030805124,0.11760329531544134,0.2141877132184764,-0.0447494728387543,0.09186016841030864,0.9959900136224571,True,JST/JKKST empirical 1896-2020; inflation 100% empirical,Finland
1968,FRA,A,0.12293239085796648,0.18192083040849027,-0.032871086054471754,0.01536967713915871,0.045432048640203115,0.7929891742707461,True,JST/JKKST empirical 1890-2020; inflation 100% empirical,France
1968,GBR,A,0.42499680993425804,0.179989433411764,-0.060883507076384236,0.029165634780156324,0.03996865203761768,0.9031687672980787,True,JST/JKKST empirical 1890-2020; inflation 100% empirical,United Kingdom
1968,ITA,A,0.03441192677208016,0.21841473157403724,0.027777995548996293,0.015294116793894252,0.020000000000000018,0.8906165834103908,True,JST/JKKST empirical 1890-2020; inflation 100% empirical,Italy
1968,JPN,A,0.080435068967873,0.13292945403652046,0.011529308480515699,0.023847753704254737,0.05367228315662076,1.4055501673952253,True,JST/JKKST empirical 1890-2020; inflation 100% empirical,Japan
1968,NLD,A,0.2984393090014701,0.18426193741629793,-0.04983350325267655,0.014615169619375923,0.036755968520679305,0.9411831638294401,True,JST/JKKST empirical 1900-2020; inflation 100% empirical,Netherlands
1968,NOR,A,0.10287998292476641,0.19555537116929167,0.014901887646135314,-0.006955989325622358,0.03530154720555623,0.9920349304055085,True,JST/JKKST empirical 1890-2020; inflation 100% empirical,Norway
1968,PRT,A,0.033047248531724804,0.21543660063568804,-0.04451118709768653,0.014867543680755269,0.019837521254487234,0.4918865370063945,True,JST/JKKST empirical 1890-2020; inflation 100% empirical,Portugal
1968,SWE,A,0.36687481143729883,0.20026584350534082,0.040234702711962056,0.03393829371881574,0.020370370370370372,1.1988186481219139,True,JST/JKKST empirical 1890-2020; inflation 100% empirical,Sweden
1968,USA,A,0.10292200537141882,0.1868537271386581,-0.04186153653674529,0.015487339762513264,0.04244694132334614,0.9319331931277435,True,JST/JKKST empirical 1890-2020; inflation 100% empirical,United States
1969,AUS,A,0.06976934208877572,0.11370569518313389,0.07890371312722011,0.018175557338513615,0.029193827303855002,0.6371792430740892,True,JST/JKKST empirical 1900-2020; inflation 100% empirical,Australia
1969,BEL,A,0.008675079636832006,0.10542437579336128,-0.0669608222079453,0.03070855546041984,0.037635705669481156,1.183012114138787,True,JST/JKKST empirical 1890-2020; inflation 100% empirical,Belgium
1969,CHE,A,0.019468681389020137,0.1350696288944162,-0.02050452669916858,0.03669658453052982,0.024890036153784934,1.150784908797091,True,JST/JKKST empirical 1900-2020; inflation 100% empirical,Switzerland
1969,DEU,A,0.1695511699977006,0.034512240836058306,-0.009153465319024279,0.02880127956595535,0.018729291495549694,4.2742718786325185,True,JST/JKKST empirical 1890-2020; inflation 100% empirical,Germany
1969,DNK,A,0.157747392687978,0.10839990196920879,-0.11934889195120801,0.04843160834645044,0.03487913971355128,1.0417073479579633,True,JST/JKKST empirical 1890-2020; inflation 100% empirical,Denmark
1969,ESP,A,0.49234405332555853,0.10718672320821798,0.030707296950501117,0.022995632984387893,0.021509738745959295,0.5946842641616767,True,JST/JKKST empirical 1900-2020; inflation 100% empirical,Spain
1969,FIN,A,0.23143039702878498,0.11977097694634864,0.05699987261652639,0.019044803215480854,0.02208459920542194,0.9838454326587525,True,JST/JKKST empirical 1896-2020; inflation 100% empirical,Finland
1969,FRA,A,0.1661177386369319,0.22542920523932142,-0.08747602648591846,0.02747899835780676,0.06045962841738928,0.7224272456144692,True,JST/JKKST empirical 1890-2020; inflation 100% empirical,France
1969,GBR,A,-0.16228961556039756,0.10391695347413066,-0.05179231341882862,0.023101793335254417,0.051996985681989294,0.9245432473385743,True,JST/JKKST empirical 1890-2020; inflation 100% empirical,United Kingdom
1969,ITA,A,0.1658833276193874,0.13092485615811422,-0.01151493340372478,0.029807693038422123,0.019607843137255054,0.8748188539475328,True,JST/JKKST empirical 1890-2020; inflation 100% empirical,Italy
1969,JPN,A,0.2724654744043433,0.09044080302326307,0.011978448907715267,0.022190882529918188,0.05361925838860637,1.4198291353164496,True,JST/JKKST empirical 1890-2020; inflation 100% empirical,Japan
1969,NLD,A,-0.09781187734221819,0.08903138279050649,-0.09675655532023264,0.003041662591920735,0.07428239686273619,0.9723333640318992,True,JST/JKKST empirical 1900-2020; inflation 100% empirical,Netherlands
1969,NOR,A,0.18132222063972714,0.11302252760550457,-0.07674242978379997,0.003941782442089092,0.03073705924621084,0.9882342484168622,True,JST/JKKST empirical 1890-2020; inflation 100% empirical,Norway
1969,PRT,A,0.28440264462564424,0.10565845361024939,-0.033447298675778225,0.007925311348432995,0.026861800666913682,0.4902044117193231,True,JST/JKKST empirical 1890-2020; inflation 100% empirical,Portugal
1969,SWE,A,0.02768204428334542,0.1250333274608888,-0.033856763548049895,0.04651060360796455,0.02722323049001818,1.192456607630213,True,JST/JKKST empirical 1890-2020; inflation 100% empirical,Sweden
1969,USA,A,-0.1604813634807657,0.1090952167884931,-0.1040722672649399,0.02203879742352144,0.05437125748502969,0.9496495884736966,True,JST/JKKST empirical 1890-2020; inflation 100% empirical,United States
1970,AUS,A,-0.1694416423130497,-0.029098084506638422,-0.04255707447405499,0.014201892229549262,0.03906004616824865,0.6260574691877931,True,JST/JKKST empirical 1900-2020; inflation 100% empirical,Australia
1970,BEL,A,0.01191311458058597,-0.043763602526656786,0.02477864458453438,0.038052939475382797,0.03906068356196246,1.165287016833821,True,JST/JKKST empirical 1890-2020; inflation 100% empirical,Belgium
1970,CHE,A,-0.13767935197106518,-0.03158047081080817,0.0005389796317893936,0.0302459893505862,0.03616030901038103,1.131100473814404,True,JST/JKKST empirical 1900-2020; inflation 100% empirical,Switzerland
1970,DEU,A,-0.2412650960236442,-0.03409373504648039,0.01969353209194069,0.05037318272717961,0.034365707647773025,4.240088254700415,True,JST/JKKST empirical 1890-2020; inflation 100% empirical,Germany
1970,DNK,A,-0.10978578399428485,-0.061297674236317934,0.012261345620986575,0.028025624752259448,0.06514854536995385,1.0524675547756026,True,JST/JKKST empirical 1890-2020; inflation 100% empirical,Denmark
1970,ESP,A,0.035793330728741246,-0.06817664686480784,-0.043243453012788424,-0.002278789961361549,0.057409614115670804,0.5991303612263397,True,JST/JKKST empirical 1900-2020; inflation 100% empirical,Spain
1970,FIN,A,0.21572244392685969,-0.05076620810354748,0.04183422640503287,0.013993981281689605,0.027323653824168348,0.962910765584702,True,JST/JKKST empirical 1896-2020; inflation 100% empirical,Finland
1970,FRA,A,-0.13354192385523023,-0.04779148954555401,-0.14232912468044212,0.03210228326089304,0.05299641245626652,0.7212733405104653,True,JST/JKKST empirical 1890-2020; inflation 100% empirical,France
1970,GBR,A,-0.09392102974609173,-0.05907115089497428,-0.028783166085864287,0.0047069301561930565,0.06518624641833837,0.9310295827895633,True,JST/JKKST empirical 1890-2020; inflation 100% empirical,United Kingdom
1970,ITA,A,-0.20453681967674053,-0.04237347072380837,-0.01907280716327353,0.024543116945739074,0.04807692307692313,0.8728295326203864,True,JST/JKKST empirical 1890-2020; inflation 100% empirical,Italy
1970,JPN,A,0.016020928267565182,-0.06915142308052813,-0.009129067580178285,0.00604436423099286,0.07633593537726502,1.433728916097139,True,JST/JKKST empirical 1890-2020; inflation 100% empirical,Japan
1970,NLD,A,-0.07810811604176993,-0.04335146810117363,0.09076396858405644,0.04123310728632701,0.03679953171917716,0.963022876253841,True,JST/JKKST empirical 1900-2020; inflation 100% empirical,Netherlands
1970,NOR,A,0.2323651919074894,-0.1218447219784361,-0.0444659354539384,-0.06103606977932374,0.10589977783263338,1.0376774371707465,True,JST/JKKST empirical 1890-2020; inflation 100% empirical,Norway
1970,PRT,A,0.046378645814292296,-0.05369170885703056,-0.019324602696779714,-0.0050781501354076886,0.05033375428468334,0.48648582144675245,True,JST/JKKST empirical 1890-2020; inflation 100% empirical,Portugal
1970,SWE,A,-0.24313001780470544,-0.05551672766304794,0.006515776175112675,0.005702482126961117,0.06890459363957602,1.2085382491083867,True,JST/JKKST empirical 1890-2020; inflation 100% empirical,Sweden
1970,USA,A,-0.03400650757291579,-0.059998130165451746,0.07849412764558683,0.015870977988368118,0.058836892321671774,0.9533915999571754,True,JST/JKKST empirical 1890-2020; inflation 100% empirical,United States
1971,AUS,A,-0.11468578320565881,0.0316849177171572,0.052353201839013375,-0.006150722543640241,0.060640370957328216,0.62080842815432,True,JST/JKKST empirical 1900-2020; inflation 100% empirical,Australia
1971,BEL,A,0.045775803707583274,-0.002725998708458577,0.0759624718034726,0.007178233931236289,0.043410158872230875,1.181197823921757,True,JST/JKKST empirical 1890-2020; inflation 100% empirical,Belgium
1971,CHE,A,0.08376620733461215,-0.020493176523478374,0.034681489196784376,-0.05088542025652598,0.0657301253297986,1.1631519459083075,True,JST/JKKST empirical 1900-2020; inflation 100% empirical,Switzerland
1971,DEU,A,0.018977747445458437,-0.015873514844659375,0.03137974787213138,0.008803656565135931,0.05236533642603902,4.358992547467343,True,JST/JKKST empirical 1890-2020; inflation 100% empirical,Germany
1971,DNK,A,-0.06663984367398434,0.03841331506751455,0.07899683684253622,0.02189139374843241,0.05869860832789797,1.0342261899011707,True,JST/JKKST empirical 1890-2020; inflation 100% empirical,Denmark
1971,ESP,A,-0.038505345421367854,0.017152892940750952,-0.004782065776173683,-0.038986164089869435,0.08219045371078937,0.5993013287742631,True,JST/JKKST empirical 1900-2020; inflation 100% empirical,Spain
1971,FIN,A,0.12467193787278696,0.07716667152830037,0.019489524459405327,-0.013169379267048753,0.06482305809036282,0.9039200707329521,True,JST/JKKST empirical 1896-2020; inflation 100% empirical,Finland
1971,FRA,A,-0.10508873852529854,0.02020177906503795,-0.010144800984565605,0.004198215360080804,0.05397518655950906,0.7224078558428322,True,JST/JKKST empirical 1890-2020; inflation 100% empirical,France
1971,GBR,A,0.33986833675111394,-0.030216964392958845,0.15987804581507947,-0.03504941761768421,0.09414929388029569,0.9507677703179435,True,JST/JKKST empirical 1890-2020; inflation 100% empirical,United Kingdom
1971,ITA,A,-0.17736481985320207,0.061865975699285425,0.0580667508685071,0.002405071258545055,0.05504587155963292,0.8453581263390157,True,JST/JKKST empirical 1890-2020; inflation 100% empirical,Italy
1971,JPN,A,0.0628219505605998,-0.10575135663760027,0.0065111889853504135,0.003250769479653748,0.060693627709408116,1.6067349196041134,True,JST/JKKST empirical 1890-2020; inflation 100% empirical,Japan
1971,NLD,A,-0.11937617261812328,-0.017305272843096464,-0.003302895473327294,-0.02444763956850815,0.07477573112196101,1.0001585188299045,True,JST/JKKST empirical 1900-2020; inflation 100% empirical,Netherlands
1971,NOR,A,-0.23526365975645247,0.042101955369568955,-0.011051093020449487,-0.02276793927852705,0.062388392857141595,1.0267382413786392,True,JST/JKKST empirical 1890-2020; inflation 100% empirical,Norway
1971,PRT,A,0.11251294344553986,0.02873677811580011,-0.0723744324717821,-0.02470094410206025,0.07402954311233256,0.4770714266801361,True,JST/JKKST empirical 1890-2020; inflation 100% empirical,Portugal
1971,SWE,A,0.18112770158510938,0.003556551842390787,0.0163968725846364,-0.018038461815852336,0.07438016528925617,1.2077149318071103,True,JST/JKKST empirical 1890-2020; inflation 100% empirical,Sweden
1971,USA,A,0.08932812544434743,0.1129674732428565,0.13181040314869286,0.007468723223079232,0.042265608238575725,0.8697372763893975,True,JST/JKKST empirical 1890-2020; inflation 100% empirical,United States
1972,AUS,A,0.28843361374766174,0.16875063704016457,0.02809007960839116,-0.014601768260481762,0.058649827090341944,0.6516513298506993,True,JST/JKKST empirical 1900-2020; inflation 100% empirical,Australia
1972,BEL,A,0.2418588452800301,0.24480198211285775,0.011379775565245609,-0.015051493406422978,0.05447137036242755,1.1717549193875785,True,JST/JKKST empirical 1890-2020; inflation 100% empirical,Belgium
1972,CHE,A,0.1319044129939011,0.20964821887754925,-0.026574134534233074,-0.03722281189316001,0.06660192363871431,1.1919982343111901,True,JST/JKKST empirical 1900-2020; inflation 100% empirical,Switzerland
1972,DEU,A,0.10365842199057518,0.24663123516338525,-0.013521602691838663,-0.011314653180169998,0.054956465344183414,4.348330793585689,True,JST/JKKST empirical 1890-2020; inflation 100% empirical,Germany
1972,DNK,A,0.3950187033776529,0.2007202755102626,0.031010406837602922,0.011340492324578344,0.0656236370537997,1.05281893996484,True,JST/JKKST empirical 1890-2020; inflation 100% empirical,Denmark
1972,ESP,A,0.244763478826862,0.18176016942397055,0.011520756634900042,-0.039300909916925586,0.08254500273961796,0.6240529436290335,True,JST/JKKST empirical 1900-2020; inflation 100% empirical,Spain
1972,FIN,A,0.5929753917632417,0.23050636329752128,0.05028323025395043,-0.026350057479306743,0.07143230391388422,0.8905811696061321,True,JST/JKKST empirical 1896-2020; inflation 100% empirical,Finland
1972,FRA,A,0.10266959890027327,0.26711616342548417,0.027591459762231985,-0.010493792288573833,0.06063003097182107,0.7096648698216733,True,JST/JKKST empirical 1890-2020; inflation 100% empirical,France
1972,GBR,A,0.08567236664645161,0.3696119075271753,-0.105610658346308,-0.015590367567460683,0.07191149354640447,0.8683426729964503,True,JST/JKKST empirical 1890-2020; inflation 100% empirical,United Kingdom
1972,ITA,A,0.08039644816197655,0.25321189992554105,0.004699951053158458,-0.00040289202381749156,0.05217391304347818,0.8400897858657541,True,JST/JKKST empirical 1890-2020; inflation 100% empirical,Italy
1972,JPN,A,0.5404446778191423,0.2010080159329226,0.03943160097637488,0.0008666626491788954,0.046321491325760356,1.623095547020518,True,JST/JKKST empirical 1890-2020; inflation 100% empirical,Japan
1972,NLD,A,0.21397805707008266,0.22540066975871853,-0.05666552739988351,-0.05441130038696307,0.07791756316631271,1.0083099535547726,True,JST/JKKST empirical 1900-2020; inflation 100% empirical,Netherlands
1972,NOR,A,0.09078993413954684,0.2396417917763367,0.0017406304905125403,-0.03177798309991109,0.07217144658051966,1.0303513468945371,True,JST/JKKST empirical 1890-2020; inflation 100% empirical,Norway
1972,PRT,A,0.3520029271623315,0.1949857801619539,-0.009299241403196268,-0.03363566003645291,0.08395969934431458,0.4888987403424907,True,JST/JKKST empirical 1890-2020; inflation 100% empirical,Portugal
1972,SWE,A,0.08063811401151266,0.2357427502594125,0.004103135387852452,-0.004716981413229515,0.06000000000000005,1.2162054588149398,True,JST/JKKST empirical 1890-2020; inflation 100% empirical,Sweden
1972,USA,A,0.17804104957016031,0.29831017081438027,0.022074312504803517,0.013487376024672315,0.03272951832029625,0.8319200704068613,True,JST/JKKST empirical 1890-2020; inflation 100% empirical,United States
1973,AUS,A,-0.3221632958892997,-0.03163523149614944,-0.20035206673069805,-0.03885589098781983,0.0946589482246154,0.707157747334289,True,JST/JKKST empirical 1900-2020; inflation 100% empirical,Australia
1973,BEL,A,-0.00034092765363102906,0.06864559900755718,-0.049819318116501865,-0.007437307784983083,0.06955460646735823,1.135214708134307,True,JST/JKKST empirical 1890-2020; inflation 100% empirical,Belgium
1973,CHE,A,-0.2643914466196938,-0.025634648983100417,-0.08326754479834175,-0.04703278197627381,0.08755052838582866,1.281077919850391,True,JST/JKKST empirical 1900-2020; inflation 100% empirical,Switzerland
1973,DEU,A,-0.20673655069771812,-0.031128294034173942,-0.034619364501108585,0.0297950565495948,0.06995075494626568,4.680834271259422,True,JST/JKKST empirical 1890-2020; inflation 100% empirical,Germany
1973,DNK,A,0.48606737150110213,-0.010804875378755852,-0.13701169750368425,-0.010971357563980266,0.09303372774166063,1.0640606297787947,True,JST/JKKST empirical 1890-2020; inflation 100% empirical,Denmark
1973,ESP,A,0.164376390166727,-0.0367167007514968,-0.09505761003785573,-0.05780266209263474,0.11441622524334893,0.6594119077469152,True,JST/JKKST empirical 1900-2020; inflation 100% empirical,Spain
1973,FIN,A,0.29899532120431926,-0.01339848741380556,-0.12744659726555596,-0.047784003885690374,0.10983222785797886,0.912725570196886,True,JST/JKKST empirical 1896-2020; inflation 100% empirical,Finland
1973,FRA,A,-0.09825740273348837,0.04974400462713158,-0.08281725368981674,0.014242789154708113,0.07380601063989056,0.7032874981236581,True,JST/JKKST empirical 1890-2020; inflation 100% empirical,France
1973,GBR,A,-0.3415498115907618,0.15296564603096163,-0.1658348045739192,0.00030791897016113623,0.09346330275229353,0.7979851451175625,True,JST/JKKST empirical 1890-2020; inflation 100% empirical,United Kingdom
1973,ITA,A,0.08108009097736257,0.14817989573349633,-0.05943446834363164,-0.03448320669469551,0.1074380165289257,0.7572234771242619,True,JST/JKKST empirical 1890-2020; inflation 100% empirical,Italy
1973,JPN,A,0.17440907546821371,-0.001191652485297623,-0.10450373753354902,-0.03855779126290593,0.11458337337022728,1.6574292461682139,True,JST/JKKST empirical 1890-2020; inflation 100% empirical,Japan
1973,NLD,A,-0.20126586861181117,-0.003826879503660341,-0.15407564772135862,-0.014606427193045612,0.08013524812342232,1.0567973685737917,True,JST/JKKST empirical 1900-2020; inflation 100% empirical,Netherlands
1973,NOR,A,0.33910118387755306,-0.04977756097382113,-0.03260686572287341,-0.03179812103920465,0.07446600039192841,1.0902107046934892,True,JST/JKKST empirical 1890-2020; inflation 100% empirical,Norway
1973,PRT,A,0.6140488208948969,0.04338102659340537,0.061094522896752324,-0.022627073723798907,0.0768663322514016,0.4671941379577681,True,JST/JKKST empirical 1890-2020; inflation 100% empirical,Portugal
1973,SWE,A,-0.03116058472569294,0.10942464888277215,0.009872900780771854,-0.011027211163725181,0.06676342525399126,1.1394140036710876,True,JST/JKKST empirical 1890-2020; inflation 100% empirical,Sweden
1973,USA,A,-0.21380169158010065,0.16616619572320257,-0.094976240259256,0.020300571639191967,0.06258720350807279,0.7508887942242004,True,JST/JKKST empirical 1890-2020; inflation 100% empirical,United States
1974,AUS,A,-0.3588749445204459,-0.16957646947339622,-0.12581563121048023,-0.05248001630843602,0.15110148819813607,0.597223810537914,True,JST/JKKST empirical 1900-2020; inflation 100% empirical,Australia
1974,BEL,A,-0.33208411281228756,-0.34912396254265454,-0.13511060192958513,-0.021946692731768414,0.12683019585472532,1.2038107083087592,True,JST/JKKST empirical 1890-2020; inflation 100% empirical,Belgium
1974,CHE,A,-0.39087197777335236,-0.4012268995713113,-0.07189003967086138,-0.03458910495944045,0.09766733157350527,1.4775174453932676,True,JST/JKKST empirical 1900-2020; inflation 100% empirical,Switzerland
1974,DEU,A,-0.04246422398343275,-0.31683194920828994,0.011871439260889627,0.01778524160187467,0.0696362624018183,4.620805635032006,True,JST/JKKST empirical 1890-2020; inflation 100% empirical,Germany
1974,DNK,A,-0.32865123987446687,-0.3462990877854719,-0.12834577539131653,-0.016816487427169236,0.15275189706731607,1.1234238026416488,True,JST/JKKST empirical 1890-2020; inflation 100% empirical,Denmark
1974,ESP,A,-0.0943792826881491,-0.29222335558095214,-0.12114918175135336,-0.07803884831139474,0.1497230623193473,0.6330342555183903,True,JST/JKKST empirical 1900-2020; inflation 100% empirical,Spain
1974,FIN,A,-0.2922758523510899,-0.33766306061837603,-0.11696947876230701,-0.09400264331681585,0.16672525927227988,0.9486230938259013,True,JST/JKKST empirical 1896-2020; inflation 100% empirical,Finland
1974,FRA,A,-0.35885990256786615,-0.29826525369572376,-0.1454225513408226,-0.006505256691985206,0.13649317472813816,0.6966242636025549,True,JST/JKKST empirical 1890-2020; inflation 100% empirical,France
1974,GBR,A,-0.5696518080613707,-0.2625246822569426,-0.2721773704752751,-0.0376000934945927,0.15731515469323543,0.7680502164618629,True,JST/JKKST empirical 1890-2020; inflation 100% empirical,United Kingdom
1974,ITA,A,-0.39538360238075254,-0.23835505422222247,-0.24410463711246844,-0.04047625605016936,0.19402985074626855,0.6962938238745439,True,JST/JKKST empirical 1890-2020; inflation 100% empirical,Italy
1974,JPN,A,-0.2969491414364719,-0.2732443544407428,-0.15161319330701628,-0.09630893556287379,0.24532713751096846,1.5798699446100346,True,JST/JKKST empirical 1890-2020; inflation 100% empirical,Japan
1974,NLD,A,-0.26295296020101877,-0.32343749210226647,0.059729563727846324,-0.00369671310708497,0.09609360743069306,1.0738718093850457,True,JST/JKKST empirical 1900-2020; inflation 100% empirical,Netherlands
1974,NOR,A,-0.3834992853171898,-0.2966477918568632,-0.11764550662450912,-0.045512926916060015,0.09420025533466947,1.0799181025724451,True,JST/JKKST empirical 1890-2020; inflation 100% empirical,Norway
1974,PRT,A,-0.4441120022987808,-0.4183896950963166,-0.3096351569254894,-0.21853413112574105,0.3788190163036034,0.5568726708602053,True,JST/JKKST empirical 1890-2020; inflation 100% empirical,Portugal
1974,SWE,A,-0.0764454607840277,-0.33631433788413667,-0.06764930699684535,-0.022122522041496562,0.0993197278911564,1.1585305033275317,True,JST/JKKST empirical 1890-2020; inflation 100% empirical,Sweden
1974,USA,A,-0.3283359392465227,-0.23733483850961679,-0.07617728735674967,-0.006908297785515161,0.11011067341962089,0.6857741412816254,True,JST/JKKST empirical 1890-2020; inflation 100% empirical,United States
1975,AUS,A,0.34350699497956594,0.06125285232739208,-0.07610447215033311,-0.0657151597627269,0.1507197279893664,0.6153126298857119,True,JST/JKKST empirical 1900-2020; inflation 100% empirical,Australia
1975,BEL,A,0.09243064556372316,0.1446253465521552,-0.0038536362120292766,-0.05114825026418446,0.12757340533243333,1.1723889915671224,True,JST/JKKST empirical 1890-2020; inflation 100% empirical,Belgium
1975,CHE,A,0.37545930814863837,0.12111447727127955,0.07053628309610915,-0.036987777330048655,0.06696465077280611,1.4444593585849799,True,JST/JKKST empirical 1900-2020; inflation 100% empirical,Switzerland
1975,DEU,A,0.23802362177072056,0.20622351189481392,0.07131069934407375,-0.014498360549040523,0.05939955491618387,4.25120742988556,True,JST/JKKST empirical 1890-2020; inflation 100% empirical,Germany
1975,DNK,A,0.06239945924997814,0.18060543874081292,0.1825424186348923,-0.02860074055673112,0.09605635312857363,1.0643940835907424,True,JST/JKKST empirical 1890-2020; inflation 100% empirical,Denmark
1975,ESP,A,-0.24650460677675068,0.0855151921819457,-0.08969937512512416,-0.09323576240732845,0.17665830380033598,0.6608627270292234,True,JST/JKKST empirical 1900-2020; inflation 100% empirical,Spain
1975,FIN,A,-0.12262186294303579,0.09601780812525584,-0.10582042928022728,-0.1033146830828332,0.17811676082862515,0.9742316259177236,True,JST/JKKST empirical 1896-2020; inflation 100% empirical,Finland
1975,FRA,A,0.1814402807764215,0.05485171413866485,0.08227728856894756,-0.03371890608770345,0.11685927249322647,0.7286170903902733,True,JST/JKKST empirical 1890-2020; inflation 100% empirical,France
1975,GBR,A,1.0342776659584465,0.05101575866935826,0.10941426924799869,-0.10204113561225359,0.2270049841413686,0.7674301194659947,True,JST/JKKST empirical 1890-2020; inflation 100% empirical,United Kingdom
1975,ITA,A,-0.16123861297566622,0.0738581316318947,-0.04480915656064277,-0.05339037670808677,0.16874999999999996,0.7307460543335498,True,JST/JKKST empirical 1890-2020; inflation 100% empirical,Italy
1975,JPN,A,-0.060199943472697415,0.07491067630203596,-0.034199029436767114,-0.01027174032005762,0.11819884512297785,1.6466890706587085,True,JST/JKKST empirical 1890-2020; inflation 100% empirical,Japan
1975,NLD,A,0.33807647926137374,0.13171274221235918,0.017522177706095876,-0.054850535887648544,0.10212727291881762,1.0428746537032383,True,JST/JKKST empirical 1900-2020; inflation 100% empirical,Netherlands
1975,NOR,A,-0.2102368519718666,0.15262412024785443,-0.04458190264559281,-0.06280476761775111,0.11684307025585405,1.0623577357365537,True,JST/JKKST empirical 1890-2020; inflation 100% empirical,Norway
1975,PRT,A,-0.5301081830652374,0.1508120489580711,-0.32668008997390574,-0.08463073107570473,0.18531399046104924,0.558539349743428,True,JST/JKKST empirical 1890-2020; inflation 100% empirical,Portugal
1975,SWE,A,0.22385485922201642,0.146610350812874,-0.07134340589250754,-0.029853440728773495,0.09777227722772275,1.1184182675706242,True,JST/JKKST empirical 1890-2020; inflation 100% empirical,Sweden
1975,USA,A,0.2619999215355191,0.06530462735440401,-0.024116175758209235,-0.024783728151410722,0.09141601892531259,0.707394504851466,True,JST/JKKST empirical 1890-2020; inflation 100% empirical,United States
1976,AUS,A,-0.08741702619576186,0.0313065469784215,-0.05357695255347683,-0.052960266367267916,0.13523923652833325,0.5554121079486324,True,JST/JKKST empirical 1900-2020; inflation 100% empirical,Australia
1976,BEL,A,-0.11609893978826813,-0.16549587342290184,-0.06423109545333494,0.00546009578142681,0.0917390002993117,1.293632029420928,True,JST/JKKST empirical 1890-2020; inflation 100% empirical,Belgium
1976,CHE,A,0.0606559400222062,-0.08584867745258273,0.12133064225464363,-0.002023895578572854,0.01715862326650952,1.4458726724313078,True,JST/JKKST empirical 1900-2020; inflation 100% empirical,Switzerland
1976,DEU,A,-0.06247991705486455,-0.1369359860192515,0.06566612159487839,-0.003946419897652209,0.04296597996139884,4.527987155917228,True,JST/JKKST empirical 1890-2020; inflation 100% empirical,Germany
1976,DNK,A,0.24478116022434837,-0.16202803112526987,-0.100842223054461,0.011743094651766262,0.09000002328974666,1.139365064622143,True,JST/JKKST empirical 1890-2020; inflation 100% empirical,Denmark
1976,ESP,A,-0.24287827739654477,-0.00988029040243088,-0.05887792171213091,-0.06519844047525702,0.17635483334470825,0.6260798333958112,True,JST/JKKST empirical 1900-2020; inflation 100% empirical,Spain
1976,FIN,A,-0.24249323028818504,-0.13361029358383825,-0.09232078082177264,-0.07505465206063466,0.14341890725406814,1.0474779560751517,True,JST/JKKST empirical 1896-2020; inflation 100% empirical,Finland
1976,FRA,A,-0.19081526344396693,0.028983142545463636,-0.049035814339904116,-0.00971941256864628,0.09625495781555382,0.6632838648048485,True,JST/JKKST empirical 1890-2020; inflation 100% empirical,France
1976,GBR,A,-0.11526135551014083,0.04219230001836394,-0.015344842145573745,-0.03897126225485792,0.15657311669128493,0.6870407945810846,True,JST/JKKST empirical 1890-2020; inflation 100% empirical,United Kingdom
1976,ITA,A,-0.2068488728084149,0.12367401570945358,-0.14774549687751182,-0.0077276747297803094,0.1657754010695187,0.612288060027016,True,JST/JKKST empirical 1890-2020; inflation 100% empirical,Italy
1976,JPN,A,0.047947642036603844,-0.13004432621259598,-0.011643586733917521,-0.022112085470664677,0.09395973196977736,1.7272986392055685,True,JST/JKKST empirical 1890-2020; inflation 100% empirical,Japan
1976,NLD,A,-0.03323561220298055,-0.1665520807215054,0.012422309838088896,-0.016290960813845068,0.09057484480250322,1.1449978271997625,True,JST/JKKST empirical 1900-2020; inflation 100% empirical,Netherlands
1976,NOR,A,0.026355812837122405,-0.1572393669164377,-0.01081129102137035,-0.039488134522727814,0.09170957391239565,1.1493823137101618,True,JST/JKKST empirical 1890-2020; inflation 100% empirical,Norway
1976,PRT,A,-0.5383164955928356,-0.010788286852152384,-0.32405954292058925,-0.09233166661249925,0.20638779445049882,0.5398307000977443,True,JST/JKKST empirical 1890-2020; inflation 100% empirical,Portugal
1976,SWE,A,-0.049990761781585014,-0.14986991702942576,-0.040957459287605635,-0.01696118407248226,0.10372040586245768,1.2070153122778287,True,JST/JKKST empirical 1890-2020; inflation 100% empirical,Sweden
1976,USA,A,0.15910577921052838,-0.06428358283787583,0.10932336637937823,-0.00478898779329906,0.0577488775352224,0.6884247011907709,True,JST/JKKST empirical 1890-2020; inflation 100% empirical,United States
1977,AUS,A,0.008012077674158569,-0.15386438975861128,0.034050732665451555,-0.033617397841090635,0.12300241669392475,0.575778565545423,True,JST/JKKST empirical 1900-2020; inflation 100% empirical,Australia
1977,BEL,A,-0.04714586809477794,-0.14243946079952663,0.08686885477622885,-0.0001937805887267663,0.07100753941055515,1.3297878963360512,True,JST/JKKST empirical 1890-2020; inflation 100% empirical,Belgium
1977,CHE,A,0.06720109422307519,-0.2024546360922561,0.06856857401546712,0.011697049171518703,0.01285261405208038,1.5759233835816115,True,JST/JKKST empirical 1900-2020; inflation 100% empirical,Switzerland
1977,DEU,A,0.08447870324312223,-0.14632527041087162,0.09520364107538448,0.004319775392470415,0.03691078010176341,4.629964290129165,True,JST/JKKST empirical 1890-2020; inflation 100% empirical,Germany
1977,DNK,A,-0.02967551936425683,-0.09676362050181953,-0.08413885733526838,0.030075317327367568,0.11139122313099126,1.1145312758035455,True,JST/JKKST empirical 1890-2020; inflation 100% empirical,Denmark
1977,ESP,A,-0.42796701564158557,-0.012910247880943637,-0.2760972140139394,-0.0916745931008568,0.24539985247463925,0.5782043179306402,True,JST/JKKST empirical 1900-2020; inflation 100% empirical,Spain
1977,FIN,A,-0.21455750582156363,-0.03212244182687907,-0.006064013371522403,-0.07065855254157105,0.1266042220047532,0.9721052819430425,True,JST/JKKST empirical 1896-2020; inflation 100% empirical,Finland
1977,FRA,A,-0.24017255388187275,-0.11892074361603988,-0.0052728140001242485,-0.0038774039560630635,0.09494554671904298,0.6740284335895456,True,JST/JKKST empirical 1890-2020; inflation 100% empirical,France
1977,GBR,A,0.29247365474700926,-0.2487946313077799,0.2663333356380464,-0.06335799977183332,0.14942528735632177,0.7768477400587923,True,JST/JKKST empirical 1890-2020; inflation 100% empirical,United Kingdom
1977,ITA,A,-0.36276589543558657,-0.12845246799115917,-0.09461134840967134,-0.028920703916810453,0.17431192660550465,0.6342585882776702,True,JST/JKKST empirical 1890-2020; inflation 100% empirical,Italy
1977,JPN,A,0.020825747120712945,-0.25001477453273047,0.12656064612607576,-0.021261394627457464,0.07975458911984368,1.999234182348465,True,JST/JKKST empirical 1890-2020; inflation 100% empirical,Japan
1977,NLD,A,0.02655665246901684,-0.1292649123641577,0.04401126697110791,-0.025169948549595533,0.06474114809889797,1.1543309994459414,True,JST/JKKST empirical 1900-2020; inflation 100% empirical,Netherlands
1977,NOR,A,-0.28192768075033536,-0.06848979086698537,-0.092808855449099,-0.0364335036485669,0.09063568010936596,1.1111775296206987,True,JST/JKKST empirical 1890-2020; inflation 100% empirical,Norway
1977,PRT,A,-0.5794611413274771,-0.00427959015049717,-0.36759949577769835,-0.1536563807774497,0.3297199638663053,0.4992658963577081,True,JST/JKKST empirical 1890-2020; inflation 100% empirical,Portugal
1977,SWE,A,-0.21378926105728935,0.042813348940252904,-0.032336883663857674,-0.025490824885051167,0.11338100102145043,1.0434686460297906,True,JST/JKKST empirical 1890-2020; inflation 100% empirical,Sweden
1977,USA,A,-0.11647261187110525,-0.0467768629749169,-0.047563461306693644,-0.007783651909134659,0.06469555035128804,0.6440109213303536,True,JST/JKKST empirical 1890-2020; inflation 100% empirical,United States
1978,AUS,A,0.15173999283497963,0.12504517856907693,0.056177251281561036,0.006699218860829026,0.0792366276649652,0.5296012330269506,True,JST/JKKST empirical 1900-2020; inflation 100% empirical,Australia
1978,BEL,A,0.0866171259691364,0.02176165285063636,0.018384444941984324,0.025587872194691608,0.0446691411749649,1.3434463015157732,True,JST/JKKST empirical 1890-2020; inflation 100% empirical,Belgium
1978,CHE,A,-0.015512307757944765,-0.017704477213200454,0.06530372517884087,-0.003916666017093284,0.010558018212471154,1.66241479863099,True,JST/JKKST empirical 1900-2020; inflation 100% empirical,Switzerland
1978,DEU,A,0.08990942600478768,0.032994505946348784,0.010297765385190782,0.006561704155344739,0.026862033926962292,4.629069597522176,True,JST/JKKST empirical 1890-2020; inflation 100% empirical,Germany
1978,DNK,A,-0.09183118383758748,-0.013518610981252399,0.10665440195435694,0.04918725559540493,0.10008961355147239,1.176713021541138,True,JST/JKKST empirical 1890-2020; inflation 100% empirical,Denmark
1978,ESP,A,-0.27581100038812967,-0.10244714117296982,-0.19698825267781583,0.008337443162051539,0.19773478534057864,0.6757764074208392,True,JST/JKKST empirical 1900-2020; inflation 100% empirical,Spain
1978,FIN,A,0.10606896500291318,0.11131523163671608,0.1570731591835961,0.03670096791790933,0.07797880525153267,0.9067994023201142,True,JST/JKKST empirical 1896-2020; inflation 100% empirical,Finland
1978,FRA,A,0.48369398405745834,-0.035747907281991176,0.06461605984918473,-0.011629764253658026,0.09250558467244274,0.7008309813590827,True,JST/JKKST empirical 1890-2020; inflation 100% empirical,France
1978,GBR,A,0.01110698040464042,0.0722564378444448,-0.09348833731176576,0.009656244329963704,0.07472222222222236,0.7535203691837477,True,JST/JKKST empirical 1890-2020; inflation 100% empirical,United Kingdom
1978,ITA,A,0.17391446741615857,0.03198886529688694,0.019425169516108287,-0.0010722422849011037,0.12109375,0.6315116944099315,True,JST/JKKST empirical 1890-2020; inflation 100% empirical,Italy
1978,JPN,A,0.09552315484683205,-0.05210819723322302,0.033947032683561806,0.005024970687552477,0.0383523107534125,2.164735659406757,True,JST/JKKST empirical 1890-2020; inflation 100% empirical,Japan
1978,NLD,A,0.01629299003624718,0.01705102194957364,0.009887753481800488,0.02073714850967523,0.04080010866152284,1.1762912912150032,True,JST/JKKST empirical 1900-2020; inflation 100% empirical,Netherlands
1978,NOR,A,0.012184257402189091,0.11383544522056122,0.01028670064128212,-0.01686186600706574,0.08153672599648742,1.0398093302411955,True,JST/JKKST empirical 1890-2020; inflation 100% empirical,Norway
1978,PRT,A,-0.3855349925254642,0.1497050504284323,-0.0017338597175435844,-0.06580157185021496,0.2676107859531771,0.4635285308053905,True,JST/JKKST empirical 1890-2020; inflation 100% empirical,Portugal
1978,SWE,A,0.10251132523020101,0.018935961777650334,-0.0205522478868565,-0.028083333062629,0.10091743119266061,1.0558904735925432,True,JST/JKKST empirical 1890-2020; inflation 100% empirical,Sweden
1978,USA,A,0.001996600417771832,0.14791607145385988,-0.09843946362540223,0.005498016106319614,0.07629914764916124,0.5860764784882536,True,JST/JKKST empirical 1890-2020; inflation 100% empirical,United States
1979,AUS,A,0.27417725373276514,0.0965354701307024,-0.07634017811142013,-0.0019555881236529293,0.09090001538075776,0.5071186350879713,True,JST/JKKST empirical 1900-2020; inflation 100% empirical,Australia
1979,BEL,A,0.05424059790282665,0.08421589877363478,-0.1230958185900386,0.06018895607027064,0.0447194315118844,1.3164794496622096,True,JST/JKKST empirical 1890-2020; inflation 100% empirical,Belgium
1979,CHE,A,0.07025020174328778,0.09402663787007048,-0.05540818265464431,-0.02552857987394097,0.03647643826703573,1.6138392300586712,True,JST/JKKST empirical 1900-2020; inflation 100% empirical,Switzerland
1979,DEU,A,-0.12954253219412548,0.06868064872471202,-0.03463517589099696,0.0168660071773421,0.0411597915708215,4.64802338332281,True,JST/JKKST empirical 1890-2020; inflation 100% empirical,Germany
1979,DNK,A,-0.06910205524562274,0.12885665741767105,-0.042783970163080665,0.02757288537679914,0.09611039969032431,1.117831707312551,True,JST/JKKST empirical 1890-2020; inflation 100% empirical,Denmark
1979,ESP,A,-0.19722837161137552,-0.04323705646325815,-0.14620752684324978,-0.02183841876752768,0.15660424618481916,0.7567422858931254,True,JST/JKKST empirical 1900-2020; inflation 100% empirical,Spain
1979,FIN,A,0.1747684904339406,0.010969840148231658,-0.029337759051791923,0.01670752984850643,0.07468631288131689,0.9417937291788518,True,JST/JKKST empirical 1896-2020; inflation 100% empirical,Finland
1979,FRA,A,-0.014806815999585998,0.010772892012380408,-0.1518183811943301,-0.014521295129190759,0.10646734171666461,0.7365557621383249,True,JST/JKKST empirical 1890-2020; inflation 100% empirical,France
1979,GBR,A,0.000978529544918505,-0.04947927270493402,-0.06454774954183995,0.014613595161561799,0.11372447660894291,0.8380180255641115,True,JST/JKKST empirical 1890-2020; inflation 100% empirical,United Kingdom
1979,ITA,A,-0.040968949014836054,-0.017099858324119088,-0.04921850958403118,-0.018515253003607346,0.14634146341463405,0.6824803023618606,True,JST/JKKST empirical 1890-2020; inflation 100% empirical,Italy
1979,JPN,A,0.06357350643050852,0.40218880018321856,-0.0919615693356366,0.022214087803084537,0.035567709155187144,1.6625001134101225,True,JST/JKKST empirical 1890-2020; inflation 100% empirical,Japan
1979,NLD,A,0.06602592013238717,0.07903166342475054,-0.008065624013666395,0.046264200829114754,0.0421045346756439,1.1570881368558064,True,JST/JKKST empirical 1900-2020; inflation 100% empirical,Netherlands
1979,NOR,A,0.5399969073497357,0.05667017750107117,-0.09059963672378446,0.02001658752492408,0.04772806022393872,1.014685218547112,True,JST/JKKST empirical 1890-2020; inflation 100% empirical,Norway
1979,PRT,A,0.1329956890069277,0.004214851281175713,-0.05221739612078957,-0.07437744170879768,0.24100259718844064,0.48567001191283143,True,JST/JKKST empirical 1890-2020; inflation 100% empirical,Portugal
1979,SWE,A,-0.03206515298290169,0.05102834988304705,-0.028732125903733308,0.021772938234438932,0.07166666666666677,1.0708142903424651,True,JST/JKKST empirical 1890-2020; inflation 100% empirical,Sweden
1979,USA,A,0.07817731551298035,0.05931772499003962,-0.10113344957509363,0.015913386044539957,0.09482758620689635,0.5861429342305711,True,JST/JKKST empirical 1890-2020; inflation 100% empirical,United States
1980,AUS,A,0.3829541430804504,-0.03287518050521354,-0.13055321986143253,0.0049118667051923914,0.1012657285330909,0.5668912738846295,True,JST/JKKST empirical 1900-2020; inflation 100% empirical,Australia
1980,BEL,A,-0.16974565416512222,0.2576589771621509,-0.07717554669619131,0.06967248663892844,0.06649466400844384,1.187310721110293,True,JST/JKKST empirical 1890-2020; inflation 100% empirical,Belgium
1980,CHE,A,0.019656756738828385,0.26890734382439674,-0.016863068486522415,-0.016642622778294536,0.04022032821781729,1.4295010854182553,True,JST/JKKST empirical 1900-2020; inflation 100% empirical,Switzerland
1980,DEU,A,-0.019387753343958924,0.2718009128822958,-0.0219874401046376,0.03453447554211819,0.05420362809988233,4.116215768403526,True,JST/JKKST empirical 1890-2020; inflation 100% empirical,Germany
1980,DNK,A,-0.12303379744219667,0.1853807556603586,-0.029287927488729548,0.04115705909982026,0.12305342452594403,1.06421211083982,True,JST/JKKST empirical 1890-2020; inflation 100% empirical,Denmark
1980,ESP,A,-0.12629079164719492,0.2335296657199104,-0.01750970545937247,-0.0008515166223540538,0.15555146626995597,0.6937109813784157,True,JST/JKKST empirical 1900-2020; inflation 100% empirical,Spain
1980,FIN,A,-0.06732432471493466,0.09313540263772757,-0.07570104434759006,0.006743980973363373,0.11594078707770095,0.9653258522621304,True,JST/JKKST empirical 1896-2020; inflation 100% empirical,Finland
1980,FRA,A,-0.04191618900264782,0.16864630881914877,-0.13692170003116955,-0.015080484194848753,0.13562578848301543,0.7076691427356917,True,JST/JKKST empirical 1890-2020; inflation 100% empirical,France
1980,GBR,A,0.17089032329820153,-0.06911557197821305,0.034483427021927415,-0.0002981086668107924,0.15154328150382912,0.9835682209073603,True,JST/JKKST empirical 1890-2020; inflation 100% empirical,United Kingdom
1980,ITA,A,0.515930160095817,0.08794431703166206,-0.10917640974124276,-0.04420964550553719,0.2127659574468086,0.6797106144648372,True,JST/JKKST empirical 1890-2020; inflation 100% empirical,Italy
1980,JPN,A,-0.015501821481682998,-0.08913508463786934,-0.013217792077925727,0.026575287202321052,0.08058124141352563,2.016082804034318,True,JST/JKKST empirical 1890-2020; inflation 100% empirical,Japan
1980,NLD,A,0.11337012493247367,0.23270047228015,-0.03765018892319805,0.033634769819121724,0.06541501162033625,1.0484164412380617,True,JST/JKKST empirical 1900-2020; inflation 100% empirical,Netherlands
1980,NOR,A,-0.14053871731831757,0.12416386894210452,-0.016255560535348934,-0.03396154717876987,0.1089620675281393,1.0170210323636848,True,JST/JKKST empirical 1890-2020; inflation 100% empirical,Norway
1980,PRT,A,0.748812454212582,0.004657792848275166,0.0771603658157769,-0.07134343833354195,0.1839683752449921,0.5129307708621094,True,JST/JKKST empirical 1890-2020; inflation 100% empirical,Portugal
1980,SWE,A,0.1305867278518782,0.08119118436507522,-0.10546060965423865,-0.020756333903202306,0.13608087091757382,1.096384084817827,True,JST/JKKST empirical 1890-2020; inflation 100% empirical,Sweden
1980,USA,A,0.1650751938414705,0.042801627206308535,-0.12897714842946206,0.016799403235820298,0.11198600174978135,0.6194697672799048,True,JST/JKKST empirical 1890-2020; inflation 100% empirical,United States
1981,AUS,A,-0.18681216994349104,-0.06709975692991998,-0.09142966917384432,0.032446188770159035,0.09691754380607986,0.6244547430098418,True,JST/JKKST empirical 1900-2020; inflation 100% empirical,Australia
1981,BEL,A,0.031941710702974246,0.10370836694664387,-0.03346964593521551,0.07078412673913737,0.07631405322190465,1.101077385589799,True,JST/JKKST empirical 1890-2020; inflation 100% empirical,Belgium
1981,CHE,A,-0.1727431327440131,-0.0645534898397262,-0.0431717648755503,-0.033393336306831056,0.06490230689600196,1.5691174777274606,True,JST/JKKST empirical 1900-2020; inflation 100% empirical,Switzerland
1981,DEU,A,-0.033175419328673184,0.055266426497558196,-0.011785429826099314,0.046442501886061915,0.06325001153455467,3.9972022100840845,True,JST/JKKST empirical 1890-2020; inflation 100% empirical,Germany
1981,DNK,A,0.5886636091698991,0.021333562707186893,0.04578138997780723,0.02770273779489041,0.11744374277075575,1.026545132941541,True,JST/JKKST empirical 1890-2020; inflation 100% empirical,Denmark
1981,ESP,A,0.2432780328868147,0.027443677486366447,-0.030249506027545392,0.011720916452212293,0.14552011754912875,0.6793520623891481,True,JST/JKKST empirical 1900-2020; inflation 100% empirical,Spain
1981,FIN,A,0.1063887807672923,-0.025956037017395017,0.006931349910948681,-0.004876136460160718,0.12007832447063782,1.0017565141211444,True,JST/JKKST empirical 1896-2020; inflation 100% empirical,Finland
1981,FRA,A,-0.21599756187021157,0.10958162737856303,-0.1099046498115851,0.017522874836058522,0.13314405568007137,0.6622908246002335,True,JST/JKKST empirical 1890-2020; inflation 100% empirical,France
1981,GBR,A,0.01625627052057732,0.08863366344063595,-0.016303804510345965,0.010466408341714972,0.11809754131398598,0.9248479715214251,True,JST/JKKST empirical 1890-2020; inflation 100% empirical,United Kingdom
1981,ITA,A,-0.08072995995270449,0.07114617637583076,-0.1262872711894043,0.01619782003950565,0.17794486215538852,0.652649975970227,True,JST/JKKST empirical 1890-2020; inflation 100% empirical,Italy
1981,JPN,A,0.12067515488640312,-0.006476173223855963,0.08609236182223934,0.024255402882042976,0.04889971511903801,2.0521510401895644,True,JST/JKKST empirical 1890-2020; inflation 100% empirical,Japan
1981,NLD,A,-0.06878331722839781,0.06114109179515981,-0.016079742390717522,0.03993700489298191,0.0674845330268452,1.0149300414908171,True,JST/JKKST empirical 1900-2020; inflation 100% empirical,Netherlands
1981,NOR,A,0.06399591009886607,-0.05070704191722886,-0.17452204096175283,-0.05346416375111862,0.13667117726657518,1.083930667811322,True,JST/JKKST empirical 1890-2020; inflation 100% empirical,Norway
1981,PRT,A,-0.4064699414432089,0.05662046527330422,-0.05644000927765214,-0.058923223867463514,0.16079795740860248,0.5087931135019095,True,JST/JKKST empirical 1890-2020; inflation 100% empirical,Portugal
1981,SWE,A,0.4576075186222899,0.0782152322341636,0.0010592899261376854,-0.003255494771313816,0.12114989733059556,1.0142593985071764,True,JST/JKKST empirical 1890-2020; inflation 100% empirical,Sweden
1981,USA,A,-0.107281264680954,-0.11438750722444502,-0.0868780254480519,0.059113331605083586,0.09441384736428016,0.7126854229857097,True,JST/JKKST empirical 1890-2020; inflation 100% empirical,United States
1982,AUS,A,-0.23793590440509993,0.022083799617940603,0.07368455994317435,0.03146319146623888,0.11145507019303702,0.6400279823332611,True,JST/JKKST empirical 1900-2020; inflation 100% empirical,Australia
1982,BEL,A,0.17741261300814815,0.08479329624136822,0.10455451434972773,0.04934497360469825,0.08724969350224776,1.0408381525833923,True,JST/JKKST empirical 1890-2020; inflation 100% empirical,Belgium
1982,CHE,A,0.07193577437788834,0.0167165628310173,0.047892197126741864,-0.041007970927824045,0.05655205636272265,1.5856507992132418,True,JST/JKKST empirical 1900-2020; inflation 100% empirical,Switzerland
1982,DEU,A,0.09068003946423064,-0.03469204567435802,0.1263741874962867,0.03229059384695354,0.05266870024658199,4.23450671724894,True,JST/JKKST empirical 1890-2020; inflation 100% empirical,Germany
1982,DNK,A,0.22472445657065876,-0.004087330731856298,0.019565074099308966,0.06172783645191049,0.10120813320194588,1.0475833994759989,True,JST/JKKST empirical 1890-2020; inflation 100% empirical,Denmark
1982,ESP,A,-0.12597337280526155,0.1096173327454193,0.004294253547505011,0.02411428427397211,0.14413825279377424,0.6396566808940083,True,JST/JKKST empirical 1900-2020; inflation 100% empirical,Spain
1982,FIN,A,0.2924418501055237,0.06288420784960747,0.026062750987015715,0.019132281046259525,0.09567065437219346,0.9586869009373751,True,JST/JKKST empirical 1896-2020; inflation 100% empirical,Finland
1982,FRA,A,-0.014080943837896154,0.017471967649283826,0.08624112890059576,0.025822177091398224,0.11978471952380554,0.6723455515828152,True,JST/JKKST empirical 1890-2020; inflation 100% empirical,France
1982,GBR,A,0.18851923111797575,0.05404723303269021,0.42004195103131714,0.030237142638827486,0.08111031002162972,0.8973974396932729,True,JST/JKKST empirical 1890-2020; inflation 100% empirical,United Kingdom
1982,ITA,A,-0.2162267216762198,-0.035259699748011464,-0.03839231000521948,0.02624685798092341,0.16382978723404262,0.705692112667914,True,JST/JKKST empirical 1890-2020; inflation 100% empirical,Italy
1982,JPN,A,-0.02016684406237823,0.013678234774192166,0.0735338803743446,0.041435216291039856,0.02680654870597854,2.09141447167751,True,JST/JKKST empirical 1890-2020; inflation 100% empirical,Japan
1982,NLD,A,0.17231398808708587,-0.036938629806947954,0.2853989067072462,0.020777942439953456,0.058620707735633104,1.0718841200055205,True,JST/JKKST empirical 1900-2020; inflation 100% empirical,Netherlands
1982,NOR,A,-0.21067630129395776,0.07835217805878969,0.030350872979590715,-0.02948191185750948,0.1134259259259256,1.0539048097566868,True,JST/JKKST empirical 1890-2020; inflation 100% empirical,Norway
1982,PRT,A,-0.30930652017688853,0.11011220280846734,-0.050370664132470155,-0.08155042586557948,0.22399207193270798,0.48392302153988886,True,JST/JKKST empirical 1890-2020; inflation 100% empirical,Portugal
1982,SWE,A,0.29240381365685963,0.1644216256517732,0.02968135247315007,0.024901572057581367,0.08547008547008539,0.8918448721229268,True,JST/JKKST empirical 1890-2020; inflation 100% empirical,Sweden
1982,USA,A,0.11421685537039217,-0.09658761788106474,0.28576978626897764,0.058771012127399436,0.06038820992092031,0.8015812614091082,True,JST/JKKST empirical 1890-2020; inflation 100% empirical,United States
1983,AUS,A,0.48664707512684413,0.24488761431346417,0.05100302592911343,0.008602690068387764,0.10113560353860218,0.6873954040235063,True,JST/JKKST empirical 1900-2020; inflation 100% empirical,Australia
1983,BEL,A,0.3459311285075517,0.4096019924044827,0.12325473319882807,0.026677154579396012,0.07667731629392982,1.0020556856642544,True,JST/JKKST empirical 1890-2020; inflation 100% empirical,Belgium
1983,CHE,A,0.23625715000841563,0.36227646228678245,0.0030718141996401993,-0.01091951347286868,0.02967690326109862,1.5843017325980746,True,JST/JKKST empirical 1900-2020; inflation 100% empirical,Switzerland
1983,DEU,A,0.34909729364161524,0.42080760433346764,0.015788509083393132,0.020207953600125395,0.03276003497611435,4.045917852406137,True,JST/JKKST empirical 1890-2020; inflation 100% empirical,Germany
1983,DNK,A,0.6990560826054222,0.38651287484678765,0.57679704239248,0.055203882632621104,0.0690824886436121,1.0082452785054539,True,JST/JKKST empirical 1890-2020; inflation 100% empirical,Denmark
1983,ESP,A,0.0021823622818717414,0.4472044307659149,-0.017671403073400316,0.0648717309854423,0.1217579466465375,0.6098491230498339,True,JST/JKKST empirical 1900-2020; inflation 100% empirical,Spain
1983,FIN,A,0.5577756637609805,0.275581170346179,0.010531057093282392,0.05816115623492624,0.08365661369040178,1.0031879718808838,True,JST/JKKST empirical 1896-2020; inflation 100% empirical,Finland
1983,FRA,A,0.44956610973498456,0.44706749010902325,0.13206776236560525,0.02808147364150515,0.09459548472353196,0.6286866770475033,True,JST/JKKST empirical 1890-2020; inflation 100% empirical,France
1983,GBR,A,0.227228790587912,0.3620411002704098,0.027572082948089882,0.04436100966823542,0.04934978326108719,0.8971538702237529,True,JST/JKKST empirical 1890-2020; inflation 100% empirical,United Kingdom
1983,ITA,A,0.15643783448415505,0.36147204039063197,0.027913498678846294,0.028524090822613868,0.1462522851919561,0.7080941335034302,True,JST/JKKST empirical 1890-2020; inflation 100% empirical,Italy
1983,JPN,A,0.20126632885696427,0.24100346368604386,0.09212288377634703,0.04494516755052946,0.018161174381973844,2.2851488566343243,True,JST/JKKST empirical 1890-2020; inflation 100% empirical,Japan
1983,NLD,A,0.5610671851371369,0.4418116864721604,-0.0022329103670705175,0.023935736696535814,0.028230219293456482,1.000869280374225,True,JST/JKKST empirical 1900-2020; inflation 100% empirical,Netherlands
1983,NOR,A,0.7784519077594902,0.25606334957387156,0.10078258389176109,-0.0002863925609851714,0.08411048411048383,1.1066815597796313,True,JST/JKKST empirical 1890-2020; inflation 100% empirical,Norway
1983,PRT,A,-0.23233785481497682,0.549737184080451,-0.060698387442833845,-0.057815959184474575,0.2550010861193941,0.43632912023573817,True,JST/JKKST empirical 1890-2020; inflation 100% empirical,Portugal
1983,SWE,A,0.5547751988340544,0.26692950844492414,0.06710485856312709,0.007410941477220545,0.08942632170978637,0.9392704292669604,True,JST/JKKST empirical 1890-2020; inflation 100% empirical,Sweden
1983,USA,A,0.17980901428022378,0.22688423583112804,-0.028789887512986834,0.045990463767699774,0.042711864406779654,0.886265980639717,True,JST/JKKST empirical 1890-2020; inflation 100% empirical,United States
1984,AUS,A,-0.03319077007067894,0.0664454832535335,0.09540132802740797,0.06767484669177559,0.03950186735568528,0.7006604459197128,True,JST/JKKST empirical 1900-2020; inflation 100% empirical,Australia
1984,BEL,A,0.172132966818749,0.07201179651127299,0.06882454375042801,0.047722908450924306,0.06344911851981139,1.0042939062523524,True,JST/JKKST empirical 1890-2020; inflation 100% empirical,Belgium
1984,CHE,A,0.01559421957741347,0.17564080307103525,0.003354000924738809,0.0041343431749538695,0.02915180068816081,1.4688264341982298,True,JST/JKKST empirical 1900-2020; inflation 100% empirical,Switzerland
1984,DEU,A,0.08379494979430113,0.14531769993236043,0.10529976246359252,0.03063336748661971,0.02407901118393796,3.830432700472019,True,JST/JKKST empirical 1890-2020; inflation 100% empirical,Germany
1984,DNK,A,0.031509406889591585,0.08860705622286424,-0.021445125785088726,0.05157290501775047,0.06290775889338462,1.004193270579331,True,JST/JKKST empirical 1890-2020; inflation 100% empirical,Denmark
1984,ESP,A,0.3183913934031368,-0.015046612574300622,0.049919338171972916,0.01189242193196538,0.11278380150326628,0.6552543621396726,True,JST/JKKST empirical 1900-2020; inflation 100% empirical,Spain
1984,FIN,A,-0.09288699941339273,0.0720513460298442,0.03666894644489194,0.08812316789767483,0.07067382643339681,1.021078830511124,True,JST/JKKST empirical 1896-2020; inflation 100% empirical,Finland
1984,FRA,A,0.06324549707690874,0.08047616735932439,0.13140029827375477,0.037771777343797774,0.07673802622473191,0.6294313706604264,True,JST/JKKST empirical 1890-2020; inflation 100% empirical,France
1984,GBR,A,0.26200429471626907,0.21382453971660742,-0.004814158349602415,0.048360562919934624,0.04258023514458209,0.7967667552709015,True,JST/JKKST empirical 1890-2020; inflation 100% empirical,United Kingdom
1984,ITA,A,0.08373582961319159,0.06315922420154707,0.14636362550927573,0.04079519195093528,0.10845295055821369,0.7188924167354687,True,JST/JKKST empirical 1890-2020; inflation 100% empirical,Italy
1984,JPN,A,0.2469278412129634,0.05810822534042348,0.10535916028240955,0.03785912452751461,0.0222965472339971,2.30814831040825,True,JST/JKKST empirical 1890-2020; inflation 100% empirical,Japan
1984,NLD,A,0.240395767082344,0.1273110404072202,0.12613382659331074,0.02429479518350064,0.032734915834949474,0.9534885535581079,True,JST/JKKST empirical 1900-2020; inflation 100% empirical,Netherlands
1984,NOR,A,0.24468116680481744,0.11156167927767746,0.0782847227574286,0.02296681013043589,0.06279107994082689,1.0679398328259808,True,JST/JKKST empirical 1890-2020; inflation 100% empirical,Norway
1984,PRT,A,-0.16887235386327482,0.023282884152039163,0.01272590983934152,-0.058437387467479174,0.2880003776435045,0.46627480329860854,True,JST/JKKST empirical 1890-2020; inflation 100% empirical,Portugal
1984,SWE,A,-0.1609624106059454,0.06641168051575996,0.05535080949161508,0.025443357296188074,0.08002065049044926,0.9646910772123194,True,JST/JKKST empirical 1890-2020; inflation 100% empirical,Sweden
1984,USA,A,0.004606997815150615,-0.03120704336394997,0.10395979645026032,0.05955911713295392,0.041612483745123274,0.9863409728508692,True,JST/JKKST empirical 1890-2020; inflation 100% empirical,United States
1985,AUS,A,0.3312841566252489,0.9662599572416726,-0.010366210280061683,0.08132878611839556,0.06739043422146018,0.49584835110211883,True,JST/JKKST empirical 1900-2020; inflation 100% empirical,Australia
1985,BEL,A,0.3174315288459999,0.2857460385238322,0.21830816404148523,0.044946233284951065,0.048666393106278294,1.0633205193569277,True,JST/JKKST empirical 1890-2020; inflation 100% empirical,Belgium
1985,CHE,A,0.5598677889729591,0.29710556878779104,0.0246620074862407,-0.012736278064446105,0.03442472110828976,1.52460744669324,True,JST/JKKST empirical 1900-2020; inflation 100% empirical,Switzerland
1985,DEU,A,0.6309220512996778,0.27181396414595316,0.07904849845838147,0.029463700343521415,0.021823303523831994,4.035095937923075,True,JST/JKKST empirical 1890-2020; inflation 100% empirical,Germany
1985,DNK,A,0.018629844754003422,0.3050034675706763,0.3803214779327251,0.05401049689930426,0.04678748944265476,1.063727165665094,True,JST/JKKST empirical 1890-2020; inflation 100% empirical,Denmark
1985,ESP,A,0.23572747291318907,0.39164039346418544,0.03895580927794273,0.025696842036531553,0.08814315492914493,0.646489644917135,True,JST/JKKST empirical 1900-2020; inflation 100% empirical,Spain
1985,FIN,A,0.09678425323680195,0.3406513691082609,0.07607979526580366,0.07172544610329701,0.05867443240036674,1.0503549740347118,True,JST/JKKST empirical 1896-2020; inflation 100% empirical,Finland
1985,FRA,A,0.29551514724469197,0.25748725435536923,0.14229171614261604,0.03876995600016109,0.058310997385451424,0.6811639873171043,True,JST/JKKST empirical 1890-2020; inflation 100% empirical,France
1985,GBR,A,0.1450053426954485,0.3004192188355732,0.1429258010269685,0.06364444126317559,0.04922279792746087,0.841648757146479,True,JST/JKKST empirical 1890-2020; inflation 100% empirical,United Kingdom
1985,ITA,A,0.8307916680657657,0.31040414781933334,0.05309037234001002,0.041233383207452956,0.09208633093525198,0.729857398755749,True,JST/JKKST empirical 1890-2020; inflation 100% empirical,Italy
1985,JPN,A,0.1918710563781485,0.3334731162264417,0.09705561637061444,0.052488743333182875,0.01962924499818164,2.375737122564563,True,JST/JKKST empirical 1890-2020; inflation 100% empirical,Japan
1985,NLD,A,0.3020351130559109,0.291578178755294,0.0722556669265908,0.039914748634500175,0.02223924226081464,1.0060094054693038,True,JST/JKKST empirical 1900-2020; inflation 100% empirical,Netherlands
1985,NOR,A,0.2850955015689638,0.3391239094246954,0.01334384892929874,0.031364685972858464,0.05665824612053294,1.0900577195203518,True,JST/JKKST empirical 1890-2020; inflation 100% empirical,Norway
1985,PRT,A,0.9806113879241469,0.27142443680601946,0.0880835545244576,0.00473398040840034,0.19600513102437223,0.4831655756663191,True,JST/JKKST empirical 1890-2020; inflation 100% empirical,Portugal
1985,SWE,A,0.19889019539816943,0.34374762800880054,0.033856774294684255,0.04320569652218098,0.07361376673040154,0.9854475209685282,True,JST/JKKST empirical 1890-2020; inflation 100% empirical,Sweden
1985,USA,A,0.26478400558467086,0.6600391155424905,0.25039906126228395,0.04461131807400953,0.03433208489388262,0.8223318749600768,True,JST/JKKST empirical 1890-2020; inflation 100% empirical,United States
1986,AUS,A,0.3851642037484011,0.5245193262531167,0.11963259737641674,0.05777288020452831,0.09084538389003094,0.4422979049612263,True,JST/JKKST empirical 1900-2020; inflation 100% empirical,Australia
1986,BEL,A,0.41822454953573107,0.26953775132184354,0.26070932728527363,0.06713674312782092,0.012991078416027424,1.1242472147335678,True,JST/JKKST empirical 1890-2020; inflation 100% empirical,Belgium
1986,CHE,A,0.08893047721524816,0.26371998567968746,0.06372835573202296,0.02106687577685995,0.007524604829468373,1.6454643366037978,True,JST/JKKST empirical 1900-2020; inflation 100% empirical,Switzerland
1986,DEU,A,0.15179298896617355,0.2827906119706005,0.08756447869777695,0.04703891436672469,-0.0012501119582181142,4.280450812282261,True,JST/JKKST empirical 1890-2020; inflation 100% empirical,Germany
1986,DNK,A,-0.008667940407017904,0.29365410419904125,-0.11298174937743166,0.053500298209180785,0.03678185836003278,1.128269485671865,True,JST/JKKST empirical 1890-2020; inflation 100% empirical,Denmark
1986,ESP,A,0.9601850443746038,0.22876090924482528,0.0332807639767525,0.024771081385204896,0.08795842349049576,0.6858686482506049,True,JST/JKKST empirical 1900-2020; inflation 100% empirical,Spain
1986,FIN,A,0.6099689780889033,0.37371673250385085,0.11669713332362952,0.08749048967221063,0.028997503947837622,1.022836830281708,True,JST/JKKST empirical 1896-2020; inflation 100% empirical,Finland
1986,FRA,A,0.3481875098021803,0.3438733693154512,0.1901094498628373,0.05075140627175356,0.025385259178140718,0.685199242836992,True,JST/JKKST empirical 1890-2020; inflation 100% empirical,France
1986,GBR,A,0.23122436059117812,0.5506210846389838,0.08916357783812767,0.06788150072286303,0.03326071169208422,0.7434695188863271,True,JST/JKKST empirical 1890-2020; inflation 100% empirical,United Kingdom
1986,ITA,A,0.6382187694719397,0.20779970801895575,0.11404643034281814,0.05299828487308078,0.05797101449275344,0.7992578703146441,True,JST/JKKST empirical 1890-2020; inflation 100% empirical,Italy
1986,JPN,A,0.30852548083940423,0.2705219782835653,0.05415434534253838,0.042920668707346454,0.006417104983667654,2.5235721430152163,True,JST/JKKST empirical 1890-2020; inflation 100% empirical,Japan
1986,NLD,A,0.09392042130376654,0.28744300972711523,0.07636931489842058,0.055760594589562285,0.0010002991771849157,1.0665569706192484,True,JST/JKKST empirical 1900-2020; inflation 100% empirical,Netherlands
1986,NOR,A,-0.1288348069920927,0.5098368505857311,0.06401708421364538,0.020834958506104728,0.07186768149883016,1.0026895866617984,True,JST/JKKST empirical 1890-2020; inflation 100% empirical,Norway
1986,PRT,A,0.7233597687200821,0.31419684415890603,0.15363287645806967,0.024352291017051275,0.11799916240206731,0.48761444186888103,True,JST/JKKST empirical 1890-2020; inflation 100% empirical,Portugal
1986,SWE,A,0.473802234463486,0.3811099069322694,0.19761175129822006,0.045766769770321236,0.04229741763134465,0.9607226487872015,True,JST/JKKST empirical 1890-2020; inflation 100% empirical,Sweden
1986,USA,A,0.21785596622903158,0.6112336929826909,0.23799981666488002,0.046861667959362086,0.017501508750754402,0.70077293536068,True,JST/JKKST empirical 1890-2020; inflation 100% empirical,United States
1987,AUS,A,-0.1667338410060818,0.06514541609364954,0.0693231024694565,0.03972382640046224,0.08488745091606797,0.4222165332342314,True,JST/JKKST empirical 1900-2020; inflation 100% empirical,Australia
1987,BEL,A,-0.1230500258978624,0.009004721556888695,0.013340917375886496,0.05452488460845473,0.015528430160692386,1.12671817543408,True,JST/JKKST empirical 1890-2020; inflation 100% empirical,Belgium
1987,CHE,A,-0.28516756024071466,-0.02234169568379274,0.030603197544417426,-0.008723605916304833,0.01447487928236768,1.71688037886505,True,JST/JKKST empirical 1900-2020; inflation 100% empirical,Switzerland
1987,DEU,A,-0.33669318007517113,0.029913073049532724,0.06556926042042432,0.03471609253357255,0.002419899241152823,4.2632382559015545,True,JST/JKKST empirical 1890-2020; inflation 100% empirical,Germany
1987,DNK,A,-0.17176759403458797,-0.000211627914254775,0.0495026700639829,0.05881010309256052,0.0399252213348158,1.1441083572779662,True,JST/JKKST empirical 1890-2020; inflation 100% empirical,Denmark
1987,ESP,A,0.4055326852287564,-0.06008046592703231,0.06011137285225243,0.10277731000781754,0.052477522445466995,0.7098845000126985,True,JST/JKKST empirical 1900-2020; inflation 100% empirical,Spain
1987,FIN,A,0.25960059493195775,-0.039001756023957945,-0.042819552817473294,0.056534476578235626,0.04081632653061229,1.0471532126554972,True,JST/JKKST empirical 1896-2020; inflation 100% empirical,Finland
1987,FRA,A,-0.26186325809693245,0.009096022758988909,-0.03348464828198383,0.04537694742613718,0.03288898214001512,0.6926507928886505,True,JST/JKKST empirical 1890-2020; inflation 100% empirical,France
1987,GBR,A,0.05276802369730538,-0.06145679168624707,0.14237861760271153,0.05837948575262719,0.032049479898791366,0.7884925033864429,True,JST/JKKST empirical 1890-2020; inflation 100% empirical,United Kingdom
1987,ITA,A,-0.31729977412257837,0.040674962737880405,0.0669199558911795,0.05726144962482316,0.04732254047322537,0.7872092034163356,True,JST/JKKST empirical 1890-2020; inflation 100% empirical,Italy
1987,JPN,A,0.4735992964944933,-0.07363832563483763,0.04485492209663744,0.03558738962032826,0.0010626913494935497,2.6349298025686254,True,JST/JKKST empirical 1890-2020; inflation 100% empirical,Japan
1987,NLD,A,-0.17304335684181105,0.02399889546953693,0.08098318376164304,0.06110223350007926,-0.00707807848966735,1.0573503778797213,True,JST/JKKST empirical 1900-2020; inflation 100% empirical,Netherlands
1987,NOR,A,-0.1798014112642221,-0.031111275004788608,0.059220690608654536,0.019903883818024326,0.08725931995083869,1.0479918451302128,True,JST/JKKST empirical 1890-2020; inflation 100% empirical,Norway
1987,PRT,A,0.9410854824279618,-0.0535060086346657,0.05361062441224829,0.04158012759346774,0.09153867940905047,0.4848564123373517,True,JST/JKKST empirical 1890-2020; inflation 100% empirical,Portugal
1987,SWE,A,-0.0977770751693332,0.027072724613090626,0.004498187614391025,0.04337602316050737,0.04228961982058954,0.9453412206152132,True,JST/JKKST empirical 1890-2020; inflation 100% empirical,Sweden
1987,USA,A,-0.028551493887789547,0.2126476998639375,-0.06336402338117775,0.033069748961187306,0.03440094899169632,0.5868877677230001,True,JST/JKKST empirical 1890-2020; inflation 100% empirical,United States
1988,AUS,A,0.1293294906884077,-0.08406870850829962,0.0433881257058768,0.045787696928881294,0.07231770741505783,0.5511516927620648,True,JST/JKKST empirical 1900-2020; inflation 100% empirical,Australia
1988,BEL,A,0.5058766112038564,0.30102110716339503,0.05759504778263902,0.05492133918658282,0.011639406618485948,1.040291687523704,True,JST/JKKST empirical 1890-2020; inflation 100% empirical,Belgium
1988,CHE,A,0.21353508210197325,0.37318789725739765,0.01026480839020949,0.029605101481911866,0.018594407411534286,1.5277581610245725,True,JST/JKKST empirical 1900-2020; inflation 100% empirical,Switzerland
1988,DEU,A,0.2629062930626125,0.31475988944332367,0.03630145373814786,0.02700979288226346,0.012736203298781001,3.94314015775809,True,JST/JKKST empirical 1890-2020; inflation 100% empirical,Germany
1988,DNK,A,0.10383687970541944,0.2835603205682802,0.28659198911683004,0.03791756205297614,0.045627361461399785,1.0908007238239494,True,JST/JKKST empirical 1890-2020; inflation 100% empirical,Denmark
1988,ESP,A,0.09105808751034794,0.1767706346425424,0.08325110142231629,0.06157154196308823,0.04837022956656711,0.7351139110224023,True,JST/JKKST empirical 1900-2020; inflation 100% empirical,Spain
1988,FIN,A,0.282604003368665,0.17970343648194276,0.011971886224617645,0.07098524244539584,0.05096374510993007,1.0709110993796889,True,JST/JKKST empirical 1896-2020; inflation 100% empirical,Finland
1988,FRA,A,0.5808053569595202,0.2850824775020613,0.15274701498798393,0.04695695933163324,0.027008152750810588,0.6445532483403089,True,JST/JKKST empirical 1890-2020; inflation 100% empirical,France
1988,GBR,A,0.07444893010498577,0.18289795628872985,0.02996593272280723,0.058219477708382206,0.03759193680196127,0.8132483349776795,True,JST/JKKST empirical 1890-2020; inflation 100% empirical,United Kingdom
1988,ITA,A,0.21758547401670936,0.2559732420851202,0.03905127827094934,0.057780118178727635,0.0511296076099883,0.7617586495374294,True,JST/JKKST empirical 1890-2020; inflation 100% empirical,Italy
1988,JPN,A,0.08854205320660613,0.20048393327642366,0.041326678504788994,0.03068876879500748,0.007430982822192345,2.6781096877035626,True,JST/JKKST empirical 1890-2020; inflation 100% empirical,Japan
1988,NLD,A,0.3422321005567548,0.31578191265070643,0.054478680315623196,0.04040114239852288,0.0074639744135232,0.9735694130866436,True,JST/JKKST empirical 1900-2020; inflation 100% empirical,Netherlands
1988,NOR,A,0.25358389832624884,0.1598553163581471,0.13650677258133115,0.04162679188334084,0.06698484467889165,1.0905443741416894,True,JST/JKKST empirical 1890-2020; inflation 100% empirical,Norway
1988,PRT,A,-0.34254846528887406,0.24636130286147062,0.012906333096406541,0.027477408479106513,0.09947267096342172,0.4862559542897274,True,JST/JKKST empirical 1890-2020; inflation 100% empirical,Portugal
1988,SWE,A,0.4686925128667878,0.15427950136766344,0.10792979055555363,0.03477923977199593,0.05819672131147535,0.9768401176068892,True,JST/JKKST empirical 1890-2020; inflation 100% empirical,Sweden
1988,USA,A,0.14634880388911164,0.1382626490700578,0.03719903819786641,0.039716436576632264,0.03612385321100908,0.6251683739080589,True,JST/JKKST empirical 1890-2020; inflation 100% empirical,United States
1989,AUS,A,0.0961382723715336,0.25923469868010374,0.05497963366487557,0.08591137426817896,0.0755942201288442,0.5259260073636381,True,JST/JKKST empirical 1900-2020; inflation 100% empirical,Australia
1989,BEL,A,0.11196686545144141,0.1590447681608782,-0.07379600579581602,0.0540636292587493,0.031057301849902297,1.072479703231996,True,JST/JKKST empirical 1890-2020; inflation 100% empirical,Belgium
1989,CHE,A,0.18831499376386462,0.24431818330960486,-0.10883393120953133,0.06328348856908717,0.031592241214886574,1.467495536746893,True,JST/JKKST empirical 1900-2020; inflation 100% empirical,Switzerland
1989,DEU,A,0.2792789212212887,0.14678355608871851,-0.011363727718116667,0.03707755286452441,0.027782345039029765,4.068798922053301,True,JST/JKKST empirical 1890-2020; inflation 100% empirical,Germany
1989,DNK,A,0.35396089317781043,0.12794596212878395,-0.02469770101173785,0.04601264648321868,0.04772729472417492,1.1383668208971505,True,JST/JKKST empirical 1890-2020; inflation 100% empirical,Denmark
1989,ESP,A,0.05466664046070813,0.13218541525632643,0.03215232971269821,0.07115948257031901,0.06792376403447986,0.7771946297655676,True,JST/JKKST empirical 1900-2020; inflation 100% empirical,Spain
1989,FIN,A,-0.20747192583484253,0.15953808959927218,0.0010089071156207385,0.06905137335692024,0.06633478531425019,1.1229903855465924,True,JST/JKKST empirical 1896-2020; inflation 100% empirical,Finland
1989,FRA,A,0.26437922887819587,0.14127524258171875,0.019953779470516686,0.05384981609820905,0.03498302207007398,0.6686219886016797,True,JST/JKKST empirical 1890-2020; inflation 100% empirical,France
1989,GBR,A,0.2872601646622832,0.33624993652356405,0.0282447087626454,0.07642140254439656,0.052375951693357736,0.7270462156922042,True,JST/JKKST empirical 1890-2020; inflation 100% empirical,United Kingdom
1989,ITA,A,0.059155288087928026,0.1456804917994503,0.044654526966956265,0.059855120694929376,0.06221719457013575,0.7962307326011201,True,JST/JKKST empirical 1890-2020; inflation 100% empirical,Italy
1989,JPN,A,0.18079539968487457,0.40204003573179725,-0.029975243106854288,0.02841369536567928,0.02212855175282824,2.2993376223579873,True,JST/JKKST empirical 1890-2020; inflation 100% empirical,Japan
1989,NLD,A,0.26131440037925446,0.17434225167159778,-0.03366725567621187,0.0623866213401969,0.010821588620352873,0.9835509897648193,True,JST/JKKST empirical 1900-2020; inflation 100% empirical,Netherlands
1989,NOR,A,0.528190784567619,0.17679692043448791,0.10492973357475988,0.0453783936730634,0.045554422035626985,1.084280640392579,True,JST/JKKST empirical 1890-2020; inflation 100% empirical,Norway
1989,PRT,A,0.16952133361709953,0.12923086790275073,-0.004726152391169469,0.01977766303792694,0.12600301475402342,0.5120885443592852,True,JST/JKKST empirical 1890-2020; inflation 100% empirical,Portugal
1989,SWE,A,0.19401255037413234,0.1822034649086166,-0.04426925168054119,0.025659098331931807,0.064291247095275,0.9842160960851536,True,JST/JKKST empirical 1890-2020; inflation 100% empirical,Sweden
1989,USA,A,0.24627381029083506,0.18912637161191515,0.1330585421348427,0.04515692234149915,0.043718871057000674,0.6247362887682906,True,JST/JKKST empirical 1890-2020; inflation 100% empirical,United States
1990,AUS,A,-0.21042032953293321,-0.09433674659960078,0.10062794326838254,0.06412250859766888,0.07272265806943823,0.4682581529577234,True,JST/JKKST empirical 1900-2020; inflation 100% empirical,Australia
1990,BEL,A,-0.22359767393983832,-0.2118780835529822,0.019982877992423376,0.060127867286992265,0.034497848442856194,1.0895165201186003,True,JST/JKKST empirical 1890-2020; inflation 100% empirical,Belgium
1990,CHE,A,-0.2345620317817778,-0.2540773682471752,-0.048553116715276734,0.03167971108637002,0.054106218067169864,1.571114242586041,True,JST/JKKST empirical 1900-2020; inflation 100% empirical,Switzerland
1990,DEU,A,-0.0942129487005261,-0.201100250927003,-0.012559999575334824,0.05089299665668334,0.026964692401965307,4.040096759351389,True,JST/JKKST empirical 1890-2020; inflation 100% empirical,Germany
1990,DNK,A,0.08458200316262232,-0.21823140405071073,0.05200798469147383,0.08039035492797941,0.02641604871288461,1.137233762687834,True,JST/JKKST empirical 1890-2020; inflation 100% empirical,Denmark
1990,ESP,A,-0.17352249502528472,-0.22513849237226213,0.06744333842469175,0.07531110742351887,0.06721052885587131,0.7989795681338898,True,JST/JKKST empirical 1900-2020; inflation 100% empirical,Spain
1990,FIN,A,-0.345537213602066,-0.19744264459489402,0.05128668486475951,0.06574852760314931,0.0610304727951787,1.1323276641951707,True,JST/JKKST empirical 1896-2020; inflation 100% empirical,Finland
1990,FRA,A,-0.24378995035847906,-0.1892666099118957,0.0035162220980775594,0.06446464723688683,0.031942833802948156,0.6624699941019958,True,JST/JKKST empirical 1890-2020; inflation 100% empirical,France
1990,GBR,A,-0.1550252864097329,-0.2756762877823652,0.011574947790402579,0.06653396775355258,0.069726830485219,0.7946313977379877,True,JST/JKKST empirical 1890-2020; inflation 100% empirical,United Kingdom
1990,ITA,A,-0.3239856804609299,-0.20743040184848172,0.07652649658918387,0.055235210165381465,0.06496272630457933,0.8110469929165475,True,JST/JKKST empirical 1890-2020; inflation 100% empirical,Italy
1990,JPN,A,-0.1577976220042807,-0.14476701673089076,-0.04688590387933933,0.04175962295670965,0.03092783987808745,2.152615144647694,True,JST/JKKST empirical 1890-2020; inflation 100% empirical,Japan
1990,NLD,A,-0.15209849014575472,-0.19294355954459852,-0.02462259026743474,0.06079217039373375,0.024540931383522535,0.9717526628765432,True,JST/JKKST empirical 1900-2020; inflation 100% empirical,Netherlands
1990,NOR,A,-0.11442402928119111,-0.1988417694756005,0.07952295227948869,0.046458802879870253,0.04113033362104601,1.0754915836840364,True,JST/JKKST empirical 1890-2020; inflation 100% empirical,Norway
1990,PRT,A,-0.4086881210587151,-0.2509376830284331,0.028773685716161346,0.03088790634207461,0.1339981745039045,0.5541351700566847,True,JST/JKKST empirical 1890-2020; inflation 100% empirical,Portugal
1990,SWE,A,-0.3604325845307512,-0.21204630434920158,0.036161672574258175,-0.004981425557683106,0.10480349344978168,1.0110345974218597,True,JST/JKKST empirical 1890-2020; inflation 100% empirical,Sweden
1990,USA,A,-0.06820780546519722,-0.10641230039433736,0.004763061268242774,0.03065277642074893,0.049310710498409405,0.5577440340451804,True,JST/JKKST empirical 1890-2020; inflation 100% empirical,United States
1991,AUS,A,0.23519342737640514,0.03886870512255358,0.2580592255709835,0.06522918996725569,0.032227000000000006,0.4588322014373159,True,JST/JKKST empirical 1900-2020; inflation 100% empirical,Australia
1991,BEL,A,0.09070354040891027,0.0393102811275563,0.13018422884419611,0.05912496411040635,0.03207839819514935,1.076408536304313,True,JST/JKKST empirical 1890-2020; inflation 100% empirical,Belgium
1991,CHE,A,0.11172996618597963,0.04999986173972237,0.02820678687478595,0.016235201002404276,0.058440999999999965,1.5355160618434054,True,JST/JKKST empirical 1900-2020; inflation 100% empirical,Switzerland
1991,DEU,A,0.08895859977767606,0.04080595160931577,0.07270140440318107,0.050212113751857856,0.0363620687590307,3.986545452699436,True,JST/JKKST empirical 1890-2020; inflation 100% empirical,Germany
1991,DNK,A,0.06835276675826596,0.06575853506724227,0.1705378291624251,0.07133544820156668,0.023951000000000056,1.0988883034016923,True,JST/JKKST empirical 1890-2020; inflation 100% empirical,Denmark
1991,ESP,A,-0.004949465525040608,0.00465413436823825,0.1148546268055961,0.06859895868604737,0.05934660003417136,0.8196101610853879,True,JST/JKKST empirical 1900-2020; inflation 100% empirical,Spain
1991,FIN,A,-0.22931153086640643,0.19078315672843882,0.09201275481167959,0.0877450797637429,0.041160000000000085,1.0015004721564806,True,JST/JKKST empirical 1896-2020; inflation 100% empirical,Finland
1991,FRA,A,0.12997916677514043,0.03736350674448996,0.13663194528936184,0.06081825391801088,0.032134073240969396,0.6541047681928696,True,JST/JKKST empirical 1890-2020; inflation 100% empirical,France
1991,GBR,A,0.12342989778239466,0.014982721187169812,0.10182748785041684,0.03057072101097469,0.07532649253731338,0.8010234521036826,True,JST/JKKST empirical 1890-2020; inflation 100% empirical,United Kingdom
1991,ITA,A,-0.01231205895164611,0.023696135801572815,0.09376004868145849,0.05866948221499135,0.06299999999999994,0.8178232598943125,True,JST/JKKST empirical 1890-2020; inflation 100% empirical,Italy
1991,JPN,A,-0.1820857795067472,-0.02906437288022523,0.12397943498238262,0.04090355882841901,0.03300002013306291,2.3062357995880283,True,JST/JKKST empirical 1890-2020; inflation 100% empirical,Japan
1991,NLD,A,0.15121132983266605,0.03915812477465619,0.08982298803382771,0.05961573344322724,0.031333000000000055,0.9567219070512587,True,JST/JKKST empirical 1900-2020; inflation 100% empirical,Netherlands
1991,NOR,A,-0.1462876657822535,0.054809255980618365,0.11387724040791936,0.05104701416939483,0.03420682694733923,1.0628394846180325,True,JST/JKKST empirical 1890-2020; inflation 100% empirical,Norway
1991,PRT,A,-0.12296710016277235,-0.03323397828236552,0.10448165135367149,0.056886965772817266,0.11400276644964347,0.5938130759339766,True,JST/JKKST empirical 1890-2020; inflation 100% empirical,Portugal
1991,SWE,A,-0.006741210966449418,-0.05679401179534649,0.16910871664922467,-0.012453872662202659,0.09321475625823461,1.1003988634656945,True,JST/JKKST empirical 1890-2020; inflation 100% empirical,Sweden
1991,USA,A,0.17610081525356946,0.018817790959967384,0.12951360519399668,0.02119680694774395,0.036382011116725455,0.5584661412869844,True,JST/JKKST empirical 1890-2020; inflation 100% empirical,United States
1992,AUS,A,-0.0315482230276829,-0.014929564348989621,0.12103804626918602,0.052275340627038425,0.009859265452269561,0.4544967146995691,True,JST/JKKST empirical 1900-2020; inflation 100% empirical,Australia
1992,BEL,A,-0.03741445351483963,-0.06904225703899203,0.1719787723165862,0.06763656971185505,0.02431860099733596,1.1246359631912581,True,JST/JKKST empirical 1890-2020; inflation 100% empirical,Belgium
1992,CHE,A,0.1305815162070325,-0.08368400735494042,0.09602167279881657,0.02231890402950598,0.040526585799302905,1.6098817110625219,True,JST/JKKST empirical 1900-2020; inflation 100% empirical,Switzerland
1992,DEU,A,-0.06800778001306751,-0.08861926763432992,0.07948797277110553,0.04148273836795591,0.05057910005715471,4.257644759189529,True,JST/JKKST empirical 1890-2020; inflation 100% empirical,Germany
1992,DNK,A,-0.08845915570966612,-0.0654219192442338,0.05450808006143104,0.08755480660889225,0.020960963952376677,1.1478721943889056,True,JST/JKKST empirical 1890-2020; inflation 100% empirical,Denmark
1992,ESP,A,-0.13224060011911498,0.01729721635726955,-0.023451389647209275,0.06685802961749077,0.05924746466217412,0.7925995986113011,True,JST/JKKST empirical 1900-2020; inflation 100% empirical,Spain
1992,FIN,A,0.05266935792121075,0.11802625490145924,0.15668687706386453,0.05040284044843579,0.026019055668677238,0.8763443134772885,True,JST/JKKST empirical 1896-2020; inflation 100% empirical,Finland
1992,FRA,A,0.023412912654434903,-0.07060538690345286,0.05741231099626054,0.07803451445441945,0.02363760462693576,0.6817041503425201,True,JST/JKKST empirical 1890-2020; inflation 100% empirical,France
1992,GBR,A,0.14988442148879555,0.06331415980313237,0.1511078821236551,0.04487226292514168,0.04261548471047538,0.7305758668455399,True,JST/JKKST empirical 1890-2020; inflation 100% empirical,United Kingdom
1992,ITA,A,-0.0660377326809144,0.10594308975482836,0.03819828475145948,0.08791356367678538,0.05079962370649116,0.7278707487802419,True,JST/JKKST empirical 1890-2020; inflation 100% empirical,Italy
1992,JPN,A,-0.27316152548490324,-0.10675349170146431,0.09727617036147551,0.029653190212152403,0.016456909103997885,2.5462716296985803,True,JST/JKKST empirical 1890-2020; inflation 100% empirical,Japan
1992,NLD,A,0.045938005027873485,-0.082270161405126,0.138933828468641,0.059785182907324375,0.03183646794973116,1.0073521811104036,True,JST/JKKST empirical 1900-2020; inflation 100% empirical,Netherlands
1992,NOR,A,-0.06953657471011798,0.02616714339564674,0.1123090629181589,0.061635264238510956,0.023421162693432196,1.0154871764993334,True,JST/JKKST empirical 1890-2020; inflation 100% empirical,Norway
1992,PRT,A,-0.18468031711872068,-0.08954855687164265,0.07714827053535744,0.07167922415025507,0.08899890283389977,0.6399181426327463,True,JST/JKKST empirical 1890-2020; inflation 100% empirical,Portugal
1992,SWE,A,0.0026207124751296274,0.12936393178511874,0.08795585867363154,0.053868042810412575,0.022898463392588164,0.956443033907401,True,JST/JKKST empirical 1890-2020; inflation 100% empirical,Sweden
1992,USA,A,0.12522103089474124,-0.13766993253410897,0.04696622159824715,0.01166079601682335,0.024865919063871367,0.6194584395294558,True,JST/JKKST empirical 1890-2020; inflation 100% empirical,United States
1993,AUS,A,0.3795486053974242,0.3110499554553763,0.2305472042743566,0.031317675680807344,0.01813116603543352,0.4760131157787404,True,JST/JKKST empirical 1900-2020; inflation 100% empirical,Australia
1993,BEL,A,0.3098664969223266,0.4004354395609653,0.17061770655480268,0.05267683807050805,0.027475825275091736,1.1107878390610837,True,JST/JKKST empirical 1890-2020; inflation 100% empirical,Belgium
1993,CHE,A,0.4596712275598267,0.2841279876313201,0.1440177976628758,0.007812900355777197,0.033177885767831095,1.7124350865906528,True,JST/JKKST empirical 1900-2020; inflation 100% empirical,Switzerland
1993,DEU,A,0.40445591080623444,0.34459358048760835,0.09768941882056725,0.029021528281252262,0.044574844224746,4.350056413167219,True,JST/JKKST empirical 1890-2020; inflation 100% empirical,Germany
1993,DNK,A,0.020722738748329972,0.43374982366306014,0.2469950422848617,0.090338897506959,0.012578748706254084,1.12314027918577,True,JST/JKKST empirical 1890-2020; inflation 100% empirical,Denmark
1993,ESP,A,0.4927998383328047,0.5670463534566286,0.36681949351289167,0.07419110208932511,0.0456860654894935,0.6988488125256588,True,JST/JKKST empirical 1900-2020; inflation 100% empirical,Spain
1993,FIN,A,0.8889419917755625,0.39127897293622826,0.3518576108438445,0.03182515234747929,0.021006318745611985,0.8487533734927128,True,JST/JKKST empirical 1896-2020; inflation 100% empirical,Finland
1993,FRA,A,0.33628846863320283,0.38374749499931093,0.3106240989195388,0.06507750909691468,0.02104462771246296,0.6801337185667595,True,JST/JKKST empirical 1890-2020; inflation 100% empirical,France
1993,GBR,A,0.24429255119198334,0.3157969334177815,0.19788144479275904,0.026373933722921183,0.025065002600104025,0.7674980559488339,True,JST/JKKST empirical 1890-2020; inflation 100% empirical,United Kingdom
1993,ITA,A,0.44912448839540664,0.4608853000255875,0.34196120978116795,0.058427608941443054,0.04476275738585489,0.6867204590571468,True,JST/JKKST empirical 1890-2020; inflation 100% empirical,Italy
1993,JPN,A,0.11486472557352845,0.16846195879162829,0.1348985327397092,0.017033049593867755,0.013333342463974107,3.0106500241059604,True,JST/JKKST empirical 1890-2020; inflation 100% empirical,Japan
1993,NLD,A,0.4353750335316988,0.3692316369821316,0.15933142195461936,0.04162421469993127,0.02584180866348995,1.010458386968594,True,JST/JKKST empirical 1900-2020; inflation 100% empirical,Netherlands
1993,NOR,A,0.5582370981383014,0.3872377825975235,0.29788599917829095,0.04056370982970958,0.02271488897970375,1.0007227292081275,True,JST/JKKST empirical 1890-2020; inflation 100% empirical,Norway
1993,PRT,A,0.43893097809068493,0.49303253255357715,0.09072946955778649,0.06333318403488386,0.0650009337802373,0.5917838423720306,True,JST/JKKST empirical 1890-2020; inflation 100% empirical,Portugal
1993,SWE,A,0.49677634406955407,0.4825607859080192,0.2386360617714669,0.0028369450098169047,0.04653902798232701,0.8881977716458946,True,JST/JKKST empirical 1890-2020; inflation 100% empirical,Sweden
1993,USA,A,0.071437537435036,0.298628297293021,0.12600419486758319,0.006367050114751027,0.025214081826831602,0.6643935086135783,True,JST/JKKST empirical 1890-2020; inflation 100% empirical,United States
1994,AUS,A,-0.10506036315003286,-0.030986747509875956,-0.14073391566101467,0.03728579461505932,0.018949330257871377,0.49147854260278634,True,JST/JKKST empirical 1900-2020; inflation 100% empirical,Australia
1994,BEL,A,-0.052336698845057206,-0.027617572507264043,-0.055236196451723285,0.032212349796731266,0.023820341403258283,1.1392526915558794,True,JST/JKKST empirical 1890-2020; inflation 100% empirical,Belgium
1994,CHE,A,-0.08391733868428852,-0.004017398632783498,-0.03059057186834857,0.026353517737020438,0.008424468043969568,1.7206036085708485,True,JST/JKKST empirical 1900-2020; inflation 100% empirical,Switzerland
1994,DEU,A,-0.0953601344347641,-0.010151456925461266,-0.05107777873941388,0.025439755093099814,0.02733485355169596,4.399511978291339,True,JST/JKKST empirical 1890-2020; inflation 100% empirical,Germany
1994,DNK,A,0.1821817011760012,-0.01982646405820676,-0.12766592316005387,0.04061456113378714,0.01992038270713925,1.1264401803277437,True,JST/JKKST empirical 1890-2020; inflation 100% empirical,Denmark
1994,ESP,A,-0.13290402158205084,0.005946796182096037,-0.1645364545148088,0.029557105634306913,0.04717357988197324,0.6977607880996265,True,JST/JKKST empirical 1900-2020; inflation 100% empirical,Spain
1994,FIN,A,0.1643586595193982,-0.10218487398121412,-0.12756283289441228,0.04613408687002574,0.010864681990299774,0.9241566379462136,True,JST/JKKST empirical 1896-2020; inflation 100% empirical,Finland
1994,FRA,A,-0.15708172503366724,0.016472417759164193,-0.1376630693771831,0.039712400588165275,0.016555153292699964,0.6734317750725984,True,JST/JKKST empirical 1890-2020; inflation 100% empirical,France
1994,GBR,A,-0.07774323380986137,0.056338188890117324,-0.12151131218623745,0.031099791124014065,0.0197849025974024,0.7292372546112397,True,JST/JKKST empirical 1890-2020; inflation 100% empirical,United Kingdom
1994,ITA,A,0.052328189475925324,0.035439856433256534,-0.1435644418688542,0.049387260743676276,0.04027420736932297,0.6597024528986694,True,JST/JKKST empirical 1890-2020; inflation 100% empirical,Italy
1994,JPN,A,0.05845384387476038,-0.005260757628722912,-0.06837366134205936,0.015277654724630496,0.0065789340305089095,3.001590192196204,True,JST/JKKST empirical 1890-2020; inflation 100% empirical,Japan
1994,NLD,A,-0.005021101013537921,-0.020626260795480245,-0.10841960066681744,0.023104447933096184,0.028014953277876842,1.026297279192949,True,JST/JKKST empirical 1900-2020; inflation 100% empirical,Netherlands
1994,NOR,A,0.09869790677542589,-0.006580107643736621,-0.1149538947547456,0.026050124880770298,0.013985548266791215,0.996435855469211,True,JST/JKKST empirical 1890-2020; inflation 100% empirical,Norway
1994,PRT,A,0.030568644813727897,-0.04018656814936861,-0.10625876707967696,0.05614887712840244,0.051998154130133756,0.6111043975303593,True,JST/JKKST empirical 1890-2020; inflation 100% empirical,Portugal
1994,SWE,A,0.04256628749620739,-0.012147880978172987,-0.13481808557010688,0.024906933480010274,0.021953278919223163,0.892179889926034,True,JST/JKKST empirical 1890-2020; inflation 100% empirical,Sweden
1994,USA,A,-0.015388112139507193,0.11226928365870426,-0.09468934287063102,0.02489025113596144,0.02088167053364276,0.5990698312810249,True,JST/JKKST empirical 1890-2020; inflation 100% empirical,United States
1995,AUS,A,0.15371860732582254,0.17313742650247121,0.1796716148323838,0.028723982293977324,0.046381823814169554,0.45466259072277626,True,JST/JKKST empirical 1900-2020; inflation 100% empirical,Australia
1995,BEL,A,0.11761560786422831,0.06772410696278142,0.17234061869899575,0.032612596022777884,0.014707746925320286,1.153396292186201,True,JST/JKKST empirical 1890-2020; inflation 100% empirical,Belgium
1995,CHE,A,0.20870555109691669,0.00032406620019043153,0.1350830223941526,-0.0006029674499548054,0.018113889610287703,1.8407985772696398,True,JST/JKKST empirical 1900-2020; inflation 100% empirical,Switzerland
1995,DEU,A,0.050589170081344115,0.0700734024428249,0.1458415457348996,0.026145260972956885,0.01840357432440909,4.4624099818767515,True,JST/JKKST empirical 1890-2020; inflation 100% empirical,Germany
1995,DNK,A,-0.008632772955588508,0.054305097178402706,0.17999362619893122,0.03904406277941752,0.020835436636468696,1.1626506224582096,True,JST/JKKST empirical 1890-2020; inflation 100% empirical,Denmark
1995,ESP,A,0.10531441365939931,0.030783393853565322,0.19634482640252338,0.04114821710740357,0.04676098578565746,0.7305752816901068,True,JST/JKKST empirical 1900-2020; inflation 100% empirical,Spain
1995,FIN,A,-0.07259751352305377,0.07969454326057446,0.2760268340959613,0.02614251288841496,0.009849982767065057,0.9362121624976185,True,JST/JKKST empirical 1896-2020; inflation 100% empirical,Finland
1995,FRA,A,0.0009408912005768322,0.06280560626445353,0.1504731997341895,0.044772521434432555,0.01796481420956031,0.6894561531406006,True,JST/JKKST empirical 1890-2020; inflation 100% empirical,France
1995,GBR,A,0.19837571456840686,0.1519854676088077,0.14518006914119286,0.03578486977523143,0.026564520943189285,0.6845641888367248,True,JST/JKKST empirical 1890-2020; inflation 100% empirical,United Kingdom
1995,ITA,A,-0.05250858052394969,0.09587959585149175,0.15423087456098994,0.05325882168310114,0.05244398682042828,0.6582036438375042,True,JST/JKKST empirical 1890-2020; inflation 100% empirical,Italy
1995,JPN,A,-0.1360125533504538,0.23695878543054105,0.15882354003990828,0.013080513592367726,-0.0009336998875701941,2.6812829212649594,True,JST/JKKST empirical 1890-2020; inflation 100% empirical,Japan
1995,NLD,A,0.17554150113782874,0.05973068677528559,0.19113747886236676,0.024030938029354187,0.01923190020049015,1.042810626858312,True,JST/JKKST empirical 1900-2020; inflation 100% empirical,Netherlands
1995,NOR,A,0.1399853993097968,0.06819429263464016,0.1655205387141283,0.015261071266036819,0.024564053725657065,1.007077003238344,True,JST/JKKST empirical 1890-2020; inflation 100% empirical,Norway
1995,PRT,A,-0.08351443966458316,0.07065308735233589,0.20035174246260112,0.05462557725532835,0.041001368613138744,0.624420036488251,True,JST/JKKST empirical 1890-2020; inflation 100% empirical,Portugal
1995,SWE,A,0.17651638247747115,0.013330755107257675,0.24105426844428557,0.03390457329752783,0.025337372624621324,0.9450089690341452,True,JST/JKKST empirical 1890-2020; inflation 100% empirical,Sweden
1995,USA,A,0.34796093846764276,0.13510980128168115,0.26111851075041614,0.03425063189537414,0.024090909090909163,0.5655400509453935,True,JST/JKKST empirical 1890-2020; inflation 100% empirical,United States
1996,AUS,A,0.11431456088493785,0.11750882387520623,0.12106247668092873,0.04291922292782702,0.026123811720498713,0.5113950248449046,True,JST/JKKST empirical 1900-2020; inflation 100% empirical,Australia
1996,BEL,A,0.23384213753694083,0.3115984822799891,0.1136240968581046,0.01125077080039949,0.020617268524303345,1.1092525569475462,True,JST/JKKST empirical 1890-2020; inflation 100% empirical,Belgium
1996,CHE,A,0.1733670135111065,0.43954174378161426,0.04253647271648742,0.006820451244941461,0.008124138131747616,1.6258136206371285,True,JST/JKKST empirical 1900-2020; inflation 100% empirical,Switzerland
1996,DEU,A,0.20351312274614797,0.31708148675267966,0.0596952578417298,0.017590587263373036,0.014877703427147226,4.280990845657192,True,JST/JKKST empirical 1890-2020; inflation 100% empirical,Germany
1996,DNK,A,0.2921487411854178,0.28611732554403235,0.09191967344767837,0.017084207508330618,0.02124582405597808,1.1357480769721968,True,JST/JKKST empirical 1890-2020; inflation 100% empirical,Denmark
1996,ESP,A,0.3799129025831669,0.27316094569831506,0.2463348757601096,0.0395054225895326,0.03557259849500749,0.7173850695692073,True,JST/JKKST empirical 1900-2020; inflation 100% empirical,Spain
1996,FIN,A,0.4992009457337494,0.2851185916144907,0.1539407451777559,0.02639832833114819,0.005766121789114287,0.9060942846561446,True,JST/JKKST empirical 1896-2020; inflation 100% empirical,Finland
1996,FRA,A,0.2805620140823153,0.2848502008812286,0.15297063744015515,0.017115125349704385,0.019828836508972936,0.6745053519594715,True,JST/JKKST empirical 1890-2020; inflation 100% empirical,France
1996,GBR,A,0.1309529642025058,0.09013502734503742,0.052383525173191225,0.03300469980688647,0.024003084273058306,0.7873346830241577,True,JST/JKKST empirical 1890-2020; inflation 100% empirical,United Kingdom
1996,ITA,A,0.03803454293683406,0.14550011609861402,0.2647078747299014,0.04331991144700087,0.03959012794413552,0.7263731022953047,True,JST/JKKST empirical 1890-2020; inflation 100% empirical,Italy
1996,JPN,A,0.16871299658689698,0.3956324082560698,0.07075526960741119,0.0037601135548011033,0.0009345724978062631,2.4392040518110036,True,JST/JKKST empirical 1890-2020; inflation 100% empirical,Japan
1996,NLD,A,0.3747327186721874,0.3003551407908558,0.06336974777759674,0.009024107968763628,0.020763520548891412,1.0042326482187154,True,JST/JKKST empirical 1900-2020; inflation 100% empirical,Netherlands
1996,NOR,A,0.31782691645589023,0.22858477874190775,0.08191891667963924,0.0241986215328025,0.012596557581973977,1.0254890037583977,True,JST/JKKST empirical 1890-2020; inflation 100% empirical,Norway
1996,PRT,A,0.2858226816079745,0.2416088880444398,0.24409559690810956,0.04138277226404252,0.031000990245035887,0.6306191531606322,True,JST/JKKST empirical 1890-2020; inflation 100% empirical,Portugal
1996,SWE,A,0.41981683712113993,0.24846908161460912,0.21967867016792297,0.01897813270545834,0.004566210045662045,0.9431686100549258,True,JST/JKKST empirical 1890-2020; inflation 100% empirical,Sweden
1996,USA,A,0.20162607362220863,0.19344444705073505,-0.03876378268834535,0.02656147831473521,0.026631158455392878,0.595272420578517,True,JST/JKKST empirical 1890-2020; inflation 100% empirical,United States
1997,AUS,A,0.11169367193373847,0.4840457678275698,0.17149304314579128,0.05054164021338581,0.0022471910112360494,0.4681149915729608,True,JST/JKKST empirical 1900-2020; inflation 100% empirical,Australia
1997,BEL,A,0.3297525364562255,0.3657345520664699,0.08310456085821416,0.018984660035150647,0.015030000000000099,1.0878245840057013,True,JST/JKKST empirical 1890-2020; inflation 100% empirical,Belgium
1997,CHE,A,0.5438748661722566,0.27315978388721907,0.08318481449187565,0.004786557254658597,0.005188606957549746,1.6851295801626631,True,JST/JKKST empirical 1900-2020; inflation 100% empirical,Switzerland
1997,DEU,A,0.38719265915514,0.36048893285585026,0.04967654231602592,0.01640434501253485,0.015186530207989435,4.202385132876765,True,JST/JKKST empirical 1890-2020; inflation 100% empirical,Germany
1997,DNK,A,0.4097050463030214,0.34697116449708076,0.10038421260101726,0.016456997436728127,0.019802118561167203,1.124191716062332,True,JST/JKKST empirical 1890-2020; inflation 100% empirical,Denmark
1997,ESP,A,0.4272088623593313,0.35645197178791443,0.14773840613986744,0.035421710650338945,0.018771698055239705,0.7048769988357909,True,JST/JKKST empirical 1900-2020; inflation 100% empirical,Spain
1997,FIN,A,0.3353247187697621,0.3868072478839806,0.10296843923682575,0.023236827665693127,0.012163856764664915,0.8756793653279096,True,JST/JKKST empirical 1896-2020; inflation 100% empirical,Finland
1997,FRA,A,0.2624797289760967,0.3616850810520391,0.16291301847034845,0.020126592225905293,0.012039429402697088,0.6653800509165068,True,JST/JKKST empirical 1890-2020; inflation 100% empirical,France
1997,GBR,A,0.2135290210839893,0.20947407403020857,0.14667238519794523,0.045719733839246324,0.018246062710850275,0.8702636372123015,True,JST/JKKST empirical 1890-2020; inflation 100% empirical,United Kingdom
1997,ITA,A,0.5681859911258844,0.33962886936866465,0.17292068926490156,0.04403563518087927,0.01848391052969678,0.7173775559335291,True,JST/JKKST empirical 1890-2020; inflation 100% empirical,Italy
1997,JPN,A,-0.1431287543678117,0.35150087457469703,0.08848901835525358,-0.012675175946772255,0.017740439205020886,2.4697914492746613,True,JST/JKKST empirical 1890-2020; inflation 100% empirical,Japan
1997,NLD,A,0.4226003223206931,0.35872022281803617,0.06751840248138374,0.01451987233268226,0.018552417480241834,0.9853920054521903,True,JST/JKKST empirical 1900-2020; inflation 100% empirical,Netherlands
1997,NOR,A,0.33336671798677364,0.32773118254788214,0.084631316181496,0.0018544877513859692,0.02579767029627722,1.032487182610609,True,JST/JKKST empirical 1890-2020; inflation 100% empirical,Norway
1997,PRT,A,0.6169010923218277,0.36009163946807,0.12703921144199803,0.03465337856365713,0.0220008828145406,0.6127493303098576,True,JST/JKKST empirical 1890-2020; inflation 100% empirical,Portugal
1997,SWE,A,0.27237972474478656,0.37445584383493324,0.13237146732020877,0.018266723283190123,0.005347593582887722,0.9218454097852686,True,JST/JKKST empirical 1890-2020; inflation 100% empirical,Sweden
1997,USA,A,0.2878287326996982,0.16678462547461193,0.11957597245718032,0.03381050273561659,0.02161694768698652,0.6777932882565486,True,JST/JKKST empirical 1890-2020; inflation 100% empirical,United States
1998,AUS,A,0.07554603728288733,0.339855622709615,0.1260205623440147,0.039434292490679645,0.008594917787742684,0.42166531164795945,True,JST/JKKST empirical 1900-2020; inflation 100% empirical,Australia
1998,BEL,A,0.3997761000361306,0.14939979237981316,0.16139279982908694,0.02619243576985797,0.009069999999999911,1.1130136149046863,True,JST/JKKST empirical 1890-2020; inflation 100% empirical,Belgium
1998,CHE,A,0.1534413978474487,0.18942263702025697,0.11411883584999671,0.008563286008175464,0.0001851287189091888,1.6920162805154364,True,JST/JKKST empirical 1900-2020; inflation 100% empirical,Switzerland
1998,DEU,A,0.1486318146685277,0.16621708770846455,0.10593485066921926,0.02812172474644936,0.005853658536585371,4.299435904688824,True,JST/JKKST empirical 1890-2020; inflation 100% empirical,Germany
1998,DNK,A,-0.05148616886136248,0.17337400822052085,0.12990781360710102,0.027967071314935144,0.013127783487495659,1.155905958292731,True,JST/JKKST empirical 1890-2020; inflation 100% empirical,Denmark
1998,ESP,A,0.3708367394914194,0.14558544561998854,0.15651603574464112,0.025326913301190412,0.017626658624849245,0.724547457262633,True,JST/JKKST empirical 1900-2020; inflation 100% empirical,Spain
1998,FIN,A,0.6976311932091264,0.12891738911725414,0.16059973049304355,0.015929468242828593,0.013490632270143132,0.8964072016999212,True,JST/JKKST empirical 1896-2020; inflation 100% empirical,Finland
1998,FRA,A,0.3044725457097792,0.16211620711185248,0.22082265673317902,0.027236388456765903,0.00651126867832974,0.6773192588991942,True,JST/JKKST empirical 1890-2020; inflation 100% empirical,France
1998,GBR,A,0.11930754370670082,0.23621548572420092,0.19311267378155494,0.051818996668856476,0.015573975192950451,0.8441444066661518,True,JST/JKKST empirical 1890-2020; inflation 100% empirical,United Kingdom
1998,ITA,A,0.4229506393001503,0.13839105614063762,0.1534751161810468,0.025098588702068936,0.020313082370480906,0.7396212258439409,True,JST/JKKST empirical 1890-2020; inflation 100% empirical,Italy
1998,JPN,A,-0.15435858113105339,0.12721356794328909,0.018185571093044972,-0.002689930490929915,0.0064220053527532794,2.6532207511602035,True,JST/JKKST empirical 1890-2020; inflation 100% empirical,Japan
1998,NLD,A,0.20144288571271596,0.15174772381967383,0.1420159341871836,0.016413480223463228,0.017843643469454884,1.0171092816733167,True,JST/JKKST empirical 1900-2020; inflation 100% empirical,Netherlands
1998,NOR,A,-0.28665156546440074,0.3097685898897955,0.03927741985093136,0.015434722118025102,0.024881242596016984,0.9671972165453161,True,JST/JKKST empirical 1890-2020; inflation 100% empirical,Norway
1998,PRT,A,0.23508532240518631,0.14554202976534913,0.14772416962562196,0.02047693068715395,0.022152780834177044,0.6345134229356227,True,JST/JKKST empirical 1890-2020; inflation 100% empirical,Portugal
1998,SWE,A,0.13269256764291515,0.29701572005106636,0.21557302816662305,0.01987145460058426,-0.0015957446808511078,0.8539864384133995,True,JST/JKKST empirical 1890-2020; inflation 100% empirical,Sweden
1998,USA,A,0.23666892804532047,0.23872308518324448,0.10587973194605116,0.040575088476587196,0.013542107490478239,0.6523093279446968,True,JST/JKKST empirical 1890-2020; inflation 100% empirical,United States
1999,AUS,A,0.17639088448290852,0.14543959032242326,-0.08187711062464442,0.03304003140010181,0.014079288625416853,0.49198960234258426,True,JST/JKKST empirical 1900-2020; inflation 100% empirical,Australia
1999,BEL,A,-0.08342810894028851,0.45677434002157424,-0.0640258054723375,0.016265387196686243,0.011349999999999971,1.04709257780132,True,JST/JKKST empirical 1890-2020; inflation 100% empirical,Belgium
1999,CHE,A,0.10795494967713015,0.4498158209205949,-0.05873034075153605,0.002835761720247243,0.008078828460994059,1.5857426689731797,True,JST/JKKST empirical 1900-2020; inflation 100% empirical,Switzerland
1999,DEU,A,0.30787470210379486,0.4405722205387608,-0.02606386872213018,0.02039202253705663,0.00678952473326877,4.018620906300664,True,JST/JKKST empirical 1890-2020; inflation 100% empirical,Germany
1999,DNK,A,0.20770952153553468,0.41996665150357315,-0.06239693174147298,0.012304941931205127,0.020518577631098323,1.1000537523150948,True,JST/JKKST empirical 1890-2020; inflation 100% empirical,Denmark
1999,ESP,A,0.17082136860230435,0.423469037172715,-0.085640058166638,0.004767536678622175,0.022359199276919206,0.6890590046563391,True,JST/JKKST empirical 1900-2020; inflation 100% empirical,Spain
1999,FIN,A,1.6358294369449191,0.3395133138802946,-0.07591186134456218,0.030411733877124147,0.013107317006913588,0.8447866829928092,True,JST/JKKST empirical 1896-2020; inflation 100% empirical,Finland
1999,FRA,A,0.5479641838252871,0.4237004060003915,-0.0975676547516916,0.021816646441121357,0.005371416391346084,0.6334395674741126,True,JST/JKKST empirical 1890-2020; inflation 100% empirical,France
1999,GBR,A,0.22175662413390507,0.2609880076796032,-0.054044034756311254,0.03662624036757145,0.01328710306726344,0.8979334690246497,True,JST/JKKST empirical 1890-2020; inflation 100% empirical,United Kingdom
1999,ITA,A,0.2105611130935039,0.4353527911078101,-0.08250905055122781,0.013335575917948095,0.01650860554970146,0.6966516491361505,True,JST/JKKST empirical 1890-2020; inflation 100% empirical,Italy
1999,JPN,A,0.20847254861389874,0.0911860547374157,0.047969887838418046,0.0033294157675118896,-0.002734710801193363,3.233403376879388,True,JST/JKKST empirical 1890-2020; inflation 100% empirical,Japan
1999,NLD,A,0.2804206553553692,0.41907610486757574,-0.09267440808891247,0.009088398178649149,0.02036154708520188,0.9654177230403167,True,JST/JKKST empirical 1900-2020; inflation 100% empirical,Netherlands
1999,NOR,A,0.44298019759643936,0.2701202511578542,-0.027386426952466625,0.0266469014501709,0.023331389050912366,1.0108454185152984,True,JST/JKKST empirical 1890-2020; inflation 100% empirical,Norway
1999,PRT,A,0.10177070289769863,0.42907059185080043,-0.06469271033600366,0.007779266310986355,0.021687023667704697,0.6030339695093152,True,JST/JKKST empirical 1890-2020; inflation 100% empirical,Portugal
1999,SWE,A,0.6894711128032092,0.2785410945780302,-0.059734044758522065,0.025810523205540337,0.004794885455514208,0.8765804569137119,True,JST/JKKST empirical 1890-2020; inflation 100% empirical,Sweden
1999,USA,A,0.18922188475983903,0.21492033990211334,-0.11155004052784934,0.03133830815273431,0.02129436325678502,0.7197362629229641,True,JST/JKKST empirical 1890-2020; inflation 100% empirical,United States
2000,AUS,A,0.005409901383801596,0.0450084310046146,0.12285555737570641,0.01453844905446866,0.04457435147972233,0.461543165889971,True,JST/JKKST empirical 1900-2020; inflation 100% empirical,Australia
2000,BEL,A,-0.0031905106203944378,-0.031506930877233774,0.0263446480197449,0.015202717940633326,0.02679000000000009,1.0554608018658351,True,JST/JKKST empirical 1890-2020; inflation 100% empirical,Belgium
2000,CHE,A,0.10190023440303642,-0.08194957126976576,0.0306289805494131,0.019084204628125656,0.015617743311695964,1.6684399161300572,True,JST/JKKST empirical 1900-2020; inflation 100% empirical,Switzerland
2000,DEU,A,-0.11158654989997896,-0.011254193399110046,0.0537716969842017,0.026718249021963958,0.014026974951830473,4.00038642473482,True,JST/JKKST empirical 1890-2020; inflation 100% empirical,Germany
2000,DNK,A,0.13875922602991908,-0.03714427508360563,0.056322776862690604,0.02132430221284598,0.02717031146454607,1.1047611759198643,True,JST/JKKST empirical 1890-2020; inflation 100% empirical,Denmark
2000,ESP,A,-0.13416700019682426,-0.030827574935715973,0.05054235320030842,0.006063803871497964,0.03484158961129302,0.7000123212047126,True,JST/JKKST empirical 1900-2020; inflation 100% empirical,Spain
2000,FIN,A,-0.11893949708860174,-0.02652346153983509,0.05964177096853618,0.012733322282773019,0.029508768166461197,0.8537928358239717,True,JST/JKKST empirical 1896-2020; inflation 100% empirical,Finland
2000,FRA,A,-0.011235237810479304,-0.020760794334391153,0.07078350926939359,0.025222926412437063,0.016759598872093884,0.6322645995507682,True,JST/JKKST empirical 1890-2020; inflation 100% empirical,France
2000,GBR,A,-0.06683520820096156,-0.0044208800697477235,0.08926901242993468,0.04964007286631289,0.007964563930879853,0.885563710761074,True,JST/JKKST empirical 1890-2020; inflation 100% empirical,United Kingdom
2000,ITA,A,0.06119809588838154,-0.03480584142170262,0.05031205876720657,0.018983921704740947,0.025805114029025633,0.7015456349607634,True,JST/JKKST empirical 1890-2020; inflation 100% empirical,Italy
2000,JPN,A,0.12880323702924978,0.03950187666414218,0.02224387489511548,0.008458281318665772,-0.007312629057815712,3.0259060883761686,True,JST/JKKST empirical 1890-2020; inflation 100% empirical,Japan
2000,NLD,A,-0.04373764661918855,-0.02546159032508699,0.06795843569731685,0.019964002620784793,0.023484817271640868,0.9700007482053336,True,JST/JKKST empirical 1900-2020; inflation 100% empirical,Netherlands
2000,NOR,A,0.01151729055443429,-0.01652914297250374,0.042126337880795006,0.017499281929167054,0.030860679097793664,1.003451298884362,True,JST/JKKST empirical 1890-2020; inflation 100% empirical,Norway
2000,PRT,A,-0.1071955548826069,-0.0258457937009976,0.05004497802055052,0.015430715845910159,0.028054057091481344,0.6086016504598702,True,JST/JKKST empirical 1890-2020; inflation 100% empirical,Portugal
2000,SWE,A,-0.11669841831235561,0.03132277243607273,0.13304767955410468,0.029448103849172513,0.009809119830328727,0.8387971701134932,True,JST/JKKST empirical 1890-2020; inflation 100% empirical,Sweden
2000,USA,A,-0.0879792220575295,-0.10881534038544338,0.16387007992085656,0.02962027217334029,0.033932951757972285,0.7887111036561515,True,JST/JKKST empirical 1890-2020; inflation 100% empirical,United States
2001,AUS,A,0.05485725959191967,-0.1759087255481795,-0.025230958129293324,0.0037646341713228892,0.044071353620146914,0.4578033683843317,True,JST/JKKST empirical 1900-2020; inflation 100% empirical,Australia
2001,BEL,A,-0.04639860741965407,-0.17644891278413344,0.050722356386529555,0.016742322858863457,0.024350000000000094,1.0555123194776395,True,JST/JKKST empirical 1890-2020; inflation 100% empirical,Belgium
2001,CHE,A,-0.2279184194715015,-0.17798524908839908,0.027976715758963433,0.006534523520416169,0.009900779513575042,1.694571799487165,True,JST/JKKST empirical 1900-2020; inflation 100% empirical,Switzerland
2001,DEU,A,-0.19444481761070354,-0.16192267487161127,0.03654509716410015,0.024267590507957237,0.019001292087861943,3.979692397021798,True,JST/JKKST empirical 1890-2020; inflation 100% empirical,Germany
2001,DNK,A,-0.1483556361610484,-0.1747502520730222,0.030405582807962128,0.02254218595098756,0.023122580645161372,1.1112013871713018,True,JST/JKKST empirical 1890-2020; inflation 100% empirical,Denmark
2001,ESP,A,-0.06976790307767744,-0.18477821881034306,0.021583292162628664,0.007445714300446493,0.03589535307134262,0.7079366477081221,True,JST/JKKST empirical 1900-2020; inflation 100% empirical,Spain
2001,FIN,A,-0.32426070056304135,-0.15991862992105066,0.01908339698589101,0.006358940692108073,0.026657463959681715,0.855757868491219,True,JST/JKKST empirical 1896-2020; inflation 100% empirical,Finland
2001,FRA,A,-0.20537395159341887,-0.15886580121991667,0.058814419654566796,0.025809266072925885,0.016347807954959492,0.6273559872017658,True,JST/JKKST empirical 1890-2020; inflation 100% empirical,France
2001,GBR,A,-0.14277223671824013,-0.18245625392514042,0.01700370410680474,0.03483518495985383,0.012335119951847107,0.8981943187001512,True,JST/JKKST empirical 1890-2020; inflation 100% empirical,United Kingdom
2001,ITA,A,-0.23943068003041323,-0.16262006743023416,0.041008245483355354,0.016881068084149797,0.023242653300456606,0.7008214532571724,True,JST/JKKST empirical 1890-2020; inflation 100% empirical,Italy
2001,JPN,A,-0.21206649544157596,-0.05790204162463419,0.06328519576669644,0.008036236388193618,-0.0073970916210025495,2.698988537885429,True,JST/JKKST empirical 1890-2020; inflation 100% empirical,Japan
2001,NLD,A,-0.23147115012907815,-0.186708335093541,-0.002829145356504248,-0.008093541063532883,0.05112515599210976,0.995403870371623,True,JST/JKKST empirical 1900-2020; inflation 100% empirical,Netherlands
2001,NOR,A,-0.171135916293646,-0.204389772808227,0.00795247776411201,0.027108265626577976,0.030173775671406666,1.0462608426531106,True,JST/JKKST empirical 1890-2020; inflation 100% empirical,Norway
2001,PRT,A,-0.22455269680614431,-0.18134944126609587,0.017396506863347705,-0.0014158754216849756,0.04409614517429383,0.6203637948893951,True,JST/JKKST empirical 1890-2020; inflation 100% empirical,Portugal
2001,SWE,A,-0.16871848338112228,-0.1154660537614105,-0.020550322075740146,0.01517016712054886,0.02441585718036232,0.7916928597072466,True,JST/JKKST empirical 1890-2020; inflation 100% empirical,Sweden
2001,USA,A,-0.15206605778639715,-0.21967661500506241,0.0063494811137447815,0.008164477093099975,0.028469750889679846,0.8361321274152967,True,JST/JKKST empirical 1890-2020; inflation 100% empirical,United States
2002,AUS,A,-0.10815273934759706,-0.24310725815424816,0.09436796646279366,0.014578144558946349,0.03048576214405374,0.4387518766130646,True,JST/JKKST empirical 1900-2020; inflation 100% empirical,Australia
2002,BEL,A,-0.27811997546391587,-0.276141576821034,0.08291689259100532,0.016366643840745487,0.015479999999999938,1.0697225029605402,True,JST/JKKST empirical 1890-2020; inflation 100% empirical,Belgium
2002,CHE,A,-0.26423375222714207,-0.28268918882551686,0.1301600676509238,-0.002000129767446013,0.006412956488774713,1.7299838983229159,True,JST/JKKST empirical 1900-2020; inflation 100% empirical,Switzerland
2002,DEU,A,-0.40713960594113485,-0.2656907150814477,0.07614490620384884,0.019472938273423113,0.013052882822406131,4.023630328743974,True,JST/JKKST empirical 1890-2020; inflation 100% empirical,Germany
2002,DNK,A,-0.22076933798435783,-0.2844901666217923,0.07315727309919429,0.010942472725806063,0.023646773949452582,1.1328015586886022,True,JST/JKKST empirical 1890-2020; inflation 100% empirical,Denmark
2002,ESP,A,-0.22859988403128673,-0.2910946141672167,0.08890471175062675,0.001656858673508399,0.031041708916379473,0.7284622990695467,True,JST/JKKST empirical 1900-2020; inflation 100% empirical,Spain
2002,FIN,A,-0.34141101325354883,-0.2753935834201102,0.10007320887403437,0.003203409863951956,0.020066974478664568,0.8711963337832319,True,JST/JKKST empirical 1896-2020; inflation 100% empirical,Finland
2002,FRA,A,-0.30607381661796995,-0.27712141839367954,0.07291350601266733,0.013458350194711866,0.019234122872706205,0.6381524676434125,True,JST/JKKST empirical 1890-2020; inflation 100% empirical,France
2002,GBR,A,-0.23226768739190673,-0.22219001135659688,0.08838472765892802,0.02568748877137428,0.012589129587851966,0.8476876928731456,True,JST/JKKST empirical 1890-2020; inflation 100% empirical,United Kingdom
2002,ITA,A,-0.20638073701716253,-0.28892308214345774,0.08823777399462385,0.006364771535869229,0.026112032867188217,0.7176928493170798,True,JST/JKKST empirical 1890-2020; inflation 100% empirical,Italy
2002,JPN,A,-0.16066338473536468,-0.19942488758366284,0.07771354044085954,0.009438185183844094,-0.009241561610410787,2.46532398149664,True,JST/JKKST empirical 1890-2020; inflation 100% empirical,Japan
2002,NLD,A,-0.35316295685691923,-0.2882619010277596,0.08062670753834866,-0.0051314960365179685,0.03851505751088302,1.0316884624058038,True,JST/JKKST empirical 1900-2020; inflation 100% empirical,Netherlands
2002,NOR,A,-0.3196267420373837,-0.3334708706213614,0.08803579838414932,0.04217525986527382,0.012881459898788084,1.149859258914417,True,JST/JKKST empirical 1890-2020; inflation 100% empirical,Norway
2002,PRT,A,-0.23484526750561063,-0.29505552007506697,0.07886617648661098,-0.0036893632479028104,0.03701183122186169,0.642046682319543,True,JST/JKKST empirical 1890-2020; inflation 100% empirical,Portugal
2002,SWE,A,-0.37253785912439086,-0.2863749939557395,0.09534545868590327,0.018735011137659408,0.021527421834956373,0.8199052133299193,True,JST/JKKST empirical 1890-2020; inflation 100% empirical,Sweden
2002,USA,A,-0.21301158305531098,-0.13410247931537955,0.1410541799283227,0.0014719585743561137,0.01576316801230293,0.7123219466005963,True,JST/JKKST empirical 1890-2020; inflation 100% empirical,United States
2003,AUS,A,0.12784259183497393,0.04727256051465867,-0.004371905324485392,0.02023100040004233,0.02730819245773719,0.5006096697999229,True,JST/JKKST empirical 1900-2020; inflation 100% empirical,Australia
2003,BEL,A,0.16913553395907255,0.17137553880085576,0.03511223674004871,0.006924948078690596,0.015169999999999906,1.0966046594182737,True,JST/JKKST empirical 1890-2020; inflation 100% empirical,Belgium
2003,CHE,A,0.21292165523300755,0.27286374486370435,-0.008843441646684935,-0.0054271041211628734,0.006361629330459584,1.6366788541176658,True,JST/JKKST empirical 1900-2020; inflation 100% empirical,Switzerland
2003,DEU,A,0.3608835096556511,0.16382772355599418,0.029614156915777734,0.012113962825355928,0.010933588573111441,4.1075312789235126,True,JST/JKKST empirical 1890-2020; inflation 100% empirical,Germany
2003,DNK,A,0.30471136201277815,0.17269304434909394,0.02212714861123799,0.0036589046821193794,0.02002045166138955,1.1517219952919182,True,JST/JKKST empirical 1890-2020; inflation 100% empirical,Denmark
2003,ESP,A,0.2905533849103772,0.14482050055795415,0.019556068438644436,-0.007064226719142419,0.030395615058811165,0.7579686823410668,True,JST/JKKST empirical 1900-2020; inflation 100% empirical,Spain
2003,FIN,A,0.0712170660414535,0.18069392753329372,0.030284456150528216,0.008051845702355287,0.01290755800940091,0.8910991527164106,True,JST/JKKST empirical 1896-2020; inflation 100% empirical,Finland
2003,FRA,A,0.1873131597279345,0.1630485698331523,0.03159248736309306,0.001734300384187204,0.02098472191469214,0.6579363423520174,True,JST/JKKST empirical 1890-2020; inflation 100% empirical,France
2003,GBR,A,0.18561407752968928,0.281890744759383,0.007397021837709961,0.021688759935658775,0.013615926630131003,0.7977218234665053,True,JST/JKKST empirical 1890-2020; inflation 100% empirical,United Kingdom
2003,ITA,A,0.14008893575882242,0.15756428021869096,0.01881314460825867,-0.006078784759064648,0.028129611806223975,0.7451207655453215,True,JST/JKKST empirical 1890-2020; inflation 100% empirical,Italy
2003,JPN,A,-0.043047327891900244,0.30411658634364436,-0.024489453510451176,0.002606254525126639,-0.002585914972652814,2.3081674207606397,True,JST/JKKST empirical 1890-2020; inflation 100% empirical,Japan
2003,NLD,A,0.06812935578843415,0.1694273568111644,0.02346781417714916,0.0010374386203717556,0.0222741241548865,1.0650159738964946,True,JST/JKKST empirical 1900-2020; inflation 100% empirical,Netherlands
2003,NOR,A,0.4481385670508209,0.3328644395306626,0.127836662909125,0.012047793414305508,0.024753974261922496,1.0302454353668826,True,JST/JKKST empirical 1890-2020; inflation 100% empirical,Norway
2003,PRT,A,0.13715725535802914,0.1526909588981915,0.01646771323026397,-0.008753613265437665,0.03237164925034075,0.6693339526345653,True,JST/JKKST empirical 1890-2020; inflation 100% empirical,Portugal
2003,SWE,A,0.329258471015871,0.1321142550048915,0.01965639460579749,0.010802051893690212,0.019317611640742527,0.8601920443371345,True,JST/JKKST empirical 1890-2020; inflation 100% empirical,Sweden
2003,USA,A,0.19402943801915185,0.41391889302042184,-0.002432601159641168,-0.010952995093932327,0.022710068130204375,0.6108252112718203,True,JST/JKKST empirical 1890-2020; inflation 100% empirical,United States
2004,AUS,A,0.24649080584354444,0.20425476586084135,0.057594870905413265,0.028416819672342886,0.023417721518987245,0.4892190406868929,True,JST/JKKST empirical 1900-2020; inflation 100% empirical,Australia
2004,BEL,A,0.3672022329513003,0.15460245772499537,0.07366461599217344,0.0015021052878956276,0.018569999999999975,1.1074435554599438,True,JST/JKKST empirical 1890-2020; inflation 100% empirical,Belgium
2004,CHE,A,0.0604174257809027,0.17130811938544377,0.052528370214782294,-0.0024858382364949527,0.008005739179255844,1.6578419207857333,True,JST/JKKST empirical 1900-2020; inflation 100% empirical,Switzerland
2004,DEU,A,0.06600572292142703,0.17598782543415004,0.048657903885293674,0.002928430793927461,0.017503611181918677,4.14378745364845,True,JST/JKKST empirical 1890-2020; inflation 100% empirical,Germany
2004,DNK,A,0.2294287228020533,0.16290936980196902,0.07567416279018357,0.012651147996547873,0.00885351241665866,1.1639259944453455,True,JST/JKKST empirical 1890-2020; inflation 100% empirical,Denmark
2004,ESP,A,0.19451879929564675,0.1518244580405672,0.06995185569992635,-0.009687076291229113,0.030389798801206513,0.774343121528051,True,JST/JKKST empirical 1900-2020; inflation 100% empirical,Spain
2004,FIN,A,0.07414966520490829,0.1954063064204381,0.09488828473667699,0.020343674671767342,0.0014731879787861502,0.8848017846830657,True,JST/JKKST empirical 1896-2020; inflation 100% empirical,Finland
2004,FRA,A,0.10628075864861541,0.1685202013932794,0.12076322683849416,-0.0011472379602659455,0.021420896464023675,0.6662991316274953,True,JST/JKKST empirical 1890-2020; inflation 100% empirical,France
2004,GBR,A,0.11102325946275937,0.17367197379684018,0.05224341280384803,0.030554265085873666,0.013435230404932774,0.8043211053703351,True,JST/JKKST empirical 1890-2020; inflation 100% empirical,United Kingdom
2004,ITA,A,0.23589810342624284,0.15848669878344834,0.0805349682836698,-0.0017328889539529602,0.02256699576868826,0.7554384242557742,True,JST/JKKST empirical 1890-2020; inflation 100% empirical,Italy
2004,JPN,A,0.25302972289881254,0.2469697663220738,0.017748150054487377,0.00011140150827948503,-0.00010288171689010195,2.182493330168611,True,JST/JKKST empirical 1890-2020; inflation 100% empirical,Japan
2004,NLD,A,0.08238287317346638,0.17941665312927246,0.08723704972607438,0.00713621572867007,0.01382843125465949,1.0705358623439527,True,JST/JKKST empirical 1900-2020; inflation 100% empirical,Netherlands
2004,NOR,A,0.3780401390177348,0.13973486028970328,0.0898351903977408,0.009103720429530338,0.004653911501810937,1.0523778352104691,True,JST/JKKST empirical 1890-2020; inflation 100% empirical,Norway
2004,PRT,A,0.15107949070281834,0.16107810793878574,0.08005544184598135,-0.003935390874713507,0.025097492695688395,0.6802814981711405,True,JST/JKKST empirical 1890-2020; inflation 100% empirical,Portugal
2004,SWE,A,0.20905152160551932,0.17383625782775924,0.11828958176080073,0.01733581148921104,0.0036918533103618145,0.8626761471569049,True,JST/JKKST empirical 1890-2020; inflation 100% empirical,Sweden
2004,USA,A,0.09804543533840704,0.2592426807430188,0.040924920917631225,-0.011084231718166415,0.02701702442635079,0.5767260745643958,True,JST/JKKST empirical 1890-2020; inflation 100% empirical,United States
2005,AUS,A,0.17951218762311583,0.15465178096737797,0.03602658770080769,0.02725769574248993,0.026592455163883866,0.5279879667946511,True,JST/JKKST empirical 1900-2020; inflation 100% empirical,Australia
2005,BEL,A,0.2403955493263561,0.26007103397005427,0.03442860228980682,-0.004554453293447502,0.025369999999999893,1.0977573082162753,True,JST/JKKST empirical 1890-2020; inflation 100% empirical,Belgium
2005,CHE,A,0.34036267113741747,0.27957137526634956,0.05268266529017107,-0.005364659277438899,0.011727573722808415,1.6119318556299327,True,JST/JKKST empirical 1900-2020; inflation 100% empirical,Switzerland
2005,DEU,A,0.25775537040806706,0.26692296581976693,0.02111875308778588,0.001579346112063451,0.019290187891440436,4.083188642620744,True,JST/JKKST empirical 1890-2020; inflation 100% empirical,Germany
2005,DNK,A,0.40794278872971135,0.2626559810935616,0.06083304685706925,0.005147030589675028,0.016761448668063395,1.1420470296886174,True,JST/JKKST empirical 1890-2020; inflation 100% empirical,Denmark
2005,ESP,A,0.21684444230109934,0.25084580686764246,0.035314488951436074,-0.012396213048195048,0.03368038830634701,0.7737913161205907,True,JST/JKKST empirical 1900-2020; inflation 100% empirical,Spain
2005,FIN,A,0.3416622300302763,0.2768010303557029,0.06270382592636525,0.022867707940019244,0.007747376679415607,0.8619891439756829,True,JST/JKKST empirical 1896-2020; inflation 100% empirical,Finland
2005,FRA,A,0.2622932999095049,0.26905192024872604,0.1252102908812227,0.0031959258105080934,0.017458693638048528,0.6553754429596266,True,JST/JKKST empirical 1890-2020; inflation 100% empirical,France
2005,GBR,A,0.19191899945569513,0.23112208760384,0.06314585944090156,0.024428089375563955,0.020569437639501142,0.8168630768548878,True,JST/JKKST empirical 1890-2020; inflation 100% empirical,United Kingdom
2005,ITA,A,0.1828669109325176,0.2682430783001475,0.04189072050626774,-0.00033751630831357904,0.022068965517241468,0.7464202313777277,True,JST/JKKST empirical 1890-2020; inflation 100% empirical,Italy
2005,JPN,A,0.15717447561328313,0.277766506991868,0.022890692572825833,0.0028499857658708105,-0.002829538322237979,2.1440082591808585,True,JST/JKKST empirical 1890-2020; inflation 100% empirical,Japan
2005,NLD,A,0.2840352807026427,0.27100214892580454,0.0541348091241074,0.006836003718559969,0.014908909763734712,1.0503460721009825,True,JST/JKKST empirical 1900-2020; inflation 100% empirical,Netherlands
2005,NOR,A,0.38371305375214293,0.22429294868042549,0.056339133871088576,-0.0013992903721595784,0.015220588235293375,1.0639517237864669,True,JST/JKKST empirical 1890-2020; inflation 100% empirical,Norway
2005,PRT,A,0.14743255322319704,0.27162105887576793,0.042723793896947804,0.0005364818993078835,0.02129892432084346,0.6716540904720003,True,JST/JKKST empirical 1890-2020; inflation 100% empirical,Portugal
2005,SWE,A,0.36365660187788973,0.3371491820242176,0.09944058760131358,0.012449515925723409,0.004659146640510148,0.8040552631269754,True,JST/JKKST empirical 1890-2020; inflation 100% empirical,Sweden
2005,USA,A,0.03585817901441657,0.08433056456279053,0.04078206419685082,0.0012020759476669696,0.03387387387387375,0.6655469403518319,True,JST/JKKST empirical 1890-2020; inflation 100% empirical,United States
2006,AUS,A,0.20676440163501963,0.22604124171432627,-0.02539672689764849,0.02173531043314525,0.03554216867469884,0.5262288678307127,True,JST/JKKST empirical 1900-2020; inflation 100% empirical,Australia
2006,BEL,A,0.2031615889479692,0.19707647345219703,-0.025633825336798255,0.005589867060369569,0.023279999999999967,1.1191163155756791,True,JST/JKKST empirical 1890-2020; inflation 100% empirical,Belgium
2006,CHE,A,0.19397171711628491,0.2609294629278993,-0.03168557829514329,0.008674453562724116,0.010633308865508617,1.565771527017517,True,JST/JKKST empirical 1900-2020; inflation 100% empirical,Switzerland
2006,DEU,A,0.2191132495992214,0.20282913128040758,-0.014894352853628057,0.010325638547078464,0.017848364972730124,4.140539503253904,True,JST/JKKST empirical 1890-2020; inflation 100% empirical,Germany
2006,DNK,A,0.20179223242315114,0.20196403467292923,-0.030408259160973672,0.012734820256297796,0.01884015307624365,1.1599122574264256,True,JST/JKKST empirical 1890-2020; inflation 100% empirical,Denmark
2006,ESP,A,0.35774423495183405,0.1721221190340514,-0.049525516903639044,-0.006643337131640781,0.035151862738069584,0.797998957286564,True,JST/JKKST empirical 1900-2020; inflation 100% empirical,Spain
2006,FIN,A,0.20293597154089493,0.2103743790158641,-0.02713785960230808,0.029649948655980696,0.012748151031529709,0.8697164002034468,True,JST/JKKST empirical 1896-2020; inflation 100% empirical,Finland
2006,FRA,A,0.20541712459133676,0.20512781115457268,0.0026592913134708684,0.011940241219165593,0.016751244960872436,0.6638642493120305,True,JST/JKKST empirical 1890-2020; inflation 100% empirical,France
2006,GBR,A,0.13781992105290408,0.17494390229830015,-0.02766280161462331,0.022684616943392077,0.02328712465674254,0.8503923760894876,True,JST/JKKST empirical 1890-2020; inflation 100% empirical,United Kingdom
2006,ITA,A,0.19566300326296826,0.198804488464154,-0.02879894663131488,0.0093222447117427,0.02229706328448744,0.7602123485913914,True,JST/JKKST empirical 1890-2020; inflation 100% empirical,Italy
2006,JPN,A,0.26849343921226887,0.38300124101563027,0.001968843779172502,-0.0012692305473626098,0.0025176961016983856,1.902329940526137,True,JST/JKKST empirical 1890-2020; inflation 100% empirical,Japan
2006,NLD,A,0.1818435337135067,0.20698590118012894,-0.02386473686350321,0.014035638987550447,0.01652467599247398,1.063713682502449,True,JST/JKKST empirical 1900-2020; inflation 100% empirical,Netherlands
2006,NOR,A,0.2941691903068524,0.23219378124082146,-0.02805650847716057,-0.0030503652673994353,0.023321503585137737,1.0507721827271725,True,JST/JKKST empirical 1890-2020; inflation 100% empirical,Norway
2006,PRT,A,0.2933318353949621,0.18217383349464034,-0.03405200355781568,0.0003291659387083534,0.030453059318075626,0.6895222444002616,True,JST/JKKST empirical 1890-2020; inflation 100% empirical,Portugal
2006,SWE,A,0.24099528457984687,0.15885670375493732,-0.022163327984052517,0.009518030961823465,0.013668537954600879,0.8432672927971434,True,JST/JKKST empirical 1890-2020; inflation 100% empirical,Sweden
2006,USA,A,0.1061561522825516,0.3395835672408096,-0.030869375714086655,0.018517597716183554,0.0324154757755315,0.6131876594713797,True,JST/JKKST empirical 1890-2020; inflation 100% empirical,United States
2007,AUS,A,0.1523833129259633,0.029256867266519215,0.004141600140372903,0.03938708795458479,0.023560209424083656,0.5378703893744663,True,JST/JKKST empirical 1900-2020; inflation 100% empirical,Australia
2007,BEL,A,-0.05863078402556843,0.045558381062499764,-0.026287744575315908,0.020370078486574572,0.018159999999999954,1.141568439139543,True,JST/JKKST empirical 1890-2020; inflation 100% empirical,Belgium
2007,CHE,A,-0.007826090818118692,0.08872337972947442,-0.021134202747329467,0.012563914676543941,0.007343817776477524,1.5328031557435444,True,JST/JKKST empirical 1900-2020; inflation 100% empirical,Switzerland
2007,DEU,A,0.1772788552452076,0.024702012353668534,0.002194021901757326,0.015346618714455307,0.022893741304172766,4.243245395942997,True,JST/JKKST empirical 1890-2020; inflation 100% empirical,Germany
2007,DNK,A,0.05388899598884023,0.04207531856775848,-0.01330521982056243,0.026278101587992708,0.016561687373591427,1.178908652031636,True,JST/JKKST empirical 1890-2020; inflation 100% empirical,Denmark
2007,ESP,A,0.06201664648942651,0.02703965966579336,-0.017042777959904942,0.010312293463998978,0.0278752481647353,0.8217759496259047,True,JST/JKKST empirical 1900-2020; inflation 100% empirical,Spain
2007,FIN,A,0.23092860667487414,0.028795801219846373,-0.0024049985743932467,0.030036148059761958,0.015830690881137643,0.8851353473461765,True,JST/JKKST empirical 1896-2020; inflation 100% empirical,Finland
2007,FRA,A,0.015518275105417478,0.044197109443207205,-0.10985910363262863,0.023412146237888676,0.014879980595385423,0.6750013821869641,True,JST/JKKST empirical 1890-2020; inflation 100% empirical,France
2007,GBR,A,0.026960451783330397,0.13938133810112907,0.03795129299517597,0.031343524389349176,0.023228416234869487,0.7959732586404019,True,JST/JKKST empirical 1890-2020; inflation 100% empirical,United Kingdom
2007,ITA,A,-0.06096564945780358,0.04344869921903216,-0.00168971803983764,0.01971274692616687,0.0202453271028038,0.7770522620590098,True,JST/JKKST empirical 1890-2020; inflation 100% empirical,Italy
2007,JPN,A,0.02621782185301602,0.1396750133128597,0.03815353056396287,0.004096104789418797,0.0006278433067785638,1.7802343590417347,True,JST/JKKST empirical 1890-2020; inflation 100% empirical,Japan
2007,NLD,A,0.06475509994123474,0.03983633280744092,-0.0035870758631921795,0.02649063426403142,0.01586516905602231,1.082608694033012,True,JST/JKKST empirical 1900-2020; inflation 100% empirical,Netherlands
2007,NOR,A,0.10654410191232033,0.008410939258922001,0.004498612287727521,0.027211655634378884,0.007289970981669391,1.0977395268172077,True,JST/JKKST empirical 1890-2020; inflation 100% empirical,Norway
2007,PRT,A,0.15512915799805205,0.024742424408349617,-0.008623431065717502,0.01811014602744976,0.024227177953041412,0.7075469642199254,True,JST/JKKST empirical 1890-2020; inflation 100% empirical,Portugal
2007,SWE,A,-0.04906070338119739,0.08983726750878551,-0.03202618112125766,0.01332123741388136,0.02191187093667235,0.8266821671803453,True,JST/JKKST empirical 1890-2020; inflation 100% empirical,Sweden
2007,USA,A,0.03457492218155345,0.1575817246399729,0.05614382460547063,0.02365332456869429,0.028359216745442284,0.5651938245416067,True,JST/JKKST empirical 1890-2020; inflation 100% empirical,United States
2008,AUS,A,-0.42868751659989357,-0.3400981924308524,0.2224078600605328,0.022270135891934162,0.04347826086956519,0.4607688617748766,True,JST/JKKST empirical 1900-2020; inflation 100% empirical,Australia
2008,BEL,A,-0.5794355994253816,-0.4486198289756299,-0.012074881431485385,-0.007833014905529456,0.044884595736776056,1.1780517731140836,True,JST/JKKST empirical 1890-2020; inflation 100% empirical,Belgium
2008,CHE,A,-0.3561015931616913,-0.5148199043094739,0.08318484369352874,-0.02361086876004337,0.0242842407794992,1.735477548258551,True,JST/JKKST empirical 1900-2020; inflation 100% empirical,Switzerland
2008,DEU,A,-0.44112828933697046,-0.4480089537507532,0.07201194761178287,0.010445406471482954,0.02745115672564591,4.305795815763895,True,JST/JKKST empirical 1890-2020; inflation 100% empirical,Germany
2008,DNK,A,-0.4978233293549206,-0.45840397786062337,0.08077986364466883,0.011991084851645795,0.03638100002273803,1.2257737722512014,True,JST/JKKST empirical 1890-2020; inflation 100% empirical,Denmark
2008,ESP,A,-0.39415966886633114,-0.45867077803692013,0.05433742008961806,-0.0021637518189198124,0.04075192867008792,0.8446849349722403,True,JST/JKKST empirical 1900-2020; inflation 100% empirical,Spain
2008,FIN,A,-0.5314175675593681,-0.448629639326918,0.07301342322022952,-0.025864508987091805,0.03916097145694897,0.9084198363079087,True,JST/JKKST empirical 1896-2020; inflation 100% empirical,Finland
2008,FRA,A,-0.42509670959036505,-0.44946599852223446,0.1879026920017417,0.007840179681911641,0.02812861949147938,0.6854033266531206,True,JST/JKKST empirical 1890-2020; inflation 100% empirical,France
2008,GBR,A,-0.3219340464426441,-0.2859795537845812,0.1194089004463681,0.00693119017367283,0.036019155331397545,0.6268769799202759,True,JST/JKKST empirical 1890-2020; inflation 100% empirical,United Kingdom
2008,ITA,A,-0.4863401174953499,-0.4492494902983879,0.038518113865575465,0.002563669038085248,0.03492379741907414,0.7942417268509266,True,JST/JKKST empirical 1890-2020; inflation 100% empirical,Italy
2008,JPN,A,-0.28338892359243284,-0.5983682667084429,0.04040086377522245,-0.009104803832519104,0.01384503029243267,2.3686056224230496,True,JST/JKKST empirical 1890-2020; inflation 100% empirical,Japan
2008,NLD,A,-0.5055645901266526,-0.440649054092915,0.09855315294828437,0.023682139371826283,0.022135961884499178,1.092884524005941,True,JST/JKKST empirical 1900-2020; inflation 100% empirical,Netherlands
2008,NOR,A,-0.5572881432227941,-0.31581773618139286,0.0836439470267123,0.011697834198195256,0.03766160764474358,0.9196870235475326,True,JST/JKKST empirical 1890-2020; inflation 100% empirical,Norway
2008,PRT,A,-0.5101675788572211,-0.4428715928731215,0.07082760795650067,0.01931062815998663,0.026519593742393877,0.7173260663926385,True,JST/JKKST empirical 1890-2020; inflation 100% empirical,Portugal
2008,SWE,A,-0.41288660558318224,-0.3652930325348699,0.207905611307583,0.004493896812540088,0.034401508011310034,0.7335521099206231,True,JST/JKKST empirical 1890-2020; inflation 100% empirical,Sweden
2008,USA,A,-0.41020352469943877,-0.48813249422572746,0.20071420381614158,-0.008436957759935138,0.03841103086014441,0.6131298832515029,True,JST/JKKST empirical 1890-2020; inflation 100% empirical,United States
2009,AUS,A,0.3715030466262943,0.058366807533035914,-0.09166289426950591,0.014817921377485055,0.017701525054466316,0.5691969036730729,True,JST/JKKST empirical 1900-2020; inflation 100% empirical,Australia
2009,BEL,A,0.5248621288598532,0.361885063660603,0.10894161501347721,0.0066559265363019815,-5.5556790151012336e-05,1.14330174967721,True,JST/JKKST empirical 1890-2020; inflation 100% empirical,Belgium
2009,CHE,A,0.2377442438219457,0.3921486896705255,0.047528098148167386,0.005316050085752755,-0.004790583082398103,1.6715811913915493,True,JST/JKKST empirical 1900-2020; inflation 100% empirical,Switzerland
2009,DEU,A,0.2509605048623287,0.3764700965635399,0.0466705868221402,0.003787299837169966,0.002461706783369877,4.189303676040724,True,JST/JKKST empirical 1890-2020; inflation 100% empirical,Germany
2009,DNK,A,0.34075752980063934,0.38298084915889996,-0.004608444047002225,0.007591091119293125,0.010421466026020676,1.1824880848924355,True,JST/JKKST empirical 1890-2020; inflation 100% empirical,Denmark
2009,ESP,A,0.35995589337770073,0.3770098591789195,0.05311329805693865,0.009656137808956577,-0.0028700906344411026,0.8174611302629927,True,JST/JKKST empirical 1900-2020; inflation 100% empirical,Spain
2009,FIN,A,0.24183161329137803,0.3571448769391581,0.03508075756856632,-0.00809745799258943,0.016339348701727152,0.8960783170180695,True,JST/JKKST empirical 1896-2020; inflation 100% empirical,Finland
2009,FRA,A,0.28919014620178607,0.37623405028530565,-0.0648629381496083,0.005591146210397024,0.0008762047815749074,0.6658052139114117,True,JST/JKKST empirical 1890-2020; inflation 100% empirical,France
2009,GBR,A,0.2621891094966369,0.25058121525610044,-0.036036428163766954,-0.016006610261213527,0.021653204511010493,0.667101114722228,True,JST/JKKST empirical 1890-2020; inflation 100% empirical,United Kingdom
2009,ITA,A,0.21633747849201312,0.3712524903047223,0.08617343748201556,0.0018793040319904364,0.007656307048891975,0.7767580213785037,True,JST/JKKST empirical 1890-2020; inflation 100% empirical,Italy
2009,JPN,A,-0.23966212264782372,0.5070812146037262,0.02348808111896772,0.014745098582672034,-0.013493633642773784,2.1596886584434003,True,JST/JKKST empirical 1890-2020; inflation 100% empirical,Japan
2009,NLD,A,0.43143422095487005,0.3539427939828086,0.03500662305966107,0.0025378104118918277,0.009721099657879373,1.071016908453728,True,JST/JKKST empirical 1900-2020; inflation 100% empirical,Netherlands
2009,NOR,A,0.6128695500364734,0.11680626552916351,-0.002731749072892531,0.0025757155060164294,0.02166847237269809,1.0669475940199835,True,JST/JKKST empirical 1890-2020; inflation 100% empirical,Norway
2009,PRT,A,0.4123870415214068,0.3826402899482899,0.06221912626133119,0.021509681846937356,-0.009031826951057864,0.6899171465398096,True,JST/JKKST empirical 1890-2020; inflation 100% empirical,Portugal
2009,SWE,A,0.5266003792228191,0.28227040944857706,-0.04846717469486117,0.006743585400056817,-0.0027334851936217097,0.752805853466037,True,JST/JKKST empirical 1890-2020; inflation 100% empirical,Sweden
2009,USA,A,0.29534534334682583,0.43381304879260196,-0.14924743639655058,0.00906757834508709,-0.0034777110338287676,0.572878253725442,True,JST/JKKST empirical 1890-2020; inflation 100% empirical,United States
2010,AUS,A,0.004306600610342937,-0.08162264121905793,0.043916401432964935,0.014415083335795886,0.028632592989028538,0.6664037596036527,True,JST/JKKST empirical 1900-2020; inflation 100% empirical,Australia
2010,BEL,A,0.08918711694630299,0.13735707136984443,-0.008491839101983478,-0.018601088973735247,0.02333514828931138,1.0900427808292994,True,JST/JKKST empirical 1890-2020; inflation 100% empirical,Belgium
2010,CHE,A,0.02215839341245185,-0.028130008384100624,0.045121152861214986,-0.006432399955398571,0.006876633200385118,1.8541525080215535,True,JST/JKKST empirical 1900-2020; inflation 100% empirical,Switzerland
2010,DEU,A,0.17147001884656543,0.14640793406397745,0.02856068285378144,-0.007272219518890566,0.011186903137789805,3.9467358691318966,True,JST/JKKST empirical 1890-2020; inflation 100% empirical,Germany
2010,DNK,A,0.29824161670870386,0.12884814045668724,0.053187979546029274,-0.014644435493050167,0.02198506101532982,1.1223686304679366,True,JST/JKKST empirical 1890-2020; inflation 100% empirical,Denmark
2010,ESP,A,-0.16178006890520136,0.16043528585386202,-0.07696437435243553,-0.013223811793782292,0.017995108966173845,0.7753139294742675,True,JST/JKKST empirical 1900-2020; inflation 100% empirical,Spain
2010,FIN,A,0.2140492940574299,0.1367373383798165,0.0581761175186557,-0.002905362352363605,0.016860347954591237,0.8489303591477805,True,JST/JKKST empirical 1896-2020; inflation 100% empirical,Finland
2010,FRA,A,0.026180189890110173,0.15111982312834815,0.07740191378574046,-0.011374486449262755,0.015311227042091868,0.6298123379711867,True,JST/JKKST empirical 1890-2020; inflation 100% empirical,France
2010,GBR,A,0.10513020971315101,0.07647769765083812,0.06602578360855227,-0.027088297346047896,0.03298171575771702,0.669103262125698,True,JST/JKKST empirical 1890-2020; inflation 100% empirical,United Kingdom
2010,ITA,A,-0.0893400002498358,0.1577600249426494,-0.023052113077606795,-0.004784620930513683,0.016195443315948355,0.7354070244431306,True,JST/JKKST empirical 1890-2020; inflation 100% empirical,Italy
2010,JPN,A,0.045301084586227613,-0.0461879786402557,0.04674018651840406,0.008213924013252383,-0.007219622563891637,2.434226247835085,True,JST/JKKST empirical 1890-2020; inflation 100% empirical,Japan
2010,NLD,A,0.08249071701342015,0.15463088238959033,0.05858235052321392,-0.0011780150656220956,0.0092985514874393,1.0071189344642268,True,JST/JKKST empirical 1900-2020; inflation 100% empirical,Netherlands
2010,NOR,A,0.15574532163181698,0.06003642787171226,0.05655389531916377,-0.003020116615449986,0.02399257688229084,1.082447510815109,True,JST/JKKST empirical 1890-2020; inflation 100% empirical,Norway
2010,PRT,A,-0.07498112707003635,0.15954871789214065,-0.1364445000077955,-0.00572132008183357,0.013910489966828088,0.6517204351165623,True,JST/JKKST empirical 1890-2020; inflation 100% empirical,Portugal
2010,SWE,A,0.2488651589251445,-0.014111456896352403,0.018258603478760405,-0.00765168758984669,0.012791228871630977,0.812274831489026,True,JST/JKKST empirical 1890-2020; inflation 100% empirical,Sweden
2010,USA,A,0.12010430515779835,0.05515894658503395,0.08320463540848722,-0.013163628432197427,0.016497461928933976,0.5849319748292366,True,JST/JKKST empirical 1890-2020; inflation 100% empirical,United States
2011,AUS,A,-0.14306604861463013,-0.16636368337851704,0.15750374685688806,0.012934233109086257,0.03355879292403752,0.6837224198260705,True,JST/JKKST empirical 1900-2020; inflation 100% empirical,Australia
2011,BEL,A,-0.1604646838706728,-0.13668250057850329,-0.026108628962882463,-0.022660860855521436,0.03352046301021794,1.0836731125044274,True,JST/JKKST empirical 1890-2020; inflation 100% empirical,Belgium
2011,CHE,A,-0.07931305849416259,-0.14218067101371223,0.11607069220095378,-0.001579454506640765,0.0022830604718324654,1.843494357753829,True,JST/JKKST empirical 1900-2020; inflation 100% empirical,Switzerland
2011,DEU,A,-0.16879401627875057,-0.12832687055705927,0.05667724720878686,-0.01632761170919894,0.024824608742579635,3.890660030072181,True,JST/JKKST empirical 1890-2020; inflation 100% empirical,Germany
2011,DNK,A,-0.1848501441576692,-0.13699813216131296,0.11293086641059302,-0.0172234121763456,0.026558167698894186,1.1181713955560044,True,JST/JKKST empirical 1890-2020; inflation 100% empirical,Denmark
2011,ESP,A,-0.11596381356303842,-0.13826197605164714,0.06018701859288522,-0.02111333000480886,0.03196317909797286,0.7696219821948624,True,JST/JKKST empirical 1900-2020; inflation 100% empirical,Spain
2011,FIN,A,-0.2936907851938759,-0.12755002660972803,0.07706132425798717,-0.026621938443143978,0.03323864887479622,0.8437395034403111,True,JST/JKKST empirical 1896-2020; inflation 100% empirical,Finland
2011,FRA,A,-0.15180056486499305,-0.12609264595427072,-0.018508203396976675,-0.013889113861367708,0.021115979517499994,0.6186170875186698,True,JST/JKKST empirical 1890-2020; inflation 100% empirical,France
2011,GBR,A,-0.07553777685261986,-0.16986805346004452,0.13348353916845568,-0.03813471595395701,0.04463693294069393,0.6857241761890766,True,JST/JKKST empirical 1890-2020; inflation 100% empirical,United Kingdom
2011,ITA,A,-0.23562690884218063,-0.12795352056664966,-0.09153326201517986,-0.001456025901600766,0.02935710426796323,0.72816452216523,True,JST/JKKST empirical 1890-2020; inflation 100% empirical,Italy
2011,JPN,A,-0.04564209689661025,-0.1833338933963522,0.03712118818188892,0.0035115239001490828,-0.0027244569214672776,2.5272071184836826,True,JST/JKKST empirical 1890-2020; inflation 100% empirical,Japan
2011,NLD,A,-0.11470757837410517,-0.1318148662605717,0.10177084379698043,-0.010528448580809702,0.0246944429355207,0.9926835320007231,True,JST/JKKST empirical 1900-2020; inflation 100% empirical,Netherlands
2011,NOR,A,-0.13579953039300285,-0.1292567930262517,0.13820334489783814,0.01045428494800893,0.013009708737864,1.065608502738284,True,JST/JKKST empirical 1890-2020; inflation 100% empirical,Norway
2011,PRT,A,-0.23106435789073387,-0.133776456206948,-0.336926659540164,-0.020899822236116306,0.03554878572041531,0.6491836565901604,True,JST/JKKST empirical 1890-2020; inflation 100% empirical,Portugal
2011,SWE,A,-0.15910616078219564,-0.13570617128546403,0.1751124363613652,-0.009374559839348207,0.02616147947677039,0.8065921933223117,True,JST/JKKST empirical 1890-2020; inflation 100% empirical,Sweden
2011,USA,A,-0.008524362875906855,-0.17418996185518953,0.2150861120079719,-0.027619122872171498,0.031523096129837835,0.5993641304120314,True,JST/JKKST empirical 1890-2020; inflation 100% empirical,United States
2012,AUS,A,0.16869944618775135,0.13509670548655706,0.06117320779784796,0.019769447108749283,0.01686383085829335,0.6873174127349031,True,JST/JKKST empirical 1900-2020; inflation 100% empirical,Australia
2012,BEL,A,0.3545992687604045,0.11727168991245485,0.21140456203063174,-0.0243170589345012,0.026255515864677337,1.0942710317901119,True,JST/JKKST empirical 1890-2020; inflation 100% empirical,Belgium
2012,CHE,A,0.185440191656697,0.16063325848403798,0.04912548174426057,0.006777901510733875,-0.006930924382836268,1.8133440834710206,True,JST/JKKST empirical 1900-2020; inflation 100% empirical,Switzerland
2012,DEU,A,0.26541360675937087,0.12883199779941568,0.02436988082660907,-0.018556968525890838,0.02150605581885201,3.910527362496575,True,JST/JKKST empirical 1890-2020; inflation 100% empirical,Germany
2012,DNK,A,0.23728614440329054,0.13356751929910393,0.03669682449189304,-0.022218726988366688,0.02354268210652677,1.1212376913586453,True,JST/JKKST empirical 1890-2020; inflation 100% empirical,Denmark
2012,ESP,A,0.02504265122374072,0.14136679410053454,0.039438250797295904,-0.021233819232245543,0.024453050966173562,0.7757836527194892,True,JST/JKKST empirical 1900-2020; inflation 100% empirical,Spain
2012,FIN,A,0.10606142806638541,0.12756688791244164,0.07089245714982795,-0.028507353863816975,0.031615288714609946,0.8564406115867221,True,JST/JKKST empirical 1896-2020; inflation 100% empirical,Finland
2012,FRA,A,0.18061546517245675,0.1368223699234301,0.16633544933674127,-0.018683507605122607,0.019541953161352987,0.6205804833539514,True,JST/JKKST empirical 1890-2020; inflation 100% empirical,France
2012,GBR,A,0.09061084492234395,0.13139867607336186,0.009923314944111361,-0.024460615481551873,0.02828242099093714,0.6944270422323465,True,JST/JKKST empirical 1890-2020; inflation 100% empirical,United Kingdom
2012,ITA,A,0.09440051208134093,0.12656101467753156,0.20549343787249152,-0.013743361050415737,0.03314893929692331,0.7402246606043974,True,JST/JKKST empirical 1890-2020; inflation 100% empirical,Italy
2012,JPN,A,-0.0431063589666677,0.3442780074568821,0.036729327776792386,0.0013875337098454565,-0.0005609224057339102,2.1885587796648664,True,JST/JKKST empirical 1890-2020; inflation 100% empirical,Japan
2012,NLD,A,0.09490546998172533,0.13231043400525966,0.08264553024887755,-0.02184419884590294,0.028191861574673016,1.0042829262186876,True,JST/JKKST empirical 1900-2020; inflation 100% empirical,Netherlands
2012,NOR,A,0.14550618869318055,0.09045789315194153,0.054196781439470154,0.016788732601513034,0.007092198581560627,1.1136119158524278,True,JST/JKKST empirical 1890-2020; inflation 100% empirical,Norway
2012,PRT,A,0.04784027783281575,0.13595330101346526,0.7623716435862276,-0.021434218485436585,0.027761088897636288,0.6564941328478178,True,JST/JKKST empirical 1890-2020; inflation 100% empirical,Portugal
2012,SWE,A,0.1554830363892783,0.1059684404685215,0.015202403555508504,0.003709513255778507,0.00879120879120876,0.8314017631135365,True,JST/JKKST empirical 1890-2020; inflation 100% empirical,Sweden
2012,USA,A,0.14483198106288908,0.1611751704033617,0.010888617485761642,-0.017974333244686336,0.021180030257186067,0.5905931358937306,True,JST/JKKST empirical 1890-2020; inflation 100% empirical,United States
2013,AUS,A,0.16765477360734615,0.47818379643686715,-0.07205687193334964,0.0025591783513481126,0.024752475247524774,0.5910048676754799,True,JST/JKKST empirical 1900-2020; inflation 100% empirical,Australia
2013,BEL,A,0.174935343125306,0.20538209365223192,-0.011248682594709902,-0.011831993545675767,0.012479652740097658,1.1405348636144916,True,JST/JKKST empirical 1890-2020; inflation 100% empirical,Belgium
2013,CHE,A,0.24869475493408055,0.24094872532634204,-0.03838257704077541,0.0022614012313086906,-0.002156524466750409,1.8322267814621083,True,JST/JKKST empirical 1900-2020; inflation 100% empirical,Switzerland
2013,DEU,A,0.24752368750090925,0.1961192309834694,-0.020509613148110617,-0.014851692323184396,0.015980699439128943,4.089951380792812,True,JST/JKKST empirical 1890-2020; inflation 100% empirical,Germany
2013,DNK,A,0.29968654452480514,0.20598739455785853,-0.07201925254569508,-0.005429714818386389,0.0052270797104378985,1.1605753956522868,True,JST/JKKST empirical 1890-2020; inflation 100% empirical,Denmark
2013,ESP,A,0.28076142270357085,0.19629313908443846,0.14291875657633057,-0.012419732674539774,0.014086348006193461,0.8098655374216578,True,JST/JKKST empirical 1900-2020; inflation 100% empirical,Spain
2013,FIN,A,0.293769370921209,0.18530757999514003,-0.050174086780576665,-0.019621814518069547,0.022155886545334402,0.90118041659377,True,JST/JKKST empirical 1896-2020; inflation 100% empirical,Finland
2013,FRA,A,0.211707301589934,0.20782104754983077,-0.046949411000716146,-0.008136214565527933,0.008637154978613282,0.6443627614621358,True,JST/JKKST empirical 1890-2020; inflation 100% empirical,France
2013,GBR,A,0.17523965048826007,0.19088175473728497,-0.08474538073771742,-0.022062138793991326,0.02564798821532066,0.7320435130337001,True,JST/JKKST empirical 1890-2020; inflation 100% empirical,United Kingdom
2013,ITA,A,0.21332852823526105,0.20286518574983203,0.07511838722545994,-0.0038456616447039016,0.012446024892049934,0.771494417156786,True,JST/JKKST empirical 1890-2020; inflation 100% empirical,Italy
2013,JPN,A,0.7157964872221896,0.5328168410757392,0.013467908160243791,-0.0026706233233149135,0.003429782988276564,1.7777143715541657,True,JST/JKKST empirical 1890-2020; inflation 100% empirical,Japan
2013,NLD,A,0.15592832580919724,0.19028566145641967,-0.053768210810442474,-0.022764104823968845,0.02555245058106559,1.060257405722083,True,JST/JKKST empirical 1900-2020; inflation 100% empirical,Netherlands
2013,NOR,A,0.21012432156793714,0.37130516189654816,-0.06826125958985074,0.0012561319055031106,0.021317091739626592,1.026181462263137,True,JST/JKKST empirical 1890-2020; inflation 100% empirical,Norway
2013,PRT,A,0.15095424214787156,0.21731459852522228,0.11743228669517247,-0.002178125820470167,0.004394363925900535,0.6787853722157333,True,JST/JKKST empirical 1890-2020; inflation 100% empirical,Portugal
2013,SWE,A,0.2782070112155639,0.25705734467484076,-0.0728362425252368,0.009689952168084215,-0.0004357298474944038,0.8287463938603367,True,JST/JKKST empirical 1890-2020; inflation 100% empirical,Sweden
2013,USA,A,0.27672151601227535,0.2535939339186106,-0.1450856838130603,-0.01254562078975141,0.014814814814814836,0.5902734828438146,True,JST/JKKST empirical 1890-2020; inflation 100% empirical,United States
2014,AUS,A,0.03046236722614859,0.007718461901573992,0.15566206510803648,0.00011784151361537987,0.024879227053140163,0.625701238787171,True,JST/JKKST empirical 1900-2020; inflation 100% empirical,Australia
2014,BEL,A,0.17355102024730384,0.07551016580195347,0.15121624314044801,-0.004382550311937572,0.004904042548888654,1.1265594124725233,True,JST/JKKST empirical 1890-2020; inflation 100% empirical,Belgium
2014,CHE,A,0.13014470867723027,0.05722399651569954,0.09719694265338119,-0.01988446076489092,-0.00011788282447233733,1.8436200175974853,True,JST/JKKST empirical 1900-2020; inflation 100% empirical,Switzerland
2014,DEU,A,0.023074864370285164,0.08234969240385048,0.06282832827392792,-0.006674146350783339,0.007692151569888894,4.05104402901632,True,JST/JKKST empirical 1890-2020; inflation 100% empirical,Germany
2014,DNK,A,0.19348170752589255,0.07071703729806411,0.13944714797734914,-0.0028689835570375744,0.0035202413879809047,1.149806964850101,True,JST/JKKST empirical 1890-2020; inflation 100% empirical,Denmark
2014,ESP,A,0.09249287297911302,0.0883219897028511,0.2929454781190888,0.0026610647976181845,-0.0015070544026809518,0.7948384384524672,True,JST/JKKST empirical 1900-2020; inflation 100% empirical,Spain
2014,FIN,A,0.09419253447840581,0.0726022945446807,0.15867987743466627,-0.00987717109583075,0.012095918511706882,0.8965083955824302,True,JST/JKKST empirical 1896-2020; inflation 100% empirical,Finland
2014,FRA,A,0.021895237180680427,0.08542133508686822,0.31714183640093885,-0.00448191427007838,0.00507758822938098,0.6365770318791321,True,JST/JKKST empirical 1890-2020; inflation 100% empirical,France
2014,GBR,A,-0.0026177932777952106,-0.0050699384255191715,0.13931820518883176,-0.010654646295390924,0.014610314088341791,0.7859678990714913,True,JST/JKKST empirical 1890-2020; inflation 100% empirical,United Kingdom
2014,ITA,A,0.03224890878478481,0.0878837526268923,0.19313381574780553,0.0018983775315652984,0.002338183642749625,0.7600952255066731,True,JST/JKKST empirical 1890-2020; inflation 100% empirical,Italy
2014,JPN,A,0.07419154875916756,0.06634692253660468,0.025372864962070363,-0.026210833142557677,0.027613779959811957,1.7802917804416325,True,JST/JKKST empirical 1890-2020; inflation 100% empirical,Japan
2014,NLD,A,0.09274793535292924,0.08284818276299566,0.1775475803487947,-0.0011046046737894777,0.0032074807701976127,1.0454975477815678,True,JST/JKKST empirical 1900-2020; inflation 100% empirical,Netherlands
2014,NOR,A,0.028688883733256842,0.15398603370717012,0.1364958643862464,0.0010282140305921672,0.02025096285252803,0.9565511211428057,True,JST/JKKST empirical 1890-2020; inflation 100% empirical,Norway
2014,PRT,A,-0.2099507989422258,0.10858778816144743,0.3455022532854002,0.0037007584679265015,-0.0015955205009331452,0.6661314485964132,True,JST/JKKST empirical 1890-2020; inflation 100% empirical,Portugal
2014,SWE,A,0.15875779960353298,0.15417997685594087,0.19023037534613785,0.0059624090160377285,-0.0017436791630339732,0.7669513732003393,True,JST/JKKST empirical 1890-2020; inflation 100% empirical,Sweden
2014,USA,A,0.13888021709331655,-0.07223223835849557,0.22318280624942877,-0.015767298321260448,0.016934306569343027,0.6702061574378815,True,JST/JKKST empirical 1890-2020; inflation 100% empirical,United States
2015,AUS,A,0.010599755427700197,0.12062930422082152,0.007413149324253965,0.006152331431972025,0.014847984916332768,0.6156851128522598,True,JST/JKKST empirical 1900-2020; inflation 100% empirical,Australia
2015,BEL,A,0.09280145944260387,0.11740420724498657,0.016325925422021603,-0.008346509453246997,0.006198243160298933,1.1064254582526551,True,JST/JKKST empirical 1890-2020; inflation 100% empirical,Belgium
2015,CHE,A,0.03860873465389503,0.02039207807813148,0.054133132328461064,0.0014326889025313427,-0.011416332625953207,1.9778818235714835,True,JST/JKKST empirical 1900-2020; inflation 100% empirical,Switzerland
2015,DEU,A,0.1057812102468767,0.11583033805003895,-0.0016572431557086986,-0.007819429893725638,0.006797583081570968,3.981013337457954,True,JST/JKKST empirical 1890-2020; inflation 100% empirical,Germany
2015,DNK,A,0.33684453416615723,0.10643317733653412,-0.03112893421249463,-0.0035072480977687004,0.002255073916311634,1.1242528448063511,True,JST/JKKST empirical 1890-2020; inflation 100% empirical,Denmark
2015,ESP,A,-0.02712171533919916,0.1388004445321831,0.020980641195596617,0.0042676419640435,-0.005004617355298002,0.7719415751522888,True,JST/JKKST empirical 1900-2020; inflation 100% empirical,Spain
2015,FIN,A,0.15042961668133747,0.12280814718354138,0.0026723902097531838,0.0013669284995010411,-0.0015575701905028438,0.8736991121869268,True,JST/JKKST empirical 1896-2020; inflation 100% empirical,Finland
2015,FRA,A,0.1190262061979015,0.12258428013589384,-0.00023195374951945347,-0.0023650065539176923,0.00037514380512226886,0.6215819036280301,True,JST/JKKST empirical 1890-2020; inflation 100% empirical,France
2015,GBR,A,0.010593388351745059,0.06328843850529631,0.007272233813872431,0.00399740331166476,0.0004009937308258049,0.8126083973210887,True,JST/JKKST empirical 1890-2020; inflation 100% empirical,United Kingdom
2015,ITA,A,0.17466269948329982,0.118018770755973,0.0448648074154292,-0.0006039510592755759,0.0010912767938489054,0.7427218260670099,True,JST/JKKST empirical 1890-2020; inflation 100% empirical,Italy
2015,JPN,A,0.10291953493448269,-0.009270015425857037,0.009813889544674215,-0.007137548706772745,0.007922428738459164,1.9554797315148853,True,JST/JKKST empirical 1890-2020; inflation 100% empirical,Japan
2015,NLD,A,0.07876430602620665,0.12309451915971437,-0.003679562652925461,-0.0023833958468265637,0.0021949606109807895,1.0227270390411014,True,JST/JKKST empirical 1900-2020; inflation 100% empirical,Netherlands
2015,NOR,A,0.03686773692472478,0.17718665928868838,0.0032059294263477867,-0.007474023937348306,0.021736483195324396,0.8972030319739439,True,JST/JKKST empirical 1890-2020; inflation 100% empirical,Norway
2015,PRT,A,0.18005925924479982,0.11291646937656208,0.047987996638193975,-0.005248989994972919,0.005075631941303449,0.6534963798668634,True,JST/JKKST empirical 1890-2020; inflation 100% empirical,Portugal
2015,SWE,A,0.10239405717168548,0.09870634696672065,0.00472861021478832,-0.0024560580132614307,-0.0004366812227074579,0.7648484910202237,True,JST/JKKST empirical 1890-2020; inflation 100% empirical,Sweden
2015,USA,A,0.019273513583714763,0.004137334964990247,-0.02054440582480177,-0.0004219260497774213,0.0017226528854434875,0.7307799942388447,True,JST/JKKST empirical 1890-2020; inflation 100% empirical,United States
2016,AUS,A,0.105183627973235,0.0074951083719778655,0.0014016484387682215,0.007004655354276634,0.012772875058058464,0.6341912379998335,True,JST/JKKST empirical 1900-2020; inflation 100% empirical,Australia
2016,BEL,A,-0.04117143518052768,0.03668722555947945,0.031403159183214235,-0.0199834661144358,0.01770017700177018,1.1195570626461717,True,JST/JKKST empirical 1890-2020; inflation 100% empirical,Belgium
2016,CHE,A,-0.003572528438546163,0.04903420228010935,0.0019326410346778289,-0.004677326945151439,-0.0043429866232037595,1.9747061183246672,True,JST/JKKST empirical 1900-2020; inflation 100% empirical,Switzerland
2016,DEU,A,0.052850822490738913,0.04571436346609703,0.03675606919756036,-0.0063640665171897925,0.0037509377344335793,3.9730480777205743,True,JST/JKKST empirical 1890-2020; inflation 100% empirical,Germany
2016,DNK,A,-0.0607596722206688,0.05706313195455093,0.04708433644687693,-0.004569223232050557,0.00017000000000000348,1.1182208548417338,True,JST/JKKST empirical 1890-2020; inflation 100% empirical,Denmark
2016,ESP,A,0.024776081555448526,0.054045483768168756,0.057636943253613904,-7.426300000001884e-05,-0.0020258874484795353,0.7659632469019113,True,JST/JKKST empirical 1900-2020; inflation 100% empirical,Spain
2016,FIN,A,0.10221239355066936,0.04226901317739906,0.033797778061454675,-0.0065017083545009235,0.003889999999999949,0.8720718067736163,True,JST/JKKST empirical 1896-2020; inflation 100% empirical,Finland
2016,FRA,A,0.08740640584620829,0.04554658817931667,0.03338229510192936,-0.0050181485954886584,0.0018333486112471764,0.6191531264377119,True,JST/JKKST empirical 1890-2020; inflation 100% empirical,France
2016,GBR,A,0.14653668681702925,0.22138355991727043,0.06424486219300118,-0.004542694552691184,0.006596661169451679,0.6973073606381931,True,JST/JKKST empirical 1890-2020; inflation 100% empirical,United Kingdom
2016,ITA,A,-0.04582287470964852,0.057038668004525395,0.016834723447956,-0.0012005603249883867,-0.0005000400032003638,0.7380965773900598,True,JST/JKKST empirical 1890-2020; inflation 100% empirical,Italy
2016,JPN,A,0.006347258834403791,-0.014697338848131958,0.16399971451436524,0.0005606619678826252,-0.0011400228004559976,2.069344363322392,True,JST/JKKST empirical 1890-2020; inflation 100% empirical,Japan
2016,NLD,A,0.07631597014675351,0.04710487691903098,0.09848825178637255,-0.0037329704504360794,0.0011000770053903874,1.0179851827780126,True,JST/JKKST empirical 1900-2020; inflation 100% empirical,Netherlands
2016,NOR,A,0.14152520361337873,-0.05133277641949752,-0.03526141647229031,-0.026902877532225866,0.035456766581249965,0.9750389819798636,True,JST/JKKST empirical 1890-2020; inflation 100% empirical,Norway
2016,PRT,A,-0.006336574615801394,0.046767125718551794,-0.04146355712038041,-0.008940140705115396,0.006359999999999921,0.6538840989751796,True,JST/JKKST empirical 1890-2020; inflation 100% empirical,Portugal
2016,SWE,A,0.08602478690227855,0.08059614884619015,0.051032941897220185,-0.01622018170019468,0.009829619921362998,0.7387612714695584,True,JST/JKKST empirical 1890-2020; inflation 100% empirical,Sweden
2016,USA,A,0.02329518408190423,0.0024634904470077768,-0.010484216433944926,-0.00878438030560258,0.012897678417884695,0.76012122365303,True,JST/JKKST empirical 1890-2020; inflation 100% empirical,United States
2017,AUS,A,0.10123093459728394,0.14909428393230195,0.01585823002190967,-0.0024996852517983337,0.019949552854849673,0.6232870794189658,True,JST/JKKST empirical 1900-2020; inflation 100% empirical,Australia
2017,BEL,A,0.019323656362634,0.08769265091873701,0.00931310615335379,-0.024981705603029813,0.022246460120468825,1.1639679441785273,True,JST/JKKST empirical 1890-2020; inflation 100% empirical,Belgium
2017,CHE,A,0.1941350902377259,0.2037934216850903,6.700038122775531e-05,-0.01524886069162712,0.005330139242401444,1.848671765764244,True,JST/JKKST empirical 1900-2020; inflation 100% empirical,Switzerland
2017,DEU,A,0.14422222770181792,0.08520203087544242,-0.005629326716695804,-0.02005792126740291,0.01711011459890388,4.10989724859747,True,JST/JKKST empirical 1890-2020; inflation 100% empirical,Germany
2017,DNK,A,0.17477300907328308,0.09232964097868179,0.020911411574622063,-0.01482141775908985,0.01057820170571011,1.147681845907084,True,JST/JKKST empirical 1890-2020; inflation 100% empirical,Denmark
2017,ESP,A,0.07615049511160321,0.08694923510460018,0.012529310268261096,-0.022029110596728074,0.019560000000000022,0.7942548778288221,True,JST/JKKST empirical 1900-2020; inflation 100% empirical,Spain
2017,FIN,A,0.10065740941824552,0.0981418314056679,-0.027402151127060126,-0.011591000859412004,0.008397334369303344,0.894382114927164,True,JST/JKKST empirical 1896-2020; inflation 100% empirical,Finland
2017,FRA,A,0.17299141602279566,0.09108686033735314,0.025260813721206032,-0.013715247373614181,0.010322827506460408,0.6362054813379707,True,JST/JKKST empirical 1890-2020; inflation 100% empirical,France
2017,GBR,A,0.1107108057880124,0.11754784386697126,0.010164081644060241,-0.02227555988315466,0.026999999999999913,0.7030977146296616,True,JST/JKKST empirical 1890-2020; inflation 100% empirical,United Kingdom
2017,ITA,A,0.16446193079346538,0.08826869989355557,0.018034445082835138,-0.016439736538062744,0.013257689459886812,0.7606279331343748,True,JST/JKKST empirical 1890-2020; inflation 100% empirical,Italy
2017,JPN,A,0.21349962110085485,0.21201985133815504,-0.005724948253881368,-0.005455758731575444,0.004862286191922527,1.9230092195765573,True,JST/JKKST empirical 1890-2020; inflation 100% empirical,Japan
2017,NLD,A,0.1482876264952755,0.08965897057375316,-0.011154263091668115,-0.0160689424671856,0.012986623777509365,1.0487798577573486,True,JST/JKKST empirical 1900-2020; inflation 100% empirical,Netherlands
2017,NOR,A,0.16445753992218326,0.17927289674411861,0.0038553849118680983,-0.011094747177221254,0.01849999999999996,0.9320522762142672,True,JST/JKKST empirical 1890-2020; inflation 100% empirical,Norway
2017,PRT,A,-0.013566692898630883,0.09749295739820774,0.10489397229096165,-0.018563169761844245,0.01556103183751345,0.6753765467768937,True,JST/JKKST empirical 1890-2020; inflation 100% empirical,Portugal
2017,SWE,A,0.08885108580740786,0.12333155134050355,0.00023802044918985743,-0.0244644815129621,0.01795370971230792,0.7422011017075885,True,JST/JKKST empirical 1890-2020; inflation 100% empirical,Sweden
2017,USA,A,0.16790912951293757,0.2379287996382442,0.0035850013753302434,-0.011263157894736864,0.021505376344086002,0.6940914038524232,True,JST/JKKST empirical 1890-2020; inflation 100% empirical,United States
2018,AUS,A,-0.05556030175104276,-0.03652773946396182,0.010923315472260109,0.00014565152183521057,0.019334532374100544,0.5912199476099428,True,JST/JKKST empirical 1900-2020; inflation 100% empirical,Australia
2018,BEL,A,-0.2246175747843313,-0.08244163436931529,-0.020215965324976604,-0.025734380835611637,0.023108052252650557,1.16922297774621,True,JST/JKKST empirical 1890-2020; inflation 100% empirical,Belgium
2018,CHE,A,-0.09901794651750073,-0.11303902769072671,-0.0008436004163282496,-0.018668657545662937,0.009343080312437468,1.9005971365262084,True,JST/JKKST empirical 1900-2020; inflation 100% empirical,Switzerland
2018,DEU,A,-0.18428413652853093,-0.08155721363785196,0.0058602982069040355,-0.022142575181177016,0.01935003478107533,4.1132880628291195,True,JST/JKKST empirical 1890-2020; inflation 100% empirical,Germany
2018,DNK,A,-0.08598379260498523,-0.07365015699351385,0.013379137388134676,-0.011909261042125197,0.00709374227059123,1.1318051552056,True,JST/JKKST empirical 1890-2020; inflation 100% empirical,Denmark
2018,ESP,A,-0.12348368717264069,-0.08312509997501549,0.014851551201510382,,0.01675232453215103,0.7928844189048112,False,JST/JKKST empirical 1900-2020; inflation 100% empirical,Spain
2018,FIN,A,-0.03655880082138396,-0.08403596237919786,-0.016382015112923698,-0.014734836420446262,0.011686028133396587,0.8883900322244737,True,JST/JKKST empirical 1896-2020; inflation 100% empirical,Finland
2018,FRA,A,-0.09131802501783504,-0.08695083243600876,-0.008749488061015942,-0.02173487842338573,0.018508150831551218,0.6362044965880598,True,JST/JKKST empirical 1890-2020; inflation 100% empirical,France
2018,GBR,A,-0.11756097543530342,-0.07580307038337886,-0.0026046099459251515,-0.01756292682926819,0.02499999999999991,0.6963746638495754,True,JST/JKKST empirical 1890-2020; inflation 100% empirical,United Kingdom
2018,ITA,A,-0.1349462232394092,-0.07818993035483057,-0.005428240326449174,-0.01108490221897096,0.01242260558721009,0.7560820415182199,True,JST/JKKST empirical 1890-2020; inflation 100% empirical,Italy
2018,JPN,A,-0.1600079834714171,-0.13571034922972702,0.023367170011442173,-0.010338293288064904,0.009890544639324927,2.0344613655739123,True,JST/JKKST empirical 1890-2020; inflation 100% empirical,Japan
2018,NLD,A,-0.10686923734220732,-0.08348810061149203,0.005696624560870944,-0.01889575567376578,0.015976646482179113,1.046171493693019,True,JST/JKKST empirical 1900-2020; inflation 100% empirical,Netherlands
2018,NOR,A,-0.027116445016482582,-0.08973556495735857,-0.030956515436687093,-0.019818358741803377,0.027666666667000017,0.9306215133480475,True,JST/JKKST empirical 1890-2020; inflation 100% empirical,Norway
2018,PRT,A,-0.01218353595963706,-0.08564831988202626,0.005749201503725931,-0.014722110759707863,0.01167296139018803,0.670843068845281,True,JST/JKKST empirical 1890-2020; inflation 100% empirical,Portugal
2018,SWE,A,-0.05879999845660988,-0.04950435680566845,0.010159648615570394,-0.025901156315131235,0.019549511262218378,0.7131824473937189,True,JST/JKKST empirical 1890-2020; inflation 100% empirical,Sweden
2018,USA,A,0.11489757762495523,-0.15010621912891509,-0.04052685137803891,-0.005932125473228855,0.02437673130193918,0.7311955448999109,True,JST/JKKST empirical 1890-2020; inflation 100% empirical,United States
2019,AUS,A,0.21901095169116047,0.1956771822677028,0.08370897163203161,-0.002183272964169536,0.01565946184384659,0.5948993942450006,True,JST/JKKST empirical 1900-2020; inflation 100% empirical,Australia
2019,BEL,A,0.23339944902800602,0.2137303213612438,0.0770152399193953,-0.01585133558821905,0.012486259477437534,1.1592397456608456,True,JST/JKKST empirical 1890-2020; inflation 100% empirical,Belgium
2019,CHE,A,0.2943257164145894,0.17497044250563176,0.022823194843825778,-0.013562383226074282,0.003611361900131893,1.9362095146407405,True,JST/JKKST empirical 1900-2020; inflation 100% empirical,Switzerland
2019,DEU,A,0.2113073768045961,0.21386471306740673,0.04440027656198797,-0.01686772542437165,0.013532996289959742,4.0823835042960495,True,JST/JKKST empirical 1890-2020; inflation 100% empirical,Germany
2019,DNK,A,0.2877259415690918,0.22291404727645303,0.06171842378884196,-0.01268719339139579,0.007279550455831396,1.1111618975032689,True,JST/JKKST empirical 1890-2020; inflation 100% empirical,Denmark
2019,ESP,A,0.15422762720084848,0.22607706374309866,0.1100540148445508,-0.010520173581507586,0.006993749035344887,0.7818500017169947,True,JST/JKKST empirical 1900-2020; inflation 100% empirical,Spain
2019,FIN,A,0.19106295339315116,0.2179888590338226,0.018372538694351404,-0.014760758889350134,0.011365522628521196,0.8798296729978043,True,JST/JKKST empirical 1896-2020; inflation 100% empirical,Finland
2019,FRA,A,0.26962926053659086,0.21311420883440002,0.06563561494219705,-0.014835138080731336,0.011082549228827565,0.6298978591521378,True,JST/JKKST empirical 1890-2020; inflation 100% empirical,France
2019,GBR,A,0.16286836637729274,0.146040859156765,0.038508815416418374,-0.010709233791748485,0.018000000000000016,0.7312775908363635,True,JST/JKKST empirical 1890-2020; inflation 100% empirical,United Kingdom
2019,ITA,A,0.2736253064150149,0.2189638108767351,0.23641380152807479,-0.006896195783862358,0.006339917093391767,0.7450757105710382,True,JST/JKKST empirical 1890-2020; inflation 100% empirical,Italy
2019,JPN,A,0.17927993501610473,0.18299834425282158,0.04172725927332732,-0.005335900019996065,0.00468087671012718,2.0719935980720625,True,JST/JKKST empirical 1890-2020; inflation 100% empirical,Japan
2019,NLD,A,0.29912078480275195,0.19141455299793697,0.03773007280792107,-0.02947066347099303,0.02669436409171211,1.0517943737959292,True,JST/JKKST empirical 1900-2020; inflation 100% empirical,Netherlands
2019,NOR,A,0.1227795480952627,0.1981783269306363,0.001549574312033286,-0.01218497675556629,0.021749999999999936,0.9392924798138109,True,JST/JKKST empirical 1890-2020; inflation 100% empirical,Norway
2019,PRT,A,-0.0008716287428053304,0.2416077398166958,0.0552384354122768,-0.006541597656814946,0.002998210745200458,0.6588823570052154,True,JST/JKKST empirical 1890-2020; inflation 100% empirical,Portugal
2019,SWE,A,0.3149309923886079,0.2255041772393882,0.03901666034254059,-0.021742420966421094,0.01792413505627355,0.6978264596384677,True,JST/JKKST empirical 1890-2020; inflation 100% empirical,Sweden
2019,USA,A,0.0623882794166466,0.19365006224924164,0.09876037030264362,0.003420132802124831,0.018117901568415418,0.7430011068361614,True,JST/JKKST empirical 1890-2020; inflation 100% empirical,United States
2020,AUS,A,0.039941022930297,0.026891531059505258,0.0009120041211834184,-0.00628044877313827,0.008903365906623328,0.6087107789920676,True,JST/JKKST empirical 1900-2020; inflation 100% empirical,Australia
2020,BEL,A,-0.10692040613959508,0.048823416171793976,0.03992355864577357,-0.008493453870106249,0.004277787057142213,1.1731597916508893,True,JST/JKKST empirical 1890-2020; inflation 100% empirical,Belgium
2020,CHE,A,0.04760144498330665,0.04408860916200874,-0.001793090699146016,-0.0012530446212520863,-0.0072560475300770255,1.9496673128525828,True,JST/JKKST empirical 1900-2020; inflation 100% empirical,Switzerland
2020,DEU,A,0.07191526378435054,0.037519847776903426,0.02825774140798898,-0.00793988586761396,0.0037174016121384046,4.129099078849639,True,JST/JKKST empirical 1890-2020; inflation 100% empirical,Germany
2020,DNK,A,0.30135930518072707,0.012819667097470289,0.01396197202265781,-0.00481943620899139,0.0033355114938604657,1.1334888910699434,True,JST/JKKST empirical 1890-2020; inflation 100% empirical,Denmark
2020,ESP,A,-0.09517895676352006,0.056387070305315534,0.054234930606162024,-0.00037289432206988327,-0.0032283094962112235,0.7853245721191009,True,JST/JKKST empirical 1900-2020; inflation 100% empirical,Spain
2020,FIN,A,0.1766899530467363,0.030407356828281662,-0.005248314019651423,-0.008053953873970898,0.0038328232556792408,0.8900000823642616,True,JST/JKKST empirical 1896-2020; inflation 100% empirical,Finland
2020,FRA,A,-0.013102554704891745,0.04203145799026298,0.034371487207966345,-0.009681854601154671,0.004764988527251601,0.6377708649917767,True,JST/JKKST empirical 1890-2020; inflation 100% empirical,France
2020,GBR,A,-0.1024777042145062,0.11837013759951831,0.0480914741193339,-0.008529236868186185,0.008999999999999897,0.6961887094936933,True,JST/JKKST empirical 1890-2020; inflation 100% empirical,United Kingdom
2020,ITA,A,-0.040404901496055357,0.05075101705347085,0.12724116366484073,-0.0005469546226644084,-0.001453840562151698,0.7497191449291185,True,JST/JKKST empirical 1890-2020; inflation 100% empirical,Italy
2020,JPN,A,0.0785911606181513,0.08308714496460867,0.004715779984178159,-6.0070204914386416e-05,-0.0002699460107978835,2.0122156843252568,True,JST/JKKST empirical 1890-2020; inflation 100% empirical,Japan
2020,NLD,A,0.1504540820936744,0.024114846535866707,0.026612133204299893,-0.015247693162161458,0.011165948112850765,1.071724920160654,True,JST/JKKST empirical 1900-2020; inflation 100% empirical,Netherlands
2020,NOR,A,0.02157492059096966,0.09825685621850222,0.02691178011676465,-0.006665020982473457,0.012750000000000039,0.9033022566741907,True,JST/JKKST empirical 1890-2020; inflation 100% empirical,Norway
2020,PRT,A,0.0025090219954466697,0.04762350668535298,-0.0007512637644807585,-0.003040709603297942,-0.00121498481268989,0.6631472094163202,True,JST/JKKST empirical 1890-2020; inflation 100% empirical,Portugal
2020,SWE,A,0.15990024630189814,-0.013412727417538406,0.01296477802188889,-0.006233374083129517,0.004914004914004844,0.7357097020992078,True,JST/JKKST empirical 1890-2020; inflation 100% empirical,Sweden
2020,USA,A,0.1114791177744816,0.12676347321696602,0.10486387243887241,-0.008576337880377816,0.012483399734395828,0.6940038591996721,True,JST/JKKST empirical 1890-2020; inflation 100% empirical,United States
